Timestamp,Agent,Episode,Score,Steps,Memory
2025-12-18 16:46:18,QUANTUM,1,140,21,True
2025-12-18 16:46:24,QUANTUM,2,110,12,True
2025-12-18 16:46:32,QUANTUM,3,60,14,True
2025-12-18 16:46:45,QUANTUM,4,170,22,True
2025-12-18 16:48:50,QUANTUM,5,150,39,True
2025-12-18 16:50:30,QUANTUM,1,140,21,True
2025-12-18 16:50:33,QUANTUM,2,110,12,True
2025-12-18 16:50:37,QUANTUM,3,60,14,True
2025-12-18 16:50:43,QUANTUM,4,170,22,True
2025-12-18 16:52:12,QUANTUM,5,150,39,True
2025-12-18 16:53:43,QUANTUM,1,70,9,True
2025-12-18 16:53:43,QUANTUM,2,190,23,True
2025-12-18 16:53:43,QUANTUM,3,60,14,True
2025-12-18 16:53:43,QUANTUM,4,170,22,True
2025-12-18 16:53:43,QUANTUM,5,300,112,True
2025-12-18 16:53:43,QUANTUM,6,330,51,True
2025-12-18 16:53:44,QUANTUM,7,420,59,True
2025-12-18 16:53:44,QUANTUM,8,120,25,True
2025-12-18 16:53:44,QUANTUM,9,100,14,True
2025-12-18 16:53:44,QUANTUM,10,330,42,True
2025-12-18 16:53:44,QUANTUM,11,40,8,True
2025-12-18 16:53:44,QUANTUM,12,110,21,True
2025-12-18 16:53:44,QUANTUM,13,190,27,True
2025-12-18 16:53:44,QUANTUM,14,190,26,True
2025-12-18 16:53:44,QUANTUM,15,70,10,True
2025-12-18 16:53:44,QUANTUM,16,100,12,True
2025-12-18 16:53:44,QUANTUM,17,30,6,True
2025-12-18 16:53:45,QUANTUM,18,860,200,True
2025-12-18 16:53:45,QUANTUM,19,60,9,True
2025-12-18 16:53:45,QUANTUM,20,280,30,True
2025-12-18 16:53:45,QUANTUM,21,190,24,True
2025-12-18 16:53:45,QUANTUM,22,120,17,True
2025-12-18 16:53:45,QUANTUM,23,270,47,True
2025-12-18 16:53:45,QUANTUM,24,50,12,True
2025-12-18 16:53:45,QUANTUM,25,690,55,True
2025-12-18 16:53:46,QUANTUM,26,50,6,True
2025-12-18 16:53:46,QUANTUM,27,600,77,True
2025-12-18 16:53:46,QUANTUM,28,120,30,True
2025-12-18 16:53:46,QUANTUM,29,90,10,True
2025-12-18 16:53:47,QUANTUM,30,680,200,True
2025-12-18 16:53:47,QUANTUM,31,100,15,True
2025-12-18 16:53:47,QUANTUM,32,90,19,True
2025-12-18 16:53:47,QUANTUM,33,110,15,True
2025-12-18 16:53:47,QUANTUM,34,50,8,True
2025-12-18 16:53:47,QUANTUM,35,130,20,True
2025-12-18 16:53:47,QUANTUM,36,300,34,True
2025-12-18 16:53:47,QUANTUM,37,100,18,True
2025-12-18 16:53:47,QUANTUM,6,270,43,True
2025-12-18 16:53:48,QUANTUM,38,760,200,True
2025-12-18 16:53:48,QUANTUM,39,150,27,True
2025-12-18 16:53:48,QUANTUM,40,40,5,True
2025-12-18 16:53:48,QUANTUM,41,120,16,True
2025-12-18 16:53:48,QUANTUM,42,90,12,True
2025-12-18 16:53:49,QUANTUM,43,710,200,True
2025-12-18 16:53:49,QUANTUM,44,90,13,True
2025-12-18 16:53:49,QUANTUM,45,60,13,True
2025-12-18 16:53:49,QUANTUM,46,90,20,True
2025-12-18 16:53:49,QUANTUM,47,50,8,True
2025-12-18 16:53:49,QUANTUM,48,70,22,True
2025-12-18 16:53:49,QUANTUM,49,100,14,True
2025-12-18 16:53:49,QUANTUM,50,90,13,True
2025-12-18 16:53:49,QUANTUM,51,60,13,True
2025-12-18 16:53:49,QUANTUM,52,810,76,True
2025-12-18 16:53:50,QUANTUM,53,360,43,True
2025-12-18 16:53:50,QUANTUM,54,70,81,True
2025-12-18 16:53:50,QUANTUM,55,290,35,True
2025-12-18 16:53:51,QUANTUM,56,340,45,True
2025-12-18 16:53:51,QUANTUM,57,100,16,True
2025-12-18 16:53:52,QUANTUM,58,810,200,True
2025-12-18 16:53:52,QUANTUM,59,120,34,True
2025-12-18 16:53:52,QUANTUM,60,70,11,True
2025-12-18 16:53:52,QUANTUM,61,30,7,True
2025-12-18 16:53:52,QUANTUM,62,360,60,True
2025-12-18 16:53:52,QUANTUM,63,150,21,True
2025-12-18 16:53:52,QUANTUM,64,40,6,True
2025-12-18 16:53:53,QUANTUM,65,10,11,True
2025-12-18 16:53:53,QUANTUM,66,660,76,True
2025-12-18 16:53:53,QUANTUM,67,40,5,True
2025-12-18 16:53:53,QUANTUM,68,50,12,True
2025-12-18 16:53:53,QUANTUM,69,120,19,True
2025-12-18 16:53:54,QUANTUM,70,890,200,True
2025-12-18 16:53:54,QUANTUM,71,30,6,True
2025-12-18 16:53:54,QUANTUM,72,80,14,True
2025-12-18 16:53:54,QUANTUM,73,100,12,True
2025-12-18 16:53:54,QUANTUM,74,40,9,True
2025-12-18 16:53:54,QUANTUM,75,30,8,True
2025-12-18 16:53:54,QUANTUM,76,360,65,True
2025-12-18 16:53:54,QUANTUM,77,80,19,True
2025-12-18 16:53:54,QUANTUM,78,210,28,True
2025-12-18 16:53:55,QUANTUM,79,80,11,True
2025-12-18 16:53:55,QUANTUM,80,530,56,True
2025-12-18 16:53:55,QUANTUM,81,160,21,True
2025-12-18 16:53:56,QUANTUM,82,700,200,True
2025-12-18 16:53:56,QUANTUM,83,700,102,True
2025-12-18 16:53:56,QUANTUM,84,60,14,True
2025-12-18 16:53:56,QUANTUM,85,110,15,True
2025-12-18 16:53:56,QUANTUM,86,60,15,True
2025-12-18 16:53:56,QUANTUM,87,190,35,True
2025-12-18 16:53:58,QUANTUM,88,70,200,True
2025-12-18 16:53:58,QUANTUM,89,110,41,True
2025-12-18 16:53:58,QUANTUM,90,640,60,True
2025-12-18 16:53:58,QUANTUM,91,70,37,True
2025-12-18 16:53:59,QUANTUM,92,470,81,True
2025-12-18 16:53:59,QUANTUM,93,40,5,True
2025-12-18 16:53:59,QUANTUM,94,80,9,True
2025-12-18 16:53:59,QUANTUM,95,170,20,True
2025-12-18 16:53:59,QUANTUM,96,590,100,True
2025-12-18 16:53:59,QUANTUM,97,150,17,True
2025-12-18 16:53:59,QUANTUM,98,400,200,True
2025-12-18 16:54:00,QUANTUM,99,530,41,True
2025-12-18 16:54:00,QUANTUM,100,280,94,True
2025-12-18 16:54:00,PHYSICS,1,70,9,True
2025-12-18 16:54:00,PHYSICS,2,110,12,True
2025-12-18 16:54:01,PHYSICS,3,220,175,True
2025-12-18 16:54:02,PHYSICS,4,50,14,True
2025-12-18 16:54:02,PHYSICS,5,270,37,True
2025-12-18 16:54:02,PHYSICS,6,550,80,True
2025-12-18 16:54:04,PHYSICS,7,630,200,True
2025-12-18 16:54:04,PHYSICS,8,200,28,True
2025-12-18 16:54:04,PHYSICS,9,70,11,True
2025-12-18 16:54:04,PHYSICS,10,130,19,True
2025-12-18 16:54:05,PHYSICS,11,680,200,True
2025-12-18 16:54:05,PHYSICS,12,70,8,True
2025-12-18 16:54:06,PHYSICS,13,150,38,True
2025-12-18 16:54:06,PHYSICS,14,100,16,True
2025-12-18 16:54:07,PHYSICS,15,370,200,True
2025-12-18 16:54:07,PHYSICS,16,130,18,True
2025-12-18 16:54:07,PHYSICS,17,50,12,True
2025-12-18 16:54:08,PHYSICS,18,720,200,True
2025-12-18 16:54:08,PHYSICS,19,30,8,True
2025-12-18 16:54:09,PHYSICS,20,190,26,True
2025-12-18 16:54:09,PHYSICS,21,150,20,True
2025-12-18 16:54:09,PHYSICS,22,80,10,True
2025-12-18 16:54:09,PHYSICS,23,120,15,True
2025-12-18 16:54:10,PHYSICS,24,1010,200,True
2025-12-18 16:54:10,PHYSICS,25,480,52,True
2025-12-18 16:54:10,PHYSICS,26,50,6,True
2025-12-18 16:54:10,PHYSICS,27,280,33,True
2025-12-18 16:54:11,PHYSICS,28,120,19,True
2025-12-18 16:54:11,PHYSICS,29,70,12,True
2025-12-18 16:54:12,PHYSICS,30,690,200,True
2025-12-18 16:54:12,PHYSICS,31,50,7,True
2025-12-18 16:54:12,PHYSICS,32,150,25,True
2025-12-18 16:54:12,PHYSICS,33,10,8,True
2025-12-18 16:54:14,PHYSICS,34,770,200,True
2025-12-18 16:54:14,PHYSICS,35,120,22,True
2025-12-18 16:54:14,PHYSICS,36,60,7,True
2025-12-18 16:54:14,PHYSICS,37,110,17,True
2025-12-18 16:54:15,PHYSICS,38,760,200,True
2025-12-18 16:54:16,PHYSICS,39,30,135,True
2025-12-18 16:54:16,PHYSICS,40,40,6,True
2025-12-18 16:54:17,PHYSICS,41,170,25,True
2025-12-18 16:54:17,PHYSICS,42,90,12,True
2025-12-18 16:54:17,PHYSICS,43,60,13,True
2025-12-18 16:54:17,PHYSICS,44,100,14,True
2025-12-18 16:54:17,PHYSICS,45,100,12,True
2025-12-18 16:54:17,PHYSICS,46,50,9,True
2025-12-18 16:54:17,PHYSICS,47,40,7,True
2025-12-18 16:54:17,PHYSICS,48,70,24,True
2025-12-18 16:54:17,PHYSICS,49,70,9,True
2025-12-18 16:54:17,PHYSICS,50,90,13,True
2025-12-18 16:54:17,PHYSICS,51,80,16,True
2025-12-18 16:54:18,PHYSICS,52,740,138,True
2025-12-18 16:54:18,PHYSICS,53,120,14,True
2025-12-18 16:54:19,PHYSICS,54,110,19,True
2025-12-18 16:54:19,PHYSICS,55,20,8,True
2025-12-18 16:54:19,PHYSICS,56,420,47,True
2025-12-18 16:54:19,PHYSICS,57,320,41,True
2025-12-18 16:54:21,PHYSICS,58,830,200,True
2025-12-18 16:54:22,PHYSICS,59,100,135,True
2025-12-18 16:54:22,PHYSICS,60,160,26,True
2025-12-18 16:54:22,PHYSICS,61,130,18,True
2025-12-18 16:54:22,PHYSICS,62,100,25,True
2025-12-18 16:54:22,PHYSICS,63,380,57,True
2025-12-18 16:54:23,PHYSICS,64,110,17,True
2025-12-18 16:54:23,PHYSICS,65,120,23,True
2025-12-18 16:54:23,PHYSICS,66,470,84,True
2025-12-18 16:54:23,PHYSICS,67,100,14,True
2025-12-18 16:54:23,PHYSICS,68,130,19,True
2025-12-18 16:54:24,PHYSICS,69,30,11,True
2025-12-18 16:54:24,PHYSICS,70,300,34,True
2025-12-18 16:54:24,PHYSICS,71,350,108,True
2025-12-18 16:54:25,PHYSICS,72,70,16,True
2025-12-18 16:54:25,PHYSICS,73,130,15,True
2025-12-18 16:54:25,PHYSICS,74,180,25,True
2025-12-18 16:54:25,PHYSICS,75,70,12,True
2025-12-18 16:54:25,PHYSICS,76,150,38,True
2025-12-18 16:54:25,PHYSICS,77,60,10,True
2025-12-18 16:54:26,PHYSICS,78,210,28,True
2025-12-18 16:54:26,PHYSICS,79,310,52,True
2025-12-18 16:54:26,PHYSICS,80,580,57,True
2025-12-18 16:54:27,PHYSICS,81,90,15,True
2025-12-18 16:54:28,PHYSICS,82,570,200,True
2025-12-18 16:54:28,PHYSICS,83,50,10,True
2025-12-18 16:54:28,PHYSICS,84,200,32,True
2025-12-18 16:54:29,PHYSICS,85,240,41,True
2025-12-18 16:54:29,PHYSICS,86,280,42,True
2025-12-18 16:54:29,PHYSICS,87,100,12,True
2025-12-18 16:54:30,PHYSICS,88,800,200,True
2025-12-18 16:54:31,PHYSICS,89,200,29,True
2025-12-18 16:54:31,PHYSICS,90,640,60,True
2025-12-18 16:54:31,PHYSICS,91,110,13,True
2025-12-18 16:54:32,PHYSICS,92,120,200,True
2025-12-18 16:54:32,PHYSICS,93,60,9,True
2025-12-18 16:54:32,PHYSICS,94,60,9,True
2025-12-18 16:54:32,PHYSICS,95,50,8,True
2025-12-18 16:54:33,PHYSICS,96,80,12,True
2025-12-18 16:54:33,PHYSICS,97,120,21,True
2025-12-18 16:54:33,PHYSICS,98,670,56,True
2025-12-18 16:54:35,PHYSICS,99,960,200,True
2025-12-18 16:54:35,PHYSICS,100,40,8,True
2025-12-18 16:54:35,RELATIVITY,1,70,9,True
2025-12-18 16:54:35,RELATIVITY,2,190,23,True
2025-12-18 16:54:35,RELATIVITY,3,60,14,True
2025-12-18 16:54:35,RELATIVITY,4,170,22,True
2025-12-18 16:54:35,RELATIVITY,5,270,38,True
2025-12-18 16:54:35,RELATIVITY,6,660,63,True
2025-12-18 16:54:36,RELATIVITY,7,630,200,True
2025-12-18 16:54:36,RELATIVITY,8,200,30,True
2025-12-18 16:54:36,RELATIVITY,9,100,14,True
2025-12-18 16:54:36,RELATIVITY,10,520,41,True
2025-12-18 16:54:36,RELATIVITY,11,940,200,True
2025-12-18 16:54:37,RELATIVITY,12,110,21,True
2025-12-18 16:54:37,RELATIVITY,13,90,14,True
2025-12-18 16:54:37,RELATIVITY,14,190,26,True
2025-12-18 16:54:37,RELATIVITY,15,70,10,True
2025-12-18 16:54:37,RELATIVITY,16,100,12,True
2025-12-18 16:54:37,RELATIVITY,17,30,6,True
2025-12-18 16:54:37,RELATIVITY,18,950,200,True
2025-12-18 16:54:37,RELATIVITY,19,60,9,True
2025-12-18 16:54:37,RELATIVITY,20,190,26,True
2025-12-18 16:54:37,RELATIVITY,21,230,29,True
2025-12-18 16:54:37,RELATIVITY,22,80,18,True
2025-12-18 16:54:38,RELATIVITY,23,150,108,True
2025-12-18 16:54:38,RELATIVITY,24,50,12,True
2025-12-18 16:54:38,RELATIVITY,25,310,77,True
2025-12-18 16:54:38,RELATIVITY,26,50,6,True
2025-12-18 16:54:38,RELATIVITY,27,70,11,True
2025-12-18 16:54:39,RELATIVITY,28,160,27,True
2025-12-18 16:54:39,RELATIVITY,29,50,6,True
2025-12-18 16:54:39,RELATIVITY,30,280,58,True
2025-12-18 16:54:39,RELATIVITY,31,60,8,True
2025-12-18 16:54:39,RELATIVITY,32,90,19,True
2025-12-18 16:54:39,RELATIVITY,33,110,15,True
2025-12-18 16:54:40,RELATIVITY,34,810,200,True
2025-12-18 16:54:40,RELATIVITY,35,130,20,True
2025-12-18 16:54:40,RELATIVITY,36,140,19,True
2025-12-18 16:54:40,RELATIVITY,37,50,9,True
2025-12-18 16:54:41,RELATIVITY,38,760,200,True
2025-12-18 16:54:42,RELATIVITY,39,30,135,True
2025-12-18 16:54:42,RELATIVITY,40,10,7,True
2025-12-18 16:54:42,RELATIVITY,41,210,25,True
2025-12-18 16:54:42,RELATIVITY,42,90,12,True
2025-12-18 16:54:42,RELATIVITY,43,120,25,True
2025-12-18 16:54:42,RELATIVITY,44,90,13,True
2025-12-18 16:54:42,RELATIVITY,45,60,13,True
2025-12-18 16:54:42,RELATIVITY,46,580,43,True
2025-12-18 16:54:42,RELATIVITY,47,60,7,True
2025-12-18 16:54:42,RELATIVITY,48,330,50,True
2025-12-18 16:54:43,RELATIVITY,49,70,9,True
2025-12-18 16:54:43,RELATIVITY,50,90,13,True
2025-12-18 16:54:43,RELATIVITY,51,80,16,True
2025-12-18 16:54:43,RELATIVITY,52,810,76,True
2025-12-18 16:54:43,RELATIVITY,53,290,42,True
2025-12-18 16:54:43,RELATIVITY,54,100,49,True
2025-12-18 16:54:43,RELATIVITY,55,310,34,True
2025-12-18 16:54:44,RELATIVITY,56,570,200,True
2025-12-18 16:54:44,RELATIVITY,57,100,16,True
2025-12-18 16:54:45,RELATIVITY,58,880,200,True
2025-12-18 16:54:45,RELATIVITY,59,120,34,True
2025-12-18 16:54:45,RELATIVITY,60,50,14,True
2025-12-18 16:54:45,RELATIVITY,61,130,18,True
2025-12-18 16:54:45,RELATIVITY,62,120,18,True
2025-12-18 16:54:45,RELATIVITY,63,150,21,True
2025-12-18 16:54:45,RELATIVITY,64,40,6,True
2025-12-18 16:54:45,RELATIVITY,65,10,11,True
2025-12-18 16:54:45,RELATIVITY,66,260,47,True
2025-12-18 16:54:45,RELATIVITY,67,130,17,True
2025-12-18 16:54:45,RELATIVITY,68,150,33,True
2025-12-18 16:54:45,RELATIVITY,69,120,19,True
2025-12-18 16:54:47,RELATIVITY,70,890,200,True
2025-12-18 16:54:47,RELATIVITY,71,30,6,True
2025-12-18 16:54:47,RELATIVITY,72,80,18,True
2025-12-18 16:54:47,RELATIVITY,73,30,13,True
2025-12-18 16:54:47,RELATIVITY,74,180,25,True
2025-12-18 16:54:47,RELATIVITY,75,300,45,True
2025-12-18 16:54:47,RELATIVITY,76,360,65,True
2025-12-18 16:54:47,RELATIVITY,77,110,26,True
2025-12-18 16:54:47,RELATIVITY,78,210,28,True
2025-12-18 16:54:47,RELATIVITY,79,80,11,True
2025-12-18 16:54:47,RELATIVITY,80,580,57,True
2025-12-18 16:54:47,RELATIVITY,81,90,12,True
2025-12-18 16:54:49,RELATIVITY,82,700,200,True
2025-12-18 16:54:49,RELATIVITY,83,60,12,True
2025-12-18 16:54:49,RELATIVITY,84,210,28,True
2025-12-18 16:54:49,RELATIVITY,85,110,15,True
2025-12-18 16:54:49,RELATIVITY,86,290,43,True
2025-12-18 16:54:49,RELATIVITY,87,110,20,True
2025-12-18 16:54:50,RELATIVITY,88,70,200,True
2025-12-18 16:54:50,RELATIVITY,89,100,21,True
2025-12-18 16:54:50,RELATIVITY,90,640,60,True
2025-12-18 16:54:50,RELATIVITY,91,70,37,True
2025-12-18 16:54:51,RELATIVITY,92,470,81,True
2025-12-18 16:54:51,RELATIVITY,93,40,5,True
2025-12-18 16:54:51,RELATIVITY,94,80,9,True
2025-12-18 16:54:51,RELATIVITY,95,50,8,True
2025-12-18 16:54:51,RELATIVITY,96,590,100,True
2025-12-18 16:54:51,RELATIVITY,97,160,24,True
2025-12-18 16:54:52,RELATIVITY,98,400,200,True
2025-12-18 16:54:52,RELATIVITY,99,480,29,True
2025-12-18 16:54:52,RELATIVITY,100,40,8,True
2025-12-18 16:54:52,INFORMATION,1,70,9,True
2025-12-18 16:54:52,INFORMATION,2,190,23,True
2025-12-18 16:54:52,INFORMATION,3,60,14,True
2025-12-18 16:54:52,INFORMATION,4,170,22,True
2025-12-18 16:54:52,INFORMATION,5,300,112,True
2025-12-18 16:54:52,INFORMATION,6,330,51,True
2025-12-18 16:54:53,INFORMATION,7,420,59,True
2025-12-18 16:54:53,INFORMATION,8,200,30,True
2025-12-18 16:54:53,INFORMATION,9,100,14,True
2025-12-18 16:54:53,INFORMATION,10,330,42,True
2025-12-18 16:54:53,INFORMATION,11,40,7,True
2025-12-18 16:54:53,INFORMATION,12,110,21,True
2025-12-18 16:54:53,INFORMATION,13,190,27,True
2025-12-18 16:54:53,INFORMATION,14,190,26,True
2025-12-18 16:54:53,INFORMATION,15,70,10,True
2025-12-18 16:54:53,INFORMATION,16,100,12,True
2025-12-18 16:54:53,INFORMATION,17,30,6,True
2025-12-18 16:54:54,INFORMATION,18,860,200,True
2025-12-18 16:54:54,INFORMATION,19,60,9,True
2025-12-18 16:54:54,INFORMATION,20,280,30,True
2025-12-18 16:54:54,INFORMATION,21,190,24,True
2025-12-18 16:54:54,INFORMATION,22,120,17,True
2025-12-18 16:54:55,INFORMATION,23,160,46,True
2025-12-18 16:54:55,INFORMATION,24,50,12,True
2025-12-18 16:54:55,INFORMATION,25,690,55,True
2025-12-18 16:54:55,INFORMATION,26,50,6,True
2025-12-18 16:54:55,INFORMATION,27,600,77,True
2025-12-18 16:54:55,INFORMATION,28,120,30,True
2025-12-18 16:54:55,INFORMATION,29,90,10,True
2025-12-18 16:54:56,INFORMATION,30,680,200,True
2025-12-18 16:54:56,INFORMATION,31,100,15,True
2025-12-18 16:54:56,INFORMATION,32,90,19,True
2025-12-18 16:54:56,INFORMATION,33,110,15,True
2025-12-18 16:54:56,INFORMATION,34,50,8,True
2025-12-18 16:54:56,INFORMATION,35,130,20,True
2025-12-18 16:54:56,INFORMATION,36,140,19,True
2025-12-18 16:54:56,INFORMATION,37,50,9,True
2025-12-18 16:54:58,INFORMATION,38,760,200,True
2025-12-18 16:54:58,INFORMATION,39,140,24,True
2025-12-18 16:54:58,INFORMATION,40,10,7,True
2025-12-18 16:54:58,INFORMATION,41,120,16,True
2025-12-18 16:54:58,INFORMATION,42,90,12,True
2025-12-18 16:54:58,INFORMATION,43,700,200,True
2025-12-18 16:54:58,INFORMATION,44,90,13,True
2025-12-18 16:54:58,INFORMATION,45,60,13,True
2025-12-18 16:54:59,INFORMATION,46,90,20,True
2025-12-18 16:54:59,INFORMATION,47,60,7,True
2025-12-18 16:54:59,INFORMATION,48,70,22,True
2025-12-18 16:54:59,INFORMATION,49,140,18,True
2025-12-18 16:54:59,INFORMATION,50,90,13,True
2025-12-18 16:54:59,INFORMATION,51,80,16,True
2025-12-18 16:54:59,INFORMATION,52,810,76,True
2025-12-18 16:54:59,INFORMATION,53,360,43,True
2025-12-18 16:55:00,INFORMATION,54,60,81,True
2025-12-18 16:55:00,INFORMATION,55,310,39,True
2025-12-18 16:55:00,INFORMATION,56,340,45,True
2025-12-18 16:55:00,INFORMATION,57,100,16,True
2025-12-18 16:55:02,INFORMATION,58,810,200,True
2025-12-18 16:55:02,INFORMATION,59,120,34,True
2025-12-18 16:55:02,INFORMATION,60,70,11,True
2025-12-18 16:55:02,INFORMATION,61,30,7,True
2025-12-18 16:55:02,INFORMATION,62,360,60,True
2025-12-18 16:55:02,INFORMATION,63,150,21,True
2025-12-18 16:55:02,INFORMATION,64,40,6,True
2025-12-18 16:55:02,INFORMATION,65,10,11,True
2025-12-18 16:55:02,INFORMATION,66,660,76,True
2025-12-18 16:55:03,INFORMATION,67,40,5,True
2025-12-18 16:55:03,INFORMATION,68,60,13,True
2025-12-18 16:55:03,INFORMATION,69,120,19,True
2025-12-18 16:55:04,INFORMATION,70,890,200,True
2025-12-18 16:55:04,INFORMATION,71,30,6,True
2025-12-18 16:55:04,INFORMATION,72,80,18,True
2025-12-18 16:55:04,INFORMATION,73,100,12,True
2025-12-18 16:55:04,INFORMATION,74,40,9,True
2025-12-18 16:55:04,INFORMATION,75,30,8,True
2025-12-18 16:55:04,INFORMATION,76,360,65,True
2025-12-18 16:55:04,INFORMATION,77,80,19,True
2025-12-18 16:55:04,INFORMATION,78,210,28,True
2025-12-18 16:55:04,INFORMATION,79,80,11,True
2025-12-18 16:55:05,INFORMATION,80,700,95,True
2025-12-18 16:55:05,INFORMATION,81,160,21,True
2025-12-18 16:55:06,INFORMATION,82,700,200,True
2025-12-18 16:55:06,INFORMATION,83,700,102,True
2025-12-18 16:55:06,INFORMATION,84,60,14,True
2025-12-18 16:55:06,INFORMATION,85,110,15,True
2025-12-18 16:55:07,INFORMATION,86,290,43,True
2025-12-18 16:55:07,INFORMATION,87,190,35,True
2025-12-18 16:55:08,INFORMATION,88,70,200,True
2025-12-18 16:55:08,INFORMATION,89,100,21,True
2025-12-18 16:55:08,INFORMATION,90,640,60,True
2025-12-18 16:55:08,INFORMATION,91,70,37,True
2025-12-18 16:55:09,INFORMATION,92,470,81,True
2025-12-18 16:55:09,INFORMATION,93,40,5,True
2025-12-18 16:55:09,INFORMATION,94,80,9,True
2025-12-18 16:55:09,INFORMATION,95,170,20,True
2025-12-18 16:55:09,INFORMATION,96,590,100,True
2025-12-18 16:55:09,INFORMATION,97,160,24,True
2025-12-18 16:55:10,INFORMATION,98,400,200,True
2025-12-18 16:55:10,INFORMATION,99,530,41,True
2025-12-18 16:55:10,INFORMATION,100,40,8,True
2025-12-18 17:02:06,QUANTUM,7,650,200,True
2025-12-18 17:02:10,QUANTUM,8,70,14,True
2025-12-18 17:02:14,QUANTUM,9,100,14,True
2025-12-18 17:03:55,QUANTUM,10,330,42,True
2025-12-18 17:03:57,QUANTUM,11,60,7,True
2025-12-18 17:04:04,QUANTUM,12,110,21,True
2025-12-18 17:04:06,QUANTUM,13,70,8,True
2025-12-18 17:16:03,QUANTUM,14,610,200,True
2025-12-18 17:16:06,QUANTUM,15,70,10,True
2025-12-18 17:16:09,QUANTUM,16,100,12,True
2025-12-18 17:16:11,QUANTUM,17,30,6,True
2025-12-18 17:20:18,QUANTUM,1,70,9,True
2025-12-18 17:20:18,QUANTUM,2,190,23,True
2025-12-18 17:20:18,QUANTUM,3,60,14,True
2025-12-18 17:20:18,QUANTUM,4,170,22,True
2025-12-18 17:20:18,QUANTUM,5,300,112,True
2025-12-18 17:20:18,QUANTUM,6,330,51,True
2025-12-18 17:20:18,QUANTUM,7,420,59,True
2025-12-18 17:20:19,QUANTUM,8,120,25,True
2025-12-18 17:20:19,QUANTUM,9,100,14,True
2025-12-18 17:20:19,QUANTUM,10,330,42,True
2025-12-18 17:20:19,QUANTUM,11,40,8,True
2025-12-18 17:20:19,QUANTUM,12,110,21,True
2025-12-18 17:20:19,QUANTUM,13,190,27,True
2025-12-18 17:20:19,QUANTUM,14,190,26,True
2025-12-18 17:20:19,QUANTUM,15,70,10,True
2025-12-18 17:20:19,QUANTUM,16,100,12,True
2025-12-18 17:20:19,QUANTUM,17,30,6,True
2025-12-18 17:20:20,QUANTUM,18,860,200,True
2025-12-18 17:20:20,QUANTUM,19,60,9,True
2025-12-18 17:20:20,QUANTUM,20,280,30,True
2025-12-18 17:20:20,QUANTUM,21,190,24,True
2025-12-18 17:20:20,QUANTUM,22,120,17,True
2025-12-18 17:20:20,QUANTUM,23,270,47,True
2025-12-18 17:20:20,QUANTUM,24,50,12,True
2025-12-18 17:20:21,QUANTUM,25,690,55,True
2025-12-18 17:20:21,QUANTUM,26,50,6,True
2025-12-18 17:20:21,QUANTUM,27,600,77,True
2025-12-18 17:20:21,QUANTUM,28,120,30,True
2025-12-18 17:20:21,QUANTUM,29,90,10,True
2025-12-18 17:20:22,QUANTUM,30,680,200,True
2025-12-18 17:20:22,QUANTUM,31,100,15,True
2025-12-18 17:20:22,QUANTUM,32,90,19,True
2025-12-18 17:20:22,QUANTUM,33,110,15,True
2025-12-18 17:20:22,QUANTUM,34,50,8,True
2025-12-18 17:20:22,QUANTUM,35,130,20,True
2025-12-18 17:20:22,QUANTUM,36,300,34,True
2025-12-18 17:20:22,QUANTUM,37,100,18,True
2025-12-18 17:20:24,QUANTUM,38,760,200,True
2025-12-18 17:20:24,QUANTUM,39,150,27,True
2025-12-18 17:20:24,QUANTUM,40,40,5,True
2025-12-18 17:20:24,QUANTUM,41,120,16,True
2025-12-18 17:20:24,QUANTUM,42,90,12,True
2025-12-18 17:20:24,QUANTUM,43,710,200,True
2025-12-18 17:20:24,QUANTUM,44,90,13,True
2025-12-18 17:20:24,QUANTUM,45,60,13,True
2025-12-18 17:20:24,QUANTUM,46,90,20,True
2025-12-18 17:20:24,QUANTUM,47,50,8,True
2025-12-18 17:20:24,QUANTUM,48,70,22,True
2025-12-18 17:20:24,QUANTUM,49,100,14,True
2025-12-18 17:20:24,QUANTUM,50,90,13,True
2025-12-18 17:20:24,QUANTUM,51,60,13,True
2025-12-18 17:20:25,QUANTUM,52,810,76,True
2025-12-18 17:20:25,QUANTUM,53,360,43,True
2025-12-18 17:20:26,QUANTUM,54,70,81,True
2025-12-18 17:20:26,QUANTUM,55,290,35,True
2025-12-18 17:20:26,QUANTUM,56,340,45,True
2025-12-18 17:20:26,QUANTUM,57,100,16,True
2025-12-18 17:20:28,QUANTUM,58,810,200,True
2025-12-18 17:20:28,QUANTUM,59,120,34,True
2025-12-18 17:20:28,QUANTUM,60,70,11,True
2025-12-18 17:20:28,QUANTUM,61,30,7,True
2025-12-18 17:20:28,QUANTUM,62,360,60,True
2025-12-18 17:20:28,QUANTUM,63,150,21,True
2025-12-18 17:20:28,QUANTUM,64,40,6,True
2025-12-18 17:20:28,QUANTUM,65,10,11,True
2025-12-18 17:20:28,QUANTUM,66,660,76,True
2025-12-18 17:20:28,QUANTUM,67,40,5,True
2025-12-18 17:20:28,QUANTUM,68,50,12,True
2025-12-18 17:20:28,QUANTUM,69,120,19,True
2025-12-18 17:20:30,QUANTUM,70,890,200,True
2025-12-18 17:20:30,QUANTUM,71,30,6,True
2025-12-18 17:20:30,QUANTUM,72,80,14,True
2025-12-18 17:20:30,QUANTUM,73,100,12,True
2025-12-18 17:20:30,QUANTUM,74,40,9,True
2025-12-18 17:20:30,QUANTUM,75,30,8,True
2025-12-18 17:20:30,QUANTUM,76,360,65,True
2025-12-18 17:20:30,QUANTUM,77,80,19,True
2025-12-18 17:20:30,QUANTUM,78,210,28,True
2025-12-18 17:20:30,QUANTUM,79,80,11,True
2025-12-18 17:20:30,QUANTUM,80,530,56,True
2025-12-18 17:20:30,QUANTUM,81,160,21,True
2025-12-18 17:20:32,QUANTUM,82,700,200,True
2025-12-18 17:20:32,QUANTUM,83,700,102,True
2025-12-18 17:20:32,QUANTUM,84,60,14,True
2025-12-18 17:20:32,QUANTUM,85,110,15,True
2025-12-18 17:20:32,QUANTUM,86,60,15,True
2025-12-18 17:20:32,QUANTUM,87,190,35,True
2025-12-18 17:20:34,QUANTUM,88,70,200,True
2025-12-18 17:20:34,QUANTUM,89,110,41,True
2025-12-18 17:20:34,QUANTUM,90,640,60,True
2025-12-18 17:20:34,QUANTUM,91,70,37,True
2025-12-18 17:20:34,QUANTUM,92,470,81,True
2025-12-18 17:20:34,QUANTUM,93,40,5,True
2025-12-18 17:20:34,QUANTUM,94,80,9,True
2025-12-18 17:20:35,QUANTUM,95,170,20,True
2025-12-18 17:20:35,QUANTUM,96,590,100,True
2025-12-18 17:20:35,QUANTUM,97,150,17,True
2025-12-18 17:20:35,QUANTUM,98,400,200,True
2025-12-18 17:20:35,QUANTUM,99,530,41,True
2025-12-18 17:20:36,QUANTUM,100,280,94,True
2025-12-18 17:20:36,PHYSICS,1,70,9,True
2025-12-18 17:20:36,PHYSICS,2,110,12,True
2025-12-18 17:22:47,Standard,QUANTUM,1,60,15,True
2025-12-18 17:22:47,Standard,QUANTUM,2,30,10,True
2025-12-18 17:22:47,Standard,QUANTUM,3,630,84,True
2025-12-18 17:22:47,Standard,QUANTUM,4,90,21,True
2025-12-18 17:22:47,Standard,QUANTUM,5,130,20,True
2025-12-18 17:22:47,Standard,QUANTUM,6,70,8,True
2025-12-18 17:22:47,Standard,QUANTUM,7,150,19,True
2025-12-18 17:22:48,Standard,QUANTUM,8,290,55,True
2025-12-18 17:22:48,Standard,QUANTUM,9,360,43,True
2025-12-18 17:22:48,Standard,QUANTUM,10,400,58,True
2025-12-18 17:22:48,Standard,QUANTUM,11,160,26,True
2025-12-18 17:22:48,Standard,QUANTUM,12,70,9,True
2025-12-18 17:22:48,Standard,QUANTUM,13,100,12,True
2025-12-18 17:22:48,Standard,QUANTUM,14,190,25,True
2025-12-18 17:22:49,Standard,QUANTUM,15,200,80,True
2025-12-18 17:22:49,Standard,QUANTUM,16,220,24,True
2025-12-18 17:22:49,Standard,QUANTUM,17,160,36,True
2025-12-18 17:22:49,Standard,QUANTUM,18,70,14,True
2025-12-18 17:22:49,Standard,QUANTUM,19,80,9,True
2025-12-18 17:22:49,Standard,QUANTUM,20,700,85,True
2025-12-18 17:22:50,Standard,QUANTUM,21,100,14,True
2025-12-18 17:22:50,Standard,QUANTUM,22,150,20,True
2025-12-18 17:22:50,Standard,QUANTUM,23,90,15,True
2025-12-18 17:22:50,Standard,QUANTUM,24,10,9,True
2025-12-18 17:22:50,Standard,QUANTUM,25,460,66,True
2025-12-18 17:22:50,Standard,QUANTUM,26,370,52,True
2025-12-18 17:22:50,Standard,QUANTUM,27,130,18,True
2025-12-18 17:22:50,Standard,QUANTUM,28,70,16,True
2025-12-18 17:22:50,Standard,QUANTUM,29,230,31,True
2025-12-18 17:22:50,Standard,QUANTUM,30,100,13,True
2025-12-18 17:22:50,Standard,QUANTUM,31,100,13,True
2025-12-18 17:22:50,Standard,QUANTUM,32,160,20,True
2025-12-18 17:22:51,Standard,QUANTUM,33,110,30,True
2025-12-18 17:22:51,Standard,QUANTUM,34,400,73,True
2025-12-18 17:22:51,Standard,QUANTUM,35,70,12,True
2025-12-18 17:22:51,Standard,QUANTUM,36,140,20,True
2025-12-18 17:22:51,Standard,QUANTUM,37,130,23,True
2025-12-18 17:22:51,Standard,QUANTUM,38,70,9,True
2025-12-18 17:22:51,Standard,QUANTUM,39,70,8,True
2025-12-18 17:22:51,Standard,QUANTUM,40,110,38,True
2025-12-18 17:22:51,Standard,QUANTUM,41,50,6,True
2025-12-18 17:22:51,Standard,QUANTUM,42,40,5,True
2025-12-18 17:22:51,Standard,QUANTUM,43,80,10,True
2025-12-18 17:22:51,Standard,QUANTUM,44,310,64,True
2025-12-18 17:22:51,Standard,QUANTUM,45,120,19,True
2025-12-18 17:22:51,Standard,QUANTUM,46,130,15,True
2025-12-18 17:22:52,Standard,QUANTUM,47,370,45,True
2025-12-18 17:22:52,Standard,QUANTUM,48,150,21,True
2025-12-18 17:22:52,Standard,QUANTUM,49,30,6,True
2025-12-18 17:22:52,Standard,QUANTUM,50,190,28,True
2025-12-18 17:22:52,Standard,QUANTUM,51,90,14,True
2025-12-18 17:22:52,Standard,QUANTUM,52,440,142,True
2025-12-18 17:22:52,Standard,QUANTUM,53,420,25,True
2025-12-18 17:22:52,Standard,QUANTUM,54,140,20,True
2025-12-18 17:22:52,Standard,QUANTUM,55,90,12,True
2025-12-18 17:22:53,Standard,QUANTUM,56,100,21,True
2025-12-18 17:22:53,Standard,QUANTUM,57,30,7,True
2025-12-18 17:22:53,Standard,QUANTUM,58,70,33,True
2025-12-18 17:22:53,Standard,QUANTUM,59,510,59,True
2025-12-18 17:22:53,Standard,QUANTUM,60,240,28,True
2025-12-18 17:22:53,Standard,QUANTUM,61,260,31,True
2025-12-18 17:22:53,Standard,QUANTUM,62,140,17,True
2025-12-18 17:22:54,Standard,QUANTUM,63,90,51,True
2025-12-18 17:22:54,Standard,QUANTUM,64,280,36,True
2025-12-18 17:22:54,Standard,QUANTUM,65,60,8,True
2025-12-18 17:22:54,Standard,QUANTUM,66,40,7,True
2025-12-18 17:22:54,Standard,QUANTUM,67,70,10,True
2025-12-18 17:22:54,Standard,QUANTUM,68,240,61,True
2025-12-18 17:22:54,Standard,QUANTUM,69,30,8,True
2025-12-18 17:22:54,Standard,QUANTUM,70,300,60,True
2025-12-18 17:22:55,Standard,QUANTUM,71,430,75,True
2025-12-18 17:22:56,Standard,QUANTUM,72,1350,200,True
2025-12-18 17:22:56,Standard,QUANTUM,73,80,20,True
2025-12-18 17:22:56,Standard,QUANTUM,74,210,59,True
2025-12-18 17:22:56,Standard,QUANTUM,75,50,7,True
2025-12-18 17:22:57,Standard,QUANTUM,76,500,62,True
2025-12-18 17:22:57,Standard,QUANTUM,77,50,34,True
2025-12-18 17:22:57,Standard,QUANTUM,78,200,23,True
2025-12-18 17:22:57,Standard,QUANTUM,79,200,42,True
2025-12-18 17:22:57,Standard,QUANTUM,80,60,8,True
2025-12-18 17:22:57,Standard,QUANTUM,81,90,13,True
2025-12-18 17:22:57,Standard,QUANTUM,82,140,18,True
2025-12-18 17:22:57,Standard,QUANTUM,83,160,48,True
2025-12-18 17:22:57,Standard,QUANTUM,84,130,18,True
2025-12-18 17:22:58,Standard,QUANTUM,85,60,10,True
2025-12-18 17:22:58,Standard,QUANTUM,86,140,18,True
2025-12-18 17:22:58,Standard,QUANTUM,87,60,7,True
2025-12-18 17:22:58,Standard,QUANTUM,88,400,51,True
2025-12-18 17:22:58,Standard,QUANTUM,89,90,17,True
2025-12-18 17:22:58,Standard,QUANTUM,90,120,20,True
2025-12-18 17:22:59,Standard,QUANTUM,91,1300,200,True
2025-12-18 17:22:59,Standard,QUANTUM,92,230,87,True
2025-12-18 17:22:59,Standard,QUANTUM,93,270,38,True
2025-12-18 17:22:59,Standard,QUANTUM,94,130,17,True
2025-12-18 17:23:00,Standard,QUANTUM,95,1060,114,True
2025-12-18 17:23:00,Standard,QUANTUM,96,40,17,True
2025-12-18 17:23:00,Standard,QUANTUM,97,420,57,True
2025-12-18 17:23:00,Standard,QUANTUM,98,20,6,True
2025-12-18 17:23:00,Standard,QUANTUM,99,60,8,True
2025-12-18 17:23:00,Standard,QUANTUM,100,120,20,True
2025-12-18 17:23:00,Standard,PHYSICS,1,210,57,True
2025-12-18 17:23:01,Standard,PHYSICS,2,50,13,True
2025-12-18 17:23:01,Standard,PHYSICS,3,630,84,True
2025-12-18 17:23:01,Standard,PHYSICS,4,90,26,True
2025-12-18 17:23:01,Standard,PHYSICS,5,70,11,True
2025-12-18 17:23:02,Standard,PHYSICS,6,130,22,True
2025-12-18 17:23:02,Standard,PHYSICS,7,120,18,True
2025-12-18 17:23:02,Standard,PHYSICS,8,100,16,True
2025-12-18 17:23:02,Standard,PHYSICS,9,280,35,True
2025-12-18 17:23:02,Standard,PHYSICS,10,50,10,True
2025-12-18 17:23:02,Standard,PHYSICS,11,120,16,True
2025-12-18 17:23:02,Standard,PHYSICS,12,10,7,True
2025-12-18 17:23:02,Standard,PHYSICS,13,50,9,True
2025-12-18 17:23:03,Standard,PHYSICS,14,470,38,True
2025-12-18 17:23:03,Standard,PHYSICS,15,80,13,True
2025-12-18 17:23:03,Standard,PHYSICS,16,90,36,True
2025-12-18 17:23:03,Standard,PHYSICS,17,140,17,True
2025-12-18 17:23:03,Standard,PHYSICS,18,80,13,True
2025-12-18 17:23:04,Standard,PHYSICS,19,100,12,True
2025-12-18 17:23:04,Standard,PHYSICS,20,380,74,True
2025-12-18 17:23:04,Standard,PHYSICS,21,500,40,True
2025-12-18 17:23:05,Standard,PHYSICS,22,110,15,True
2025-12-18 17:23:05,Standard,PHYSICS,23,80,11,True
2025-12-18 17:23:05,Standard,PHYSICS,24,250,33,True
2025-12-18 17:23:07,Standard,PHYSICS,25,1090,200,True
2025-12-18 17:23:07,Standard,PHYSICS,26,110,14,True
2025-12-18 17:23:07,Standard,PHYSICS,27,100,11,True
2025-12-18 17:23:07,Standard,PHYSICS,28,190,57,True
2025-12-18 17:23:08,Standard,PHYSICS,29,200,44,True
2025-12-18 17:23:08,Standard,PHYSICS,30,700,62,True
2025-12-18 17:23:08,Standard,PHYSICS,31,40,10,True
2025-12-18 17:23:08,Standard,PHYSICS,32,70,13,True
2025-12-18 17:23:09,Standard,PHYSICS,33,260,108,True
2025-12-18 17:23:09,Standard,PHYSICS,34,130,21,True
2025-12-18 17:23:10,Standard,PHYSICS,35,60,10,True
2025-12-18 17:23:10,Standard,PHYSICS,36,50,6,True
2025-12-18 17:23:10,Standard,PHYSICS,37,90,14,True
2025-12-18 17:23:10,Standard,PHYSICS,38,70,9,True
2025-12-18 17:23:10,Standard,PHYSICS,39,70,8,True
2025-12-18 17:23:10,Standard,PHYSICS,40,550,75,True
2025-12-18 17:23:12,Standard,PHYSICS,41,630,152,True
2025-12-18 17:23:12,Standard,PHYSICS,42,790,74,True
2025-12-18 17:23:13,Standard,PHYSICS,43,130,29,True
2025-12-18 17:23:13,Standard,PHYSICS,44,170,19,True
2025-12-18 17:23:13,Standard,PHYSICS,45,230,35,True
2025-12-18 17:23:14,Standard,PHYSICS,46,380,50,True
2025-12-18 17:23:14,Standard,PHYSICS,47,160,43,True
2025-12-18 17:23:14,Standard,PHYSICS,48,430,55,True
2025-12-18 17:23:14,Standard,PHYSICS,49,30,6,True
2025-12-18 17:23:14,Standard,PHYSICS,50,110,15,True
2025-12-18 17:23:15,Standard,PHYSICS,51,40,7,True
2025-12-18 17:23:15,Standard,PHYSICS,52,70,47,True
2025-12-18 17:23:15,Standard,PHYSICS,53,420,25,True
2025-12-18 17:23:15,Standard,PHYSICS,54,40,11,True
2025-12-18 17:23:15,Standard,PHYSICS,55,140,20,True
2025-12-18 17:23:16,Standard,PHYSICS,56,60,17,True
2025-12-18 17:23:16,Standard,PHYSICS,57,100,19,True
2025-12-18 17:23:16,Standard,PHYSICS,58,70,33,True
2025-12-18 17:23:17,Standard,PHYSICS,59,250,58,True
2025-12-18 17:23:17,Standard,PHYSICS,60,240,28,True
2025-12-18 17:23:17,Standard,PHYSICS,61,170,21,True
2025-12-18 17:23:17,Standard,PHYSICS,62,150,28,True
2025-12-18 17:23:17,Standard,PHYSICS,63,210,31,True
2025-12-18 17:23:18,Standard,PHYSICS,64,680,84,True
2025-12-18 17:23:18,Standard,PHYSICS,65,90,21,True
2025-12-18 17:23:19,Standard,PHYSICS,66,280,31,True
2025-12-18 17:23:19,Standard,PHYSICS,67,1040,72,True
2025-12-18 17:23:20,Standard,PHYSICS,68,390,61,True
2025-12-18 17:23:20,Standard,PHYSICS,69,470,40,True
2025-12-18 17:23:20,Standard,PHYSICS,70,30,7,True
2025-12-18 17:23:21,Standard,PHYSICS,71,390,60,True
2025-12-18 17:23:22,Standard,PHYSICS,72,1520,200,True
2025-12-18 17:23:23,Standard,PHYSICS,73,230,33,True
2025-12-18 17:23:23,Standard,PHYSICS,74,40,11,True
2025-12-18 17:23:23,Standard,PHYSICS,75,50,7,True
2025-12-18 17:23:23,Standard,PHYSICS,76,470,51,True
2025-12-18 17:23:23,Standard,PHYSICS,77,50,34,True
2025-12-18 17:23:23,Standard,PHYSICS,78,90,11,True
2025-12-18 17:23:24,Standard,PHYSICS,79,240,36,True
2025-12-18 17:23:24,Standard,PHYSICS,80,140,25,True
2025-12-18 17:23:24,Standard,PHYSICS,81,50,51,True
2025-12-18 17:23:25,Standard,PHYSICS,82,30,7,True
2025-12-18 17:23:25,Standard,PHYSICS,83,50,12,True
2025-12-18 17:23:25,Standard,PHYSICS,84,130,18,True
2025-12-18 17:23:25,Standard,PHYSICS,85,110,17,True
2025-12-18 17:23:25,Standard,PHYSICS,86,50,10,True
2025-12-18 17:23:25,Standard,PHYSICS,87,100,18,True
2025-12-18 17:23:27,Standard,PHYSICS,88,1080,200,True
2025-12-18 17:23:27,Standard,PHYSICS,89,70,12,True
2025-12-18 17:23:27,Standard,PHYSICS,90,120,20,True
2025-12-18 17:23:28,Standard,PHYSICS,91,220,79,True
2025-12-18 17:23:28,Standard,PHYSICS,92,150,23,True
2025-12-18 17:23:28,Standard,PHYSICS,93,190,27,True
2025-12-18 17:23:28,Standard,PHYSICS,94,140,20,True
2025-12-18 17:23:29,Standard,PHYSICS,95,450,59,True
2025-12-18 17:23:29,Standard,PHYSICS,96,310,48,True
2025-12-18 17:23:30,Standard,PHYSICS,97,420,60,True
2025-12-18 17:23:31,Standard,PHYSICS,98,1360,200,True
2025-12-18 17:23:32,Standard,PHYSICS,99,170,23,True
2025-12-18 17:23:32,Standard,PHYSICS,100,120,20,True
2025-12-18 17:23:32,Standard,RELATIVITY,1,60,15,True
2025-12-18 17:23:32,Standard,RELATIVITY,2,30,10,True
2025-12-18 17:23:32,Standard,RELATIVITY,3,630,84,True
2025-12-18 17:23:32,Standard,RELATIVITY,4,140,25,True
2025-12-18 17:23:32,Standard,RELATIVITY,5,70,11,True
2025-12-18 17:23:32,Standard,RELATIVITY,6,70,8,True
2025-12-18 17:23:32,Standard,RELATIVITY,7,150,19,True
2025-12-18 17:23:33,Standard,RELATIVITY,8,970,88,True
2025-12-18 17:23:33,Standard,RELATIVITY,9,280,35,True
2025-12-18 17:23:33,Standard,RELATIVITY,10,110,15,True
2025-12-18 17:23:33,Standard,RELATIVITY,11,160,26,True
2025-12-18 17:23:33,Standard,RELATIVITY,12,70,9,True
2025-12-18 17:23:33,Standard,RELATIVITY,13,60,7,True
2025-12-18 17:23:33,Standard,RELATIVITY,14,470,38,True
2025-12-18 17:23:34,Standard,RELATIVITY,15,200,80,True
2025-12-18 17:23:34,Standard,RELATIVITY,16,220,24,True
2025-12-18 17:23:34,Standard,RELATIVITY,17,110,12,True
2025-12-18 17:23:34,Standard,RELATIVITY,18,110,14,True
2025-12-18 17:23:34,Standard,RELATIVITY,19,80,9,True
2025-12-18 17:23:34,Standard,RELATIVITY,20,380,74,True
2025-12-18 17:23:34,Standard,RELATIVITY,21,140,18,True
2025-12-18 17:23:34,Standard,RELATIVITY,22,60,12,True
2025-12-18 17:23:34,Standard,RELATIVITY,23,80,11,True
2025-12-18 17:23:34,Standard,RELATIVITY,24,10,9,True
2025-12-18 17:23:34,Standard,RELATIVITY,25,460,66,True
2025-12-18 17:23:35,Standard,RELATIVITY,26,370,52,True
2025-12-18 17:23:35,Standard,RELATIVITY,27,130,18,True
2025-12-18 17:23:35,Standard,RELATIVITY,28,70,16,True
2025-12-18 17:23:35,Standard,RELATIVITY,29,200,38,True
2025-12-18 17:23:35,Standard,RELATIVITY,30,100,13,True
2025-12-18 17:23:35,Standard,RELATIVITY,31,100,13,True
2025-12-18 17:23:35,Standard,RELATIVITY,32,70,13,True
2025-12-18 17:23:35,Standard,RELATIVITY,33,330,59,True
2025-12-18 17:23:35,Standard,RELATIVITY,34,400,73,True
2025-12-18 17:23:35,Standard,RELATIVITY,35,80,15,True
2025-12-18 17:23:35,Standard,RELATIVITY,36,10,8,True
2025-12-18 17:23:36,Standard,RELATIVITY,37,140,38,True
2025-12-18 17:23:36,Standard,RELATIVITY,38,70,9,True
2025-12-18 17:23:36,Standard,RELATIVITY,39,70,8,True
2025-12-18 17:23:36,Standard,RELATIVITY,40,90,14,True
2025-12-18 17:23:36,Standard,RELATIVITY,41,50,6,True
2025-12-18 17:23:36,Standard,RELATIVITY,42,40,6,True
2025-12-18 17:23:36,Standard,RELATIVITY,43,80,10,True
2025-12-18 17:23:36,Standard,RELATIVITY,44,320,43,True
2025-12-18 17:23:36,Standard,RELATIVITY,45,120,19,True
2025-12-18 17:23:37,Standard,RELATIVITY,46,520,71,True
2025-12-18 17:23:37,Standard,RELATIVITY,47,420,92,True
2025-12-18 17:23:38,Standard,RELATIVITY,48,510,68,True
2025-12-18 17:23:38,Standard,RELATIVITY,49,30,6,True
2025-12-18 17:23:38,Standard,RELATIVITY,50,90,21,True
2025-12-18 17:23:38,Standard,RELATIVITY,51,520,57,True
2025-12-18 17:23:38,Standard,RELATIVITY,52,440,142,True
2025-12-18 17:23:38,Standard,RELATIVITY,53,420,25,True
2025-12-18 17:23:39,Standard,RELATIVITY,54,140,20,True
2025-12-18 17:23:39,Standard,RELATIVITY,55,90,12,True
2025-12-18 17:23:39,Standard,RELATIVITY,56,100,21,True
2025-12-18 17:23:39,Standard,RELATIVITY,57,30,7,True
2025-12-18 17:23:39,Standard,RELATIVITY,58,70,33,True
2025-12-18 17:23:39,Standard,RELATIVITY,59,510,60,True
2025-12-18 17:23:39,Standard,RELATIVITY,60,240,28,True
2025-12-18 17:23:39,Standard,RELATIVITY,61,140,23,True
2025-12-18 17:23:39,Standard,RELATIVITY,62,140,17,True
2025-12-18 17:23:39,Standard,RELATIVITY,63,210,34,True
2025-12-18 17:23:40,Standard,RELATIVITY,64,100,46,True
2025-12-18 17:23:40,Standard,RELATIVITY,65,40,7,True
2025-12-18 17:23:40,Standard,RELATIVITY,66,40,7,True
2025-12-18 17:23:40,Standard,RELATIVITY,67,70,10,True
2025-12-18 17:23:41,Standard,RELATIVITY,68,350,119,True
2025-12-18 17:23:41,Standard,RELATIVITY,69,30,8,True
2025-12-18 17:23:42,Standard,RELATIVITY,70,1100,146,True
2025-12-18 17:23:42,Standard,RELATIVITY,71,160,21,True
2025-12-18 17:23:42,Standard,RELATIVITY,72,90,15,True
2025-12-18 17:23:42,Standard,RELATIVITY,73,80,18,True
2025-12-18 17:23:42,Standard,RELATIVITY,74,530,38,True
2025-12-18 17:23:42,Standard,RELATIVITY,75,50,7,True
2025-12-18 17:23:42,Standard,RELATIVITY,76,500,62,True
2025-12-18 17:23:42,Standard,RELATIVITY,77,50,34,True
2025-12-18 17:23:42,Standard,RELATIVITY,78,200,23,True
2025-12-18 17:23:42,Standard,RELATIVITY,79,200,42,True
2025-12-18 17:23:43,Standard,RELATIVITY,80,60,8,True
2025-12-18 17:23:43,Standard,RELATIVITY,81,50,51,True
2025-12-18 17:23:43,Standard,RELATIVITY,82,140,18,True
2025-12-18 17:23:43,Standard,RELATIVITY,83,160,48,True
2025-12-18 17:23:43,Standard,RELATIVITY,84,130,18,True
2025-12-18 17:23:43,Standard,RELATIVITY,85,60,10,True
2025-12-18 17:23:43,Standard,RELATIVITY,86,140,18,True
2025-12-18 17:23:43,Standard,RELATIVITY,87,10,9,True
2025-12-18 17:23:43,Standard,RELATIVITY,88,400,51,True
2025-12-18 17:23:44,Standard,RELATIVITY,89,640,76,True
2025-12-18 17:23:44,Standard,RELATIVITY,90,120,20,True
2025-12-18 17:23:45,Standard,RELATIVITY,91,1490,200,True
2025-12-18 17:23:45,Standard,RELATIVITY,92,110,35,True
2025-12-18 17:23:45,Standard,RELATIVITY,93,90,14,True
2025-12-18 17:23:45,Standard,RELATIVITY,94,90,14,True
2025-12-18 17:23:45,Standard,RELATIVITY,95,1060,114,True
2025-12-18 17:23:45,Standard,RELATIVITY,96,40,17,True
2025-12-18 17:23:46,Standard,RELATIVITY,97,290,48,True
2025-12-18 17:23:46,Standard,RELATIVITY,98,20,6,True
2025-12-18 17:23:46,Standard,RELATIVITY,99,170,23,True
2025-12-18 17:23:46,Standard,RELATIVITY,100,120,20,True
2025-12-18 17:23:46,Standard,INFORMATION,1,60,15,True
2025-12-18 17:23:46,Standard,INFORMATION,2,30,10,True
2025-12-18 17:23:46,Standard,INFORMATION,3,630,84,True
2025-12-18 17:23:46,Standard,INFORMATION,4,90,21,True
2025-12-18 17:23:46,Standard,INFORMATION,5,70,11,True
2025-12-18 17:23:46,Standard,INFORMATION,6,70,8,True
2025-12-18 17:23:46,Standard,INFORMATION,7,150,19,True
2025-12-18 17:23:46,Standard,INFORMATION,8,70,9,True
2025-12-18 17:23:46,Standard,INFORMATION,9,280,35,True
2025-12-18 17:23:46,Standard,INFORMATION,10,30,6,True
2025-12-18 17:23:46,Standard,INFORMATION,11,160,26,True
2025-12-18 17:23:46,Standard,INFORMATION,12,70,9,True
2025-12-18 17:23:46,Standard,INFORMATION,13,100,12,True
2025-12-18 17:23:47,Standard,INFORMATION,14,190,25,True
2025-12-18 17:23:47,Standard,INFORMATION,15,200,80,True
2025-12-18 17:23:47,Standard,INFORMATION,16,220,24,True
2025-12-18 17:23:47,Standard,INFORMATION,17,110,12,True
2025-12-18 17:23:47,Standard,INFORMATION,18,70,14,True
2025-12-18 17:23:47,Standard,INFORMATION,19,80,9,True
2025-12-18 17:23:48,Standard,INFORMATION,20,380,74,True
2025-12-18 17:23:48,Standard,INFORMATION,21,160,19,True
2025-12-18 17:23:48,Standard,INFORMATION,22,150,20,True
2025-12-18 17:23:48,Standard,INFORMATION,23,50,6,True
2025-12-18 17:23:48,Standard,INFORMATION,24,10,9,True
2025-12-18 17:23:48,Standard,INFORMATION,25,460,66,True
2025-12-18 17:23:48,Standard,INFORMATION,26,370,52,True
2025-12-18 17:23:48,Standard,INFORMATION,27,130,18,True
2025-12-18 17:23:48,Standard,INFORMATION,28,70,16,True
2025-12-18 17:23:49,Standard,INFORMATION,29,200,38,True
2025-12-18 17:23:49,Standard,INFORMATION,30,100,13,True
2025-12-18 17:23:49,Standard,INFORMATION,31,100,13,True
2025-12-18 17:23:49,Standard,INFORMATION,32,80,25,True
2025-12-18 17:23:49,Standard,INFORMATION,33,330,59,True
2025-12-18 17:23:49,Standard,INFORMATION,34,400,73,True
2025-12-18 17:23:49,Standard,INFORMATION,35,70,12,True
2025-12-18 17:23:49,Standard,INFORMATION,36,140,20,True
2025-12-18 17:23:49,Standard,INFORMATION,37,130,23,True
2025-12-18 17:23:49,Standard,INFORMATION,38,110,28,True
2025-12-18 17:23:49,Standard,INFORMATION,39,70,8,True
2025-12-18 17:23:50,Standard,INFORMATION,40,110,38,True
2025-12-18 17:23:50,Standard,INFORMATION,41,50,6,True
2025-12-18 17:23:50,Standard,INFORMATION,42,40,5,True
2025-12-18 17:23:50,Standard,INFORMATION,43,80,10,True
2025-12-18 17:23:50,Standard,INFORMATION,44,320,43,True
2025-12-18 17:23:50,Standard,INFORMATION,45,120,19,True
2025-12-18 17:23:50,Standard,INFORMATION,46,130,15,True
2025-12-18 17:23:50,Standard,INFORMATION,47,200,34,True
2025-12-18 17:23:50,Standard,INFORMATION,48,150,21,True
2025-12-18 17:23:50,Standard,INFORMATION,49,30,6,True
2025-12-18 17:23:50,Standard,INFORMATION,50,190,28,True
2025-12-18 17:23:50,Standard,INFORMATION,51,90,14,True
2025-12-18 17:23:51,Standard,INFORMATION,52,440,142,True
2025-12-18 17:23:51,Standard,INFORMATION,53,420,25,True
2025-12-18 17:23:51,Standard,INFORMATION,54,140,20,True
2025-12-18 17:23:51,Standard,INFORMATION,55,90,12,True
2025-12-18 17:23:51,Standard,INFORMATION,56,100,21,True
2025-12-18 17:23:51,Standard,INFORMATION,57,30,7,True
2025-12-18 17:23:51,Standard,INFORMATION,58,70,33,True
2025-12-18 17:23:52,Standard,INFORMATION,59,510,59,True
2025-12-18 17:23:52,Standard,INFORMATION,60,240,28,True
2025-12-18 17:23:52,Standard,INFORMATION,61,260,31,True
2025-12-18 17:23:52,Standard,INFORMATION,62,140,17,True
2025-12-18 17:23:52,Standard,INFORMATION,63,90,51,True
2025-12-18 17:23:53,Standard,INFORMATION,64,100,46,True
2025-12-18 17:23:53,Standard,INFORMATION,65,60,8,True
2025-12-18 17:23:53,Standard,INFORMATION,66,40,7,True
2025-12-18 17:23:53,Standard,INFORMATION,67,70,10,True
2025-12-18 17:23:53,Standard,INFORMATION,68,350,119,True
2025-12-18 17:23:53,Standard,INFORMATION,69,30,8,True
2025-12-18 17:23:54,Standard,INFORMATION,70,300,60,True
2025-12-18 17:23:54,Standard,INFORMATION,71,870,77,True
2025-12-18 17:23:55,Standard,INFORMATION,72,1350,200,True
2025-12-18 17:23:55,Standard,INFORMATION,73,80,20,True
2025-12-18 17:23:55,Standard,INFORMATION,74,530,38,True
2025-12-18 17:23:55,Standard,INFORMATION,75,50,7,True
2025-12-18 17:23:56,Standard,INFORMATION,76,500,62,True
2025-12-18 17:23:56,Standard,INFORMATION,77,50,34,True
2025-12-18 17:23:56,Standard,INFORMATION,78,200,23,True
2025-12-18 17:23:56,Standard,INFORMATION,79,200,42,True
2025-12-18 17:23:56,Standard,INFORMATION,80,60,8,True
2025-12-18 17:23:56,Standard,INFORMATION,81,90,13,True
2025-12-18 17:23:56,Standard,INFORMATION,82,140,18,True
2025-12-18 17:23:56,Standard,INFORMATION,83,160,48,True
2025-12-18 17:23:57,Standard,INFORMATION,84,130,18,True
2025-12-18 17:23:57,Standard,INFORMATION,85,60,10,True
2025-12-18 17:23:57,Standard,INFORMATION,86,140,18,True
2025-12-18 17:23:57,Standard,INFORMATION,87,60,7,True
2025-12-18 17:23:57,Standard,INFORMATION,88,400,51,True
2025-12-18 17:23:57,Standard,INFORMATION,89,90,17,True
2025-12-18 17:23:57,Standard,INFORMATION,90,120,20,True
2025-12-18 17:23:58,Standard,INFORMATION,91,1490,200,True
2025-12-18 17:23:58,Standard,INFORMATION,92,110,35,True
2025-12-18 17:23:58,Standard,INFORMATION,93,270,38,True
2025-12-18 17:23:58,Standard,INFORMATION,94,130,17,True
2025-12-18 17:23:58,Standard,INFORMATION,95,1060,114,True
2025-12-18 17:23:59,Standard,INFORMATION,96,40,17,True
2025-12-18 17:23:59,Standard,INFORMATION,97,290,48,True
2025-12-18 17:23:59,Standard,INFORMATION,98,20,6,True
2025-12-18 17:23:59,Standard,INFORMATION,99,60,8,True
2025-12-18 17:23:59,Standard,INFORMATION,100,120,20,True
2025-12-18 17:23:59,QuantumMaze,QUANTUM,1,420,62,True
2025-12-18 17:23:59,QuantumMaze,QUANTUM,2,310,92,True
2025-12-18 17:24:00,QuantumMaze,QUANTUM,3,690,140,True
2025-12-18 17:24:01,QuantumMaze,QUANTUM,4,310,38,True
2025-12-18 17:24:01,QuantumMaze,QUANTUM,5,90,27,True
2025-12-18 17:24:01,QuantumMaze,QUANTUM,6,70,8,True
2025-12-18 17:24:01,QuantumMaze,QUANTUM,7,330,58,True
2025-12-18 17:24:01,QuantumMaze,QUANTUM,8,70,11,True
2025-12-18 17:24:01,QuantumMaze,QUANTUM,9,280,41,True
2025-12-18 17:24:02,QuantumMaze,QUANTUM,10,1270,200,True
2025-12-18 17:24:03,QuantumMaze,QUANTUM,11,840,185,True
2025-12-18 17:24:03,QuantumMaze,QUANTUM,12,500,67,True
2025-12-18 17:24:03,QuantumMaze,QUANTUM,13,180,30,True
2025-12-18 17:24:04,QuantumMaze,QUANTUM,14,90,21,True
2025-12-18 17:24:04,QuantumMaze,QUANTUM,15,210,29,True
2025-12-18 17:24:04,QuantumMaze,QUANTUM,16,100,14,True
2025-12-18 17:24:04,QuantumMaze,QUANTUM,17,50,69,True
2025-12-18 17:24:04,QuantumMaze,QUANTUM,18,130,54,True
2025-12-18 17:24:05,QuantumMaze,QUANTUM,19,80,9,True
2025-12-18 17:24:05,QuantumMaze,QUANTUM,20,300,58,True
2025-12-18 17:24:06,QuantumMaze,QUANTUM,21,400,85,True
2025-12-18 17:24:06,QuantumMaze,QUANTUM,22,130,17,True
2025-12-18 17:24:06,QuantumMaze,QUANTUM,23,580,70,True
2025-12-18 17:24:06,QuantumMaze,QUANTUM,24,40,11,True
2025-12-18 17:24:06,QuantumMaze,QUANTUM,25,330,50,True
2025-12-18 17:24:06,QuantumMaze,QUANTUM,26,150,63,True
2025-12-18 17:24:06,QuantumMaze,QUANTUM,27,200,43,True
2025-12-18 17:24:07,QuantumMaze,QUANTUM,28,330,118,True
2025-12-18 17:24:07,QuantumMaze,QUANTUM,29,380,52,True
2025-12-18 17:24:09,QuantumMaze,QUANTUM,30,1280,200,True
2025-12-18 17:24:09,QuantumMaze,QUANTUM,31,330,77,True
2025-12-18 17:24:09,QuantumMaze,QUANTUM,32,110,15,True
2025-12-18 17:24:09,QuantumMaze,QUANTUM,33,1070,152,True
2025-12-18 17:24:10,QuantumMaze,QUANTUM,34,1370,200,True
2025-12-18 17:24:10,QuantumMaze,QUANTUM,35,70,15,True
2025-12-18 17:24:10,QuantumMaze,QUANTUM,36,380,56,True
2025-12-18 17:24:11,QuantumMaze,QUANTUM,37,400,99,True
2025-12-18 17:24:11,QuantumMaze,QUANTUM,38,80,10,True
2025-12-18 17:24:11,QuantumMaze,QUANTUM,39,800,152,True
2025-12-18 17:24:11,QuantumMaze,QUANTUM,40,20,16,True
2025-12-18 17:24:11,QuantumMaze,QUANTUM,41,50,6,True
2025-12-18 17:24:11,QuantumMaze,QUANTUM,42,30,5,True
2025-12-18 17:24:11,QuantumMaze,QUANTUM,43,80,10,True
2025-12-18 17:24:12,QuantumMaze,QUANTUM,44,720,103,True
2025-12-18 17:24:12,QuantumMaze,QUANTUM,45,100,15,True
2025-12-18 17:24:12,QuantumMaze,QUANTUM,46,240,24,True
2025-12-18 17:24:12,QuantumMaze,QUANTUM,47,30,11,True
2025-12-18 17:24:12,QuantumMaze,QUANTUM,48,190,28,True
2025-12-18 17:24:12,QuantumMaze,QUANTUM,49,60,14,True
2025-12-18 17:24:12,QuantumMaze,QUANTUM,50,100,16,True
2025-12-18 17:24:13,QuantumMaze,QUANTUM,51,120,22,True
2025-12-18 17:24:13,QuantumMaze,QUANTUM,52,170,23,True
2025-12-18 17:24:13,QuantumMaze,QUANTUM,53,70,12,True
2025-12-18 17:24:13,QuantumMaze,QUANTUM,54,230,35,True
2025-12-18 17:24:13,QuantumMaze,QUANTUM,55,170,22,True
2025-12-18 17:24:13,QuantumMaze,QUANTUM,56,420,115,True
2025-12-18 17:24:13,QuantumMaze,QUANTUM,57,190,33,True
2025-12-18 17:24:14,QuantumMaze,QUANTUM,58,240,41,True
2025-12-18 17:24:15,QuantumMaze,QUANTUM,59,870,200,True
2025-12-18 17:24:15,QuantumMaze,QUANTUM,60,410,92,True
2025-12-18 17:24:16,QuantumMaze,QUANTUM,61,160,52,True
2025-12-18 17:24:16,QuantumMaze,QUANTUM,62,180,29,True
2025-12-18 17:24:16,QuantumMaze,QUANTUM,63,160,42,True
2025-12-18 17:24:16,QuantumMaze,QUANTUM,64,1110,200,True
2025-12-18 17:24:17,QuantumMaze,QUANTUM,65,420,55,True
2025-12-18 17:24:17,QuantumMaze,QUANTUM,66,40,7,True
2025-12-18 17:24:17,QuantumMaze,QUANTUM,67,300,37,True
2025-12-18 17:24:18,QuantumMaze,QUANTUM,68,310,160,True
2025-12-18 17:24:18,QuantumMaze,QUANTUM,69,350,51,True
2025-12-18 17:24:19,QuantumMaze,QUANTUM,70,670,144,True
2025-12-18 17:24:19,QuantumMaze,QUANTUM,71,200,57,True
2025-12-18 17:24:19,QuantumMaze,QUANTUM,72,130,27,True
2025-12-18 17:24:19,QuantumMaze,QUANTUM,73,230,37,True
2025-12-18 17:24:21,QuantumMaze,QUANTUM,74,1200,183,True
2025-12-18 17:24:21,QuantumMaze,QUANTUM,75,240,47,True
2025-12-18 17:24:21,QuantumMaze,QUANTUM,76,370,57,True
2025-12-18 17:24:23,QuantumMaze,QUANTUM,77,880,200,True
2025-12-18 17:24:23,QuantumMaze,QUANTUM,78,110,15,True
2025-12-18 17:24:23,QuantumMaze,QUANTUM,79,280,36,True
2025-12-18 17:24:23,QuantumMaze,QUANTUM,80,780,100,True
2025-12-18 17:24:24,QuantumMaze,QUANTUM,81,440,67,True
2025-12-18 17:24:24,QuantumMaze,QUANTUM,82,30,52,True
2025-12-18 17:24:24,QuantumMaze,QUANTUM,83,670,103,True
2025-12-18 17:24:24,QuantumMaze,QUANTUM,84,100,15,True
2025-12-18 17:24:25,QuantumMaze,QUANTUM,85,420,71,True
2025-12-18 17:24:26,QuantumMaze,QUANTUM,86,530,159,True
2025-12-18 17:24:27,QuantumMaze,QUANTUM,87,840,200,True
2025-12-18 17:24:27,QuantumMaze,QUANTUM,88,240,45,True
2025-12-18 17:24:28,QuantumMaze,QUANTUM,89,510,98,True
2025-12-18 17:24:28,QuantumMaze,QUANTUM,90,500,56,True
2025-12-18 17:24:28,QuantumMaze,QUANTUM,91,490,58,True
2025-12-18 17:24:28,QuantumMaze,QUANTUM,92,250,52,True
2025-12-18 17:24:28,QuantumMaze,QUANTUM,93,50,18,True
2025-12-18 17:24:29,QuantumMaze,QUANTUM,94,950,120,True
2025-12-18 17:24:30,QuantumMaze,QUANTUM,95,790,173,True
2025-12-18 17:24:30,QuantumMaze,QUANTUM,96,210,28,True
2025-12-18 17:24:30,QuantumMaze,QUANTUM,97,120,20,True
2025-12-18 17:24:30,QuantumMaze,QUANTUM,98,20,7,True
2025-12-18 17:24:30,QuantumMaze,QUANTUM,99,60,8,True
2025-12-18 17:24:30,QuantumMaze,QUANTUM,100,280,41,True
2025-12-18 17:24:30,QuantumMaze,PHYSICS,1,60,13,True
2025-12-18 17:24:31,QuantumMaze,PHYSICS,2,310,92,True
2025-12-18 17:24:32,QuantumMaze,PHYSICS,3,310,93,True
2025-12-18 17:24:32,QuantumMaze,PHYSICS,4,410,70,True
2025-12-18 17:24:32,QuantumMaze,PHYSICS,5,60,10,True
2025-12-18 17:24:32,QuantumMaze,PHYSICS,6,150,28,True
2025-12-18 17:24:33,QuantumMaze,PHYSICS,7,320,48,True
2025-12-18 17:24:33,QuantumMaze,PHYSICS,8,10,8,True
2025-12-18 17:24:33,QuantumMaze,PHYSICS,9,160,39,True
2025-12-18 17:24:35,QuantumMaze,PHYSICS,10,510,200,True
2025-12-18 17:24:35,QuantumMaze,PHYSICS,11,400,72,True
2025-12-18 17:24:35,QuantumMaze,PHYSICS,12,30,12,True
2025-12-18 17:24:36,QuantumMaze,PHYSICS,13,190,30,True
2025-12-18 17:24:36,QuantumMaze,PHYSICS,14,660,72,True
2025-12-18 17:24:37,QuantumMaze,PHYSICS,15,750,129,True
2025-12-18 17:24:37,QuantumMaze,PHYSICS,16,100,14,True
2025-12-18 17:24:37,QuantumMaze,PHYSICS,17,170,25,True
2025-12-18 17:24:37,QuantumMaze,PHYSICS,18,70,12,True
2025-12-18 17:24:38,QuantumMaze,PHYSICS,19,80,9,True
2025-12-18 17:24:38,QuantumMaze,PHYSICS,20,430,95,True
2025-12-18 17:24:39,QuantumMaze,PHYSICS,21,50,35,True
2025-12-18 17:24:39,QuantumMaze,PHYSICS,22,120,16,True
2025-12-18 17:24:39,QuantumMaze,PHYSICS,23,1080,151,True
2025-12-18 17:24:40,QuantumMaze,PHYSICS,24,90,17,True
2025-12-18 17:24:40,QuantumMaze,PHYSICS,25,460,59,True
2025-12-18 17:24:40,QuantumMaze,PHYSICS,26,450,52,True
2025-12-18 17:24:41,QuantumMaze,PHYSICS,27,510,60,True
2025-12-18 17:24:41,QuantumMaze,PHYSICS,28,260,49,True
2025-12-18 17:24:42,QuantumMaze,PHYSICS,29,290,100,True
2025-12-18 17:24:42,QuantumMaze,PHYSICS,30,310,30,True
2025-12-18 17:24:43,QuantumMaze,PHYSICS,31,580,128,True
2025-12-18 17:24:44,QuantumMaze,PHYSICS,32,140,22,True
2025-12-18 17:24:45,QuantumMaze,PHYSICS,33,1390,200,True
2025-12-18 17:24:46,QuantumMaze,PHYSICS,34,1140,135,True
2025-12-18 17:24:46,QuantumMaze,PHYSICS,35,80,17,True
2025-12-18 17:24:46,QuantumMaze,PHYSICS,36,120,17,True
2025-12-18 17:24:46,QuantumMaze,PHYSICS,37,80,14,True
2025-12-18 17:24:46,QuantumMaze,PHYSICS,38,110,14,True
2025-12-18 17:24:47,QuantumMaze,PHYSICS,39,770,78,True
2025-12-18 17:24:47,QuantumMaze,PHYSICS,40,20,16,True
2025-12-18 17:24:47,QuantumMaze,PHYSICS,41,70,11,True
2025-12-18 17:24:47,QuantumMaze,PHYSICS,42,30,13,True
2025-12-18 17:24:47,QuantumMaze,PHYSICS,43,190,32,True
2025-12-18 17:24:49,QuantumMaze,PHYSICS,44,550,179,True
2025-12-18 17:24:50,QuantumMaze,PHYSICS,45,620,113,True
2025-12-18 17:24:50,QuantumMaze,PHYSICS,46,240,24,True
2025-12-18 17:24:50,QuantumMaze,PHYSICS,47,20,11,True
2025-12-18 17:24:50,QuantumMaze,PHYSICS,48,480,66,True
2025-12-18 17:24:50,QuantumMaze,PHYSICS,49,60,14,True
2025-12-18 17:24:51,QuantumMaze,PHYSICS,50,250,55,True
2025-12-18 17:24:51,QuantumMaze,PHYSICS,51,370,54,True
2025-12-18 17:24:52,QuantumMaze,PHYSICS,52,100,15,True
2025-12-18 17:24:52,QuantumMaze,PHYSICS,53,70,12,True
2025-12-18 17:24:52,QuantumMaze,PHYSICS,54,70,13,True
2025-12-18 17:24:52,QuantumMaze,PHYSICS,55,330,48,True
2025-12-18 17:24:52,QuantumMaze,PHYSICS,56,160,27,True
2025-12-18 17:24:53,QuantumMaze,PHYSICS,57,400,71,True
2025-12-18 17:24:53,QuantumMaze,PHYSICS,58,240,41,True
2025-12-18 17:24:54,QuantumMaze,PHYSICS,59,280,158,True
2025-12-18 17:24:55,QuantumMaze,PHYSICS,60,490,82,True
2025-12-18 17:24:55,QuantumMaze,PHYSICS,61,210,61,True
2025-12-18 17:24:55,QuantumMaze,PHYSICS,62,30,10,True
2025-12-18 17:24:56,QuantumMaze,PHYSICS,63,270,49,True
2025-12-18 17:24:56,QuantumMaze,PHYSICS,64,320,38,True
2025-12-18 17:24:56,QuantumMaze,PHYSICS,65,130,20,True
2025-12-18 17:24:56,QuantumMaze,PHYSICS,66,270,35,True
2025-12-18 17:24:57,QuantumMaze,PHYSICS,67,460,92,True
2025-12-18 17:24:58,QuantumMaze,PHYSICS,68,210,43,True
2025-12-18 17:24:58,QuantumMaze,PHYSICS,69,340,59,True
2025-12-18 17:25:00,QuantumMaze,PHYSICS,70,1270,200,True
2025-12-18 17:25:00,QuantumMaze,PHYSICS,71,160,26,True
2025-12-18 17:25:00,QuantumMaze,PHYSICS,72,90,11,True
2025-12-18 17:25:00,QuantumMaze,PHYSICS,73,110,20,True
2025-12-18 17:25:02,QuantumMaze,PHYSICS,74,1270,166,True
2025-12-18 17:25:02,QuantumMaze,PHYSICS,75,120,23,True
2025-12-18 17:25:03,QuantumMaze,PHYSICS,76,280,85,True
2025-12-18 17:25:03,QuantumMaze,PHYSICS,77,110,29,True
2025-12-18 17:25:03,QuantumMaze,PHYSICS,78,90,11,True
2025-12-18 17:25:03,QuantumMaze,PHYSICS,79,330,46,True
2025-12-18 17:25:04,QuantumMaze,PHYSICS,80,740,94,True
2025-12-18 17:25:04,QuantumMaze,PHYSICS,81,200,32,True
2025-12-18 17:25:04,QuantumMaze,PHYSICS,82,140,26,True
2025-12-18 17:25:04,QuantumMaze,PHYSICS,83,60,11,True
2025-12-18 17:25:05,QuantumMaze,PHYSICS,84,100,15,True
2025-12-18 17:25:05,QuantumMaze,PHYSICS,85,360,89,True
2025-12-18 17:25:06,QuantumMaze,PHYSICS,86,460,103,True
2025-12-18 17:25:06,QuantumMaze,PHYSICS,87,80,12,True
2025-12-18 17:25:06,QuantumMaze,PHYSICS,88,150,21,True
2025-12-18 17:25:07,QuantumMaze,PHYSICS,89,90,37,True
2025-12-18 17:25:07,QuantumMaze,PHYSICS,90,630,61,True
2025-12-18 17:25:08,QuantumMaze,PHYSICS,91,1030,101,True
2025-12-18 17:25:08,QuantumMaze,PHYSICS,92,70,8,True
2025-12-18 17:25:08,QuantumMaze,PHYSICS,93,400,59,True
2025-12-18 17:25:09,QuantumMaze,PHYSICS,94,430,107,True
2025-12-18 17:25:10,QuantumMaze,PHYSICS,95,60,11,True
2025-12-18 17:25:11,QuantumMaze,PHYSICS,96,1060,133,True
2025-12-18 17:25:11,QuantumMaze,PHYSICS,97,310,47,True
2025-12-18 17:25:12,QuantumMaze,PHYSICS,98,520,67,True
2025-12-18 17:25:12,QuantumMaze,PHYSICS,99,90,14,True
2025-12-18 17:25:12,QuantumMaze,PHYSICS,100,770,110,True
2025-12-18 17:25:12,QuantumMaze,RELATIVITY,1,420,62,True
2025-12-18 17:25:13,QuantumMaze,RELATIVITY,2,310,92,True
2025-12-18 17:25:13,QuantumMaze,RELATIVITY,3,550,65,True
2025-12-18 17:25:13,QuantumMaze,RELATIVITY,4,520,80,True
2025-12-18 17:25:13,QuantumMaze,RELATIVITY,5,60,10,True
2025-12-18 17:25:13,QuantumMaze,RELATIVITY,6,70,8,True
2025-12-18 17:25:14,QuantumMaze,RELATIVITY,7,330,58,True
2025-12-18 17:25:14,QuantumMaze,RELATIVITY,8,390,54,True
2025-12-18 17:25:14,QuantumMaze,RELATIVITY,9,100,17,True
2025-12-18 17:25:14,QuantumMaze,RELATIVITY,10,1270,200,True
2025-12-18 17:25:16,QuantumMaze,RELATIVITY,11,840,185,True
2025-12-18 17:25:16,QuantumMaze,RELATIVITY,12,500,67,True
2025-12-18 17:25:16,QuantumMaze,RELATIVITY,13,180,30,True
2025-12-18 17:25:16,QuantumMaze,RELATIVITY,14,660,72,True
2025-12-18 17:25:17,QuantumMaze,RELATIVITY,15,300,69,True
2025-12-18 17:25:17,QuantumMaze,RELATIVITY,16,100,14,True
2025-12-18 17:25:17,QuantumMaze,RELATIVITY,17,100,12,True
2025-12-18 17:25:17,QuantumMaze,RELATIVITY,18,190,23,True
2025-12-18 17:25:17,QuantumMaze,RELATIVITY,19,80,9,True
2025-12-18 17:25:17,QuantumMaze,RELATIVITY,20,300,58,True
2025-12-18 17:25:18,QuantumMaze,RELATIVITY,21,460,108,True
2025-12-18 17:25:18,QuantumMaze,RELATIVITY,22,70,23,True
2025-12-18 17:25:18,QuantumMaze,RELATIVITY,23,940,136,True
2025-12-18 17:25:18,QuantumMaze,RELATIVITY,24,40,11,True
2025-12-18 17:25:19,QuantumMaze,RELATIVITY,25,330,50,True
2025-12-18 17:25:19,QuantumMaze,RELATIVITY,26,150,63,True
2025-12-18 17:25:19,QuantumMaze,RELATIVITY,27,200,43,True
2025-12-18 17:25:20,QuantumMaze,RELATIVITY,28,330,118,True
2025-12-18 17:25:20,QuantumMaze,RELATIVITY,29,380,52,True
2025-12-18 17:25:20,QuantumMaze,RELATIVITY,30,940,110,True
2025-12-18 17:25:21,QuantumMaze,RELATIVITY,31,330,77,True
2025-12-18 17:25:21,QuantumMaze,RELATIVITY,32,160,26,True
2025-12-18 17:25:21,QuantumMaze,RELATIVITY,33,150,38,True
2025-12-18 17:25:22,QuantumMaze,RELATIVITY,34,1370,200,True
2025-12-18 17:25:22,QuantumMaze,RELATIVITY,35,30,9,True
2025-12-18 17:25:22,QuantumMaze,RELATIVITY,36,10,54,True
2025-12-18 17:25:22,QuantumMaze,RELATIVITY,37,400,99,True
2025-12-18 17:25:22,QuantumMaze,RELATIVITY,38,120,13,True
2025-12-18 17:25:23,QuantumMaze,RELATIVITY,39,800,152,True
2025-12-18 17:25:23,QuantumMaze,RELATIVITY,40,20,16,True
2025-12-18 17:25:23,QuantumMaze,RELATIVITY,41,50,6,True
2025-12-18 17:25:23,QuantumMaze,RELATIVITY,42,40,6,True
2025-12-18 17:25:23,QuantumMaze,RELATIVITY,43,80,10,True
2025-12-18 17:25:24,QuantumMaze,RELATIVITY,44,720,103,True
2025-12-18 17:25:24,QuantumMaze,RELATIVITY,45,100,15,True
2025-12-18 17:25:24,QuantumMaze,RELATIVITY,46,530,87,True
2025-12-18 17:25:24,QuantumMaze,RELATIVITY,47,60,8,True
2025-12-18 17:25:24,QuantumMaze,RELATIVITY,48,480,66,True
2025-12-18 17:25:24,QuantumMaze,RELATIVITY,49,60,14,True
2025-12-18 17:25:25,QuantumMaze,RELATIVITY,50,200,37,True
2025-12-18 17:25:25,QuantumMaze,RELATIVITY,51,720,94,True
2025-12-18 17:25:25,QuantumMaze,RELATIVITY,52,370,61,True
2025-12-18 17:25:25,QuantumMaze,RELATIVITY,53,70,12,True
2025-12-18 17:25:25,QuantumMaze,RELATIVITY,54,100,13,True
2025-12-18 17:25:25,QuantumMaze,RELATIVITY,55,170,22,True
2025-12-18 17:25:25,QuantumMaze,RELATIVITY,56,50,25,True
2025-12-18 17:25:26,QuantumMaze,RELATIVITY,57,190,33,True
2025-12-18 17:25:26,QuantumMaze,RELATIVITY,58,240,41,True
2025-12-18 17:25:26,QuantumMaze,RELATIVITY,59,50,6,True
2025-12-18 17:25:26,QuantumMaze,RELATIVITY,60,510,68,True
2025-12-18 17:25:26,QuantumMaze,RELATIVITY,61,210,61,True
2025-12-18 17:25:27,QuantumMaze,RELATIVITY,62,170,25,True
2025-12-18 17:25:27,QuantumMaze,RELATIVITY,63,190,28,True
2025-12-18 17:25:27,QuantumMaze,RELATIVITY,64,500,65,True
2025-12-18 17:25:27,QuantumMaze,RELATIVITY,65,290,61,True
2025-12-18 17:25:27,QuantumMaze,RELATIVITY,66,40,7,True
2025-12-18 17:25:27,QuantumMaze,RELATIVITY,67,460,101,True
2025-12-18 17:25:28,QuantumMaze,RELATIVITY,68,170,33,True
2025-12-18 17:25:28,QuantumMaze,RELATIVITY,69,100,18,True
2025-12-18 17:25:29,QuantumMaze,RELATIVITY,70,1290,200,True
2025-12-18 17:25:29,QuantumMaze,RELATIVITY,71,660,98,True
2025-12-18 17:25:29,QuantumMaze,RELATIVITY,72,90,15,True
2025-12-18 17:25:29,QuantumMaze,RELATIVITY,73,230,37,True
2025-12-18 17:25:31,QuantumMaze,RELATIVITY,74,1200,183,True
2025-12-18 17:25:31,QuantumMaze,RELATIVITY,75,70,23,True
2025-12-18 17:25:31,QuantumMaze,RELATIVITY,76,280,85,True
2025-12-18 17:25:31,QuantumMaze,RELATIVITY,77,70,13,True
2025-12-18 17:25:31,QuantumMaze,RELATIVITY,78,110,15,True
2025-12-18 17:25:31,QuantumMaze,RELATIVITY,79,280,36,True
2025-12-18 17:25:32,QuantumMaze,RELATIVITY,80,770,99,True
2025-12-18 17:25:32,QuantumMaze,RELATIVITY,81,440,67,True
2025-12-18 17:25:33,QuantumMaze,RELATIVITY,82,30,52,True
2025-12-18 17:25:33,QuantumMaze,RELATIVITY,83,360,46,True
2025-12-18 17:25:33,QuantumMaze,RELATIVITY,84,100,15,True
2025-12-18 17:25:33,QuantumMaze,RELATIVITY,85,420,71,True
2025-12-18 17:25:34,QuantumMaze,RELATIVITY,86,370,67,True
2025-12-18 17:25:34,QuantumMaze,RELATIVITY,87,10,12,True
2025-12-18 17:25:34,QuantumMaze,RELATIVITY,88,150,21,True
2025-12-18 17:25:34,QuantumMaze,RELATIVITY,89,150,28,True
2025-12-18 17:25:34,QuantumMaze,RELATIVITY,90,500,56,True
2025-12-18 17:25:34,QuantumMaze,RELATIVITY,91,300,50,True
2025-12-18 17:25:34,QuantumMaze,RELATIVITY,92,250,35,True
2025-12-18 17:25:34,QuantumMaze,RELATIVITY,93,200,29,True
2025-12-18 17:25:35,QuantumMaze,RELATIVITY,94,1150,151,True
2025-12-18 17:25:36,QuantumMaze,RELATIVITY,95,550,85,True
2025-12-18 17:25:37,QuantumMaze,RELATIVITY,96,1060,133,True
2025-12-18 17:25:37,QuantumMaze,RELATIVITY,97,260,33,True
2025-12-18 17:25:37,QuantumMaze,RELATIVITY,98,20,7,True
2025-12-18 17:25:37,QuantumMaze,RELATIVITY,99,510,46,True
2025-12-18 17:25:37,QuantumMaze,RELATIVITY,100,660,98,True
2025-12-18 17:25:37,QuantumMaze,INFORMATION,1,420,62,True
2025-12-18 17:25:38,QuantumMaze,INFORMATION,2,310,92,True
2025-12-18 17:25:39,QuantumMaze,INFORMATION,3,690,140,True
2025-12-18 17:25:40,QuantumMaze,INFORMATION,4,240,126,True
2025-12-18 17:25:40,QuantumMaze,INFORMATION,5,60,10,True
2025-12-18 17:25:40,QuantumMaze,INFORMATION,6,70,8,True
2025-12-18 17:25:40,QuantumMaze,INFORMATION,7,330,58,True
2025-12-18 17:25:40,QuantumMaze,INFORMATION,8,80,9,True
2025-12-18 17:25:40,QuantumMaze,INFORMATION,9,100,17,True
2025-12-18 17:25:41,QuantumMaze,INFORMATION,10,1270,200,True
2025-12-18 17:25:42,QuantumMaze,INFORMATION,11,840,185,True
2025-12-18 17:25:42,QuantumMaze,INFORMATION,12,500,67,True
2025-12-18 17:25:43,QuantumMaze,INFORMATION,13,180,30,True
2025-12-18 17:25:43,QuantumMaze,INFORMATION,14,90,21,True
2025-12-18 17:25:43,QuantumMaze,INFORMATION,15,210,29,True
2025-12-18 17:25:43,QuantumMaze,INFORMATION,16,100,14,True
2025-12-18 17:25:43,QuantumMaze,INFORMATION,17,100,12,True
2025-12-18 17:25:43,QuantumMaze,INFORMATION,18,130,54,True
2025-12-18 17:25:43,QuantumMaze,INFORMATION,19,80,9,True
2025-12-18 17:25:44,QuantumMaze,INFORMATION,20,300,58,True
2025-12-18 17:25:44,QuantumMaze,INFORMATION,21,120,16,True
2025-12-18 17:25:44,QuantumMaze,INFORMATION,22,130,17,True
2025-12-18 17:25:44,QuantumMaze,INFORMATION,23,370,49,True
2025-12-18 17:25:44,QuantumMaze,INFORMATION,24,40,11,True
2025-12-18 17:25:44,QuantumMaze,INFORMATION,25,330,50,True
2025-12-18 17:25:44,QuantumMaze,INFORMATION,26,150,63,True
2025-12-18 17:25:44,QuantumMaze,INFORMATION,27,200,43,True
2025-12-18 17:25:45,QuantumMaze,INFORMATION,28,330,118,True
2025-12-18 17:25:45,QuantumMaze,INFORMATION,29,380,52,True
2025-12-18 17:25:46,QuantumMaze,INFORMATION,30,940,110,True
2025-12-18 17:25:46,QuantumMaze,INFORMATION,31,330,77,True
2025-12-18 17:25:46,QuantumMaze,INFORMATION,32,140,24,True
2025-12-18 17:25:46,QuantumMaze,INFORMATION,33,150,38,True
2025-12-18 17:25:47,QuantumMaze,INFORMATION,34,1370,200,True
2025-12-18 17:25:47,QuantumMaze,INFORMATION,35,70,15,True
2025-12-18 17:25:47,QuantumMaze,INFORMATION,36,420,62,True
2025-12-18 17:25:47,QuantumMaze,INFORMATION,37,400,99,True
2025-12-18 17:25:47,QuantumMaze,INFORMATION,38,420,35,True
2025-12-18 17:25:48,QuantumMaze,INFORMATION,39,800,152,True
2025-12-18 17:25:48,QuantumMaze,INFORMATION,40,20,16,True
2025-12-18 17:25:48,QuantumMaze,INFORMATION,41,50,6,True
2025-12-18 17:25:48,QuantumMaze,INFORMATION,42,30,5,True
2025-12-18 17:25:48,QuantumMaze,INFORMATION,43,80,10,True
2025-12-18 17:25:49,QuantumMaze,INFORMATION,44,720,103,True
2025-12-18 17:25:49,QuantumMaze,INFORMATION,45,100,15,True
2025-12-18 17:25:49,QuantumMaze,INFORMATION,46,240,24,True
2025-12-18 17:25:49,QuantumMaze,INFORMATION,47,30,11,True
2025-12-18 17:25:49,QuantumMaze,INFORMATION,48,130,22,True
2025-12-18 17:25:49,QuantumMaze,INFORMATION,49,60,14,True
2025-12-18 17:25:49,QuantumMaze,INFORMATION,50,100,16,True
2025-12-18 17:25:49,QuantumMaze,INFORMATION,51,120,22,True
2025-12-18 17:25:50,QuantumMaze,INFORMATION,52,370,61,True
2025-12-18 17:25:50,QuantumMaze,INFORMATION,53,70,12,True
2025-12-18 17:25:50,QuantumMaze,INFORMATION,54,340,74,True
2025-12-18 17:25:50,QuantumMaze,INFORMATION,55,170,22,True
2025-12-18 17:25:51,QuantumMaze,INFORMATION,56,420,115,True
2025-12-18 17:25:51,QuantumMaze,INFORMATION,57,190,33,True
2025-12-18 17:25:51,QuantumMaze,INFORMATION,58,240,41,True
2025-12-18 17:25:52,QuantumMaze,INFORMATION,59,870,200,True
2025-12-18 17:25:53,QuantumMaze,INFORMATION,60,410,92,True
2025-12-18 17:25:53,QuantumMaze,INFORMATION,61,210,61,True
2025-12-18 17:25:53,QuantumMaze,INFORMATION,62,170,25,True
2025-12-18 17:25:54,QuantumMaze,INFORMATION,63,160,42,True
2025-12-18 17:25:55,QuantumMaze,INFORMATION,64,750,200,True
2025-12-18 17:25:55,QuantumMaze,INFORMATION,65,880,183,True
2025-12-18 17:25:55,QuantumMaze,INFORMATION,66,40,7,True
2025-12-18 17:25:56,QuantumMaze,INFORMATION,67,460,101,True
2025-12-18 17:25:56,QuantumMaze,INFORMATION,68,170,33,True
2025-12-18 17:25:56,QuantumMaze,INFORMATION,69,100,18,True
2025-12-18 17:25:57,QuantumMaze,INFORMATION,70,670,144,True
2025-12-18 17:25:57,QuantumMaze,INFORMATION,71,200,57,True
2025-12-18 17:25:57,QuantumMaze,INFORMATION,72,130,27,True
2025-12-18 17:25:57,QuantumMaze,INFORMATION,73,230,37,True
2025-12-18 17:25:59,QuantumMaze,INFORMATION,74,1200,183,True
2025-12-18 17:25:59,QuantumMaze,INFORMATION,75,240,47,True
2025-12-18 17:25:59,QuantumMaze,INFORMATION,76,370,57,True
2025-12-18 17:26:00,QuantumMaze,INFORMATION,77,880,200,True
2025-12-18 17:26:00,QuantumMaze,INFORMATION,78,110,15,True
2025-12-18 17:26:01,QuantumMaze,INFORMATION,79,280,36,True
2025-12-18 17:26:01,QuantumMaze,INFORMATION,80,770,99,True
2025-12-18 17:26:01,QuantumMaze,INFORMATION,81,440,67,True
2025-12-18 17:26:02,QuantumMaze,INFORMATION,82,30,52,True
2025-12-18 17:26:02,QuantumMaze,INFORMATION,83,670,103,True
2025-12-18 17:26:02,QuantumMaze,INFORMATION,84,100,15,True
2025-12-18 17:26:02,QuantumMaze,INFORMATION,85,420,71,True
2025-12-18 17:26:04,QuantumMaze,INFORMATION,86,530,159,True
2025-12-18 17:26:05,QuantumMaze,INFORMATION,87,1160,200,True
2025-12-18 17:26:05,QuantumMaze,INFORMATION,88,150,21,True
2025-12-18 17:26:05,QuantumMaze,INFORMATION,89,460,66,True
2025-12-18 17:26:06,QuantumMaze,INFORMATION,90,500,56,True
2025-12-18 17:26:06,QuantumMaze,INFORMATION,91,490,58,True
2025-12-18 17:26:06,QuantumMaze,INFORMATION,92,250,35,True
2025-12-18 17:26:06,QuantumMaze,INFORMATION,93,50,18,True
2025-12-18 17:26:06,QuantumMaze,INFORMATION,94,950,120,True
2025-12-18 17:26:07,QuantumMaze,INFORMATION,95,240,143,True
2025-12-18 17:26:08,QuantumMaze,INFORMATION,96,250,40,True
2025-12-18 17:26:08,QuantumMaze,INFORMATION,97,120,20,True
2025-12-18 17:26:08,QuantumMaze,INFORMATION,98,20,7,True
2025-12-18 17:26:08,QuantumMaze,INFORMATION,99,60,8,True
2025-12-18 17:26:08,QuantumMaze,INFORMATION,100,280,41,True
2025-12-18 17:26:08,PhysicsMaze,QUANTUM,1,90,75,True
2025-12-18 17:26:08,PhysicsMaze,QUANTUM,2,410,50,True
2025-12-18 17:26:10,PhysicsMaze,QUANTUM,3,340,200,True
2025-12-18 17:26:10,PhysicsMaze,QUANTUM,4,180,80,True
2025-12-18 17:26:10,PhysicsMaze,QUANTUM,5,240,40,True
2025-12-18 17:26:11,PhysicsMaze,QUANTUM,6,240,95,True
2025-12-18 17:26:11,PhysicsMaze,QUANTUM,7,340,65,True
2025-12-18 17:26:12,PhysicsMaze,QUANTUM,8,680,115,True
2025-12-18 17:26:12,PhysicsMaze,QUANTUM,9,250,55,True
2025-12-18 17:26:12,PhysicsMaze,QUANTUM,10,840,90,True
2025-12-18 17:26:14,PhysicsMaze,QUANTUM,11,390,125,True
2025-12-18 17:26:14,PhysicsMaze,QUANTUM,12,390,70,True
2025-12-18 17:26:14,PhysicsMaze,QUANTUM,13,460,60,True
2025-12-18 17:26:14,PhysicsMaze,QUANTUM,14,590,105,True
2025-12-18 17:26:15,PhysicsMaze,QUANTUM,15,620,75,True
2025-12-18 17:26:15,PhysicsMaze,QUANTUM,16,90,40,True
2025-12-18 17:26:15,PhysicsMaze,QUANTUM,17,70,45,True
2025-12-18 17:26:16,PhysicsMaze,QUANTUM,18,70,190,True
2025-12-18 17:26:16,PhysicsMaze,QUANTUM,19,200,45,True
2025-12-18 17:26:16,PhysicsMaze,QUANTUM,20,420,60,True
2025-12-18 17:26:16,PhysicsMaze,QUANTUM,21,250,30,True
2025-12-18 17:26:18,PhysicsMaze,QUANTUM,22,160,200,True
2025-12-18 17:26:18,PhysicsMaze,QUANTUM,23,750,200,True
2025-12-18 17:26:19,PhysicsMaze,QUANTUM,24,120,55,True
2025-12-18 17:26:19,PhysicsMaze,QUANTUM,25,320,55,True
2025-12-18 17:26:19,PhysicsMaze,QUANTUM,26,80,20,True
2025-12-18 17:26:19,PhysicsMaze,QUANTUM,27,340,50,True
2025-12-18 17:26:20,PhysicsMaze,QUANTUM,28,280,45,True
2025-12-18 17:26:20,PhysicsMaze,QUANTUM,29,440,55,True
2025-12-18 17:26:20,PhysicsMaze,QUANTUM,30,490,75,True
2025-12-18 17:26:21,PhysicsMaze,QUANTUM,31,240,60,True
2025-12-18 17:26:21,PhysicsMaze,QUANTUM,32,200,55,True
2025-12-18 17:26:21,PhysicsMaze,QUANTUM,33,630,85,True
2025-12-18 17:26:21,PhysicsMaze,QUANTUM,34,50,50,True
2025-12-18 17:26:22,PhysicsMaze,QUANTUM,35,440,200,True
2025-12-18 17:26:23,PhysicsMaze,QUANTUM,36,570,140,True
2025-12-18 17:26:25,PhysicsMaze,QUANTUM,37,70,200,True
2025-12-18 17:26:25,PhysicsMaze,QUANTUM,38,230,35,True
2025-12-18 17:26:25,PhysicsMaze,QUANTUM,39,250,35,True
2025-12-18 17:26:26,PhysicsMaze,QUANTUM,40,40,85,True
2025-12-18 17:26:27,PhysicsMaze,QUANTUM,41,80,110,True
2025-12-18 17:26:27,PhysicsMaze,QUANTUM,42,130,35,True
2025-12-18 17:26:28,PhysicsMaze,QUANTUM,43,120,200,True
2025-12-18 17:26:28,PhysicsMaze,QUANTUM,44,180,30,True
2025-12-18 17:26:28,PhysicsMaze,QUANTUM,45,250,50,True
2025-12-18 17:26:30,PhysicsMaze,QUANTUM,46,540,200,True
2025-12-18 17:26:30,PhysicsMaze,QUANTUM,47,80,35,True
2025-12-18 17:26:31,PhysicsMaze,QUANTUM,48,520,200,True
2025-12-18 17:26:31,PhysicsMaze,QUANTUM,49,380,50,True
2025-12-18 17:26:31,PhysicsMaze,QUANTUM,50,310,45,True
2025-12-18 17:26:31,PhysicsMaze,QUANTUM,51,730,105,True
2025-12-18 17:26:32,PhysicsMaze,QUANTUM,52,980,170,True
2025-12-18 17:26:32,PhysicsMaze,QUANTUM,53,500,60,True
2025-12-18 17:26:34,PhysicsMaze,QUANTUM,54,260,200,True
2025-12-18 17:26:35,PhysicsMaze,QUANTUM,55,90,200,True
2025-12-18 17:26:35,PhysicsMaze,QUANTUM,56,370,65,True
2025-12-18 17:26:35,PhysicsMaze,QUANTUM,57,500,65,True
2025-12-18 17:26:35,PhysicsMaze,QUANTUM,58,190,35,True
2025-12-18 17:26:35,PhysicsMaze,QUANTUM,59,570,65,True
2025-12-18 17:26:36,PhysicsMaze,QUANTUM,60,540,130,True
2025-12-18 17:26:36,PhysicsMaze,QUANTUM,61,260,40,True
2025-12-18 17:26:36,PhysicsMaze,QUANTUM,62,30,30,True
2025-12-18 17:26:37,PhysicsMaze,QUANTUM,63,130,55,True
2025-12-18 17:26:37,PhysicsMaze,QUANTUM,64,150,35,True
2025-12-18 17:26:38,PhysicsMaze,QUANTUM,65,240,200,True
2025-12-18 17:26:39,PhysicsMaze,QUANTUM,66,600,90,True
2025-12-18 17:26:39,PhysicsMaze,QUANTUM,67,600,50,True
2025-12-18 17:26:39,PhysicsMaze,QUANTUM,68,150,35,True
2025-12-18 17:26:39,PhysicsMaze,QUANTUM,69,590,120,True
2025-12-18 17:26:39,QUANTUM,18,940,200,True
2025-12-18 17:26:40,PhysicsMaze,QUANTUM,70,280,80,True
2025-12-18 17:26:40,PhysicsMaze,QUANTUM,71,320,40,True
2025-12-18 17:26:40,PhysicsMaze,QUANTUM,72,40,70,True
2025-12-18 17:26:41,PhysicsMaze,QUANTUM,73,500,200,True
2025-12-18 17:26:42,PhysicsMaze,QUANTUM,74,280,80,True
2025-12-18 17:26:42,PhysicsMaze,QUANTUM,75,510,65,True
2025-12-18 17:26:42,PhysicsMaze,QUANTUM,76,240,45,True
2025-12-18 17:26:43,PhysicsMaze,QUANTUM,77,380,200,True
2025-12-18 17:26:43,QUANTUM,19,60,9,True
2025-12-18 17:26:44,PhysicsMaze,QUANTUM,78,10,200,True
2025-12-18 17:26:44,PhysicsMaze,QUANTUM,79,90,40,True
2025-12-18 17:26:44,PhysicsMaze,QUANTUM,80,190,30,True
2025-12-18 17:26:46,PhysicsMaze,QUANTUM,81,80,200,True
2025-12-18 17:26:46,PhysicsMaze,QUANTUM,82,370,60,True
2025-12-18 17:26:46,PhysicsMaze,QUANTUM,83,410,55,True
2025-12-18 17:26:47,PhysicsMaze,QUANTUM,84,120,70,True
2025-12-18 17:26:47,PhysicsMaze,QUANTUM,85,200,50,True
2025-12-18 17:26:47,PhysicsMaze,QUANTUM,86,70,40,True
2025-12-18 17:26:49,PhysicsMaze,QUANTUM,87,190,165,True
2025-12-18 17:26:49,PhysicsMaze,QUANTUM,88,470,70,True
2025-12-18 17:26:49,PhysicsMaze,QUANTUM,89,260,45,True
2025-12-18 17:26:50,PhysicsMaze,QUANTUM,90,290,200,True
2025-12-18 17:26:50,PhysicsMaze,QUANTUM,91,80,15,True
2025-12-18 17:26:51,PhysicsMaze,QUANTUM,92,40,200,True
2025-12-18 17:26:52,PhysicsMaze,QUANTUM,93,290,200,True
2025-12-18 17:26:53,PhysicsMaze,QUANTUM,94,160,200,True
2025-12-18 17:26:54,PhysicsMaze,QUANTUM,95,170,25,True
2025-12-18 17:26:54,PhysicsMaze,QUANTUM,96,60,60,True
2025-12-18 17:26:54,QUANTUM,20,280,30,True
2025-12-18 17:26:54,PhysicsMaze,QUANTUM,97,240,50,True
2025-12-18 17:26:54,PhysicsMaze,QUANTUM,98,240,30,True
2025-12-18 17:26:54,PhysicsMaze,QUANTUM,99,120,45,True
2025-12-18 17:26:54,PhysicsMaze,QUANTUM,100,60,35,True
2025-12-18 17:26:55,PhysicsMaze,PHYSICS,1,120,15,True
2025-12-18 17:26:55,PhysicsMaze,PHYSICS,2,310,45,True
2025-12-18 17:26:56,PhysicsMaze,PHYSICS,3,760,200,True
2025-12-18 17:26:56,PhysicsMaze,PHYSICS,4,320,50,True
2025-12-18 17:26:57,PhysicsMaze,PHYSICS,5,640,200,True
2025-12-18 17:26:58,PhysicsMaze,PHYSICS,6,660,90,True
2025-12-18 17:26:59,PhysicsMaze,PHYSICS,7,330,200,True
2025-12-18 17:27:00,PhysicsMaze,PHYSICS,8,400,65,True
2025-12-18 17:27:00,QUANTUM,21,120,17,True
2025-12-18 17:27:01,PhysicsMaze,PHYSICS,9,250,200,True
2025-12-18 17:27:01,PhysicsMaze,PHYSICS,10,230,20,True
2025-12-18 17:27:02,PhysicsMaze,PHYSICS,11,130,200,True
2025-12-18 17:27:04,PhysicsMaze,PHYSICS,12,470,200,True
2025-12-18 17:27:04,PhysicsMaze,PHYSICS,13,560,65,True
2025-12-18 17:27:05,PhysicsMaze,PHYSICS,14,220,95,True
2025-12-18 17:27:05,PhysicsMaze,PHYSICS,15,200,45,True
2025-12-18 17:27:06,PhysicsMaze,PHYSICS,16,240,40,True
2025-12-18 17:27:06,PhysicsMaze,PHYSICS,17,110,40,True
2025-12-18 17:27:08,PhysicsMaze,PHYSICS,18,650,200,True
2025-12-18 17:27:09,PhysicsMaze,PHYSICS,19,90,200,True
2025-12-18 17:27:09,PhysicsMaze,PHYSICS,20,230,45,True
2025-12-18 17:27:10,PhysicsMaze,PHYSICS,21,190,35,True
2025-12-18 17:27:11,QUANTUM,22,220,30,True
2025-12-18 17:27:11,PhysicsMaze,PHYSICS,22,140,200,True
2025-12-18 17:27:13,PhysicsMaze,PHYSICS,23,70,200,True
2025-12-18 17:27:13,PhysicsMaze,PHYSICS,24,110,35,True
2025-12-18 17:27:14,PhysicsMaze,PHYSICS,25,810,145,True
2025-12-18 17:27:15,PhysicsMaze,PHYSICS,26,230,100,True
2025-12-18 17:27:15,PhysicsMaze,PHYSICS,27,320,35,True
2025-12-18 17:27:15,PhysicsMaze,PHYSICS,28,430,60,True
2025-12-18 17:27:17,PhysicsMaze,PHYSICS,29,180,200,True
2025-12-18 17:27:17,PhysicsMaze,PHYSICS,30,510,90,True
2025-12-18 17:27:18,PhysicsMaze,PHYSICS,31,600,80,True
2025-12-18 17:27:19,PhysicsMaze,PHYSICS,32,330,190,True
2025-12-18 17:27:20,PhysicsMaze,PHYSICS,33,460,55,True
2025-12-18 17:27:20,PhysicsMaze,PHYSICS,34,60,15,True
2025-12-18 17:27:21,QUANTUM,23,160,26,True
2025-12-18 17:27:21,PhysicsMaze,PHYSICS,35,90,200,True
2025-12-18 17:27:22,PhysicsMaze,PHYSICS,36,430,60,True
2025-12-18 17:27:23,PhysicsMaze,PHYSICS,37,30,200,True
2025-12-18 17:27:24,PhysicsMaze,PHYSICS,38,130,50,True
2025-12-18 17:27:24,PhysicsMaze,PHYSICS,39,150,30,True
2025-12-18 17:27:24,QUANTUM,24,60,10,True
2025-12-18 17:27:25,PhysicsMaze,PHYSICS,40,40,85,True
2025-12-18 17:27:26,PhysicsMaze,PHYSICS,41,80,110,True
2025-12-18 17:27:27,PhysicsMaze,PHYSICS,42,80,70,True
2025-12-18 17:27:27,PhysicsMaze,PHYSICS,43,40,60,True
2025-12-18 17:27:29,PhysicsMaze,PHYSICS,44,160,200,True
2025-12-18 17:27:30,PhysicsMaze,PHYSICS,45,20,200,True
2025-12-18 17:27:32,PhysicsMaze,PHYSICS,46,120,200,True
2025-12-18 17:27:33,PhysicsMaze,PHYSICS,47,340,200,True
2025-12-18 17:27:33,PhysicsMaze,PHYSICS,48,130,25,True
2025-12-18 17:27:34,PhysicsMaze,PHYSICS,49,90,20,True
2025-12-18 17:27:34,PhysicsMaze,PHYSICS,50,800,125,True
2025-12-18 17:27:35,PhysicsMaze,PHYSICS,51,320,65,True
2025-12-18 17:27:35,PhysicsMaze,PHYSICS,52,180,20,True
2025-12-18 17:27:35,PhysicsMaze,PHYSICS,53,260,35,True
2025-12-18 17:27:35,PhysicsMaze,PHYSICS,54,460,50,True
2025-12-18 17:27:36,PhysicsMaze,PHYSICS,55,480,50,True
2025-12-18 17:27:36,PhysicsMaze,PHYSICS,56,40,35,True
2025-12-18 17:27:36,PhysicsMaze,PHYSICS,57,300,35,True
2025-12-18 17:27:38,PhysicsMaze,PHYSICS,58,70,200,True
2025-12-18 17:27:39,PhysicsMaze,PHYSICS,59,620,200,True
2025-12-18 17:27:41,PhysicsMaze,PHYSICS,60,190,200,True
2025-12-18 17:27:41,QUANTUM,25,690,55,True
2025-12-18 17:27:42,PhysicsMaze,PHYSICS,61,290,200,True
2025-12-18 17:27:43,PhysicsMaze,PHYSICS,62,340,55,True
2025-12-18 17:27:43,PhysicsMaze,PHYSICS,63,600,85,True
2025-12-18 17:27:43,PhysicsMaze,PHYSICS,64,490,65,True
2025-12-18 17:27:43,QUANTUM,26,50,6,True
2025-12-18 17:27:44,PhysicsMaze,PHYSICS,65,140,70,True
2025-12-18 17:27:45,PhysicsMaze,PHYSICS,66,210,60,True
2025-12-18 17:27:46,PhysicsMaze,PHYSICS,67,380,200,True
2025-12-18 17:27:46,PhysicsMaze,PHYSICS,68,80,75,True
2025-12-18 17:27:47,PhysicsMaze,PHYSICS,69,500,65,True
2025-12-18 17:27:47,PhysicsMaze,PHYSICS,70,770,75,True
2025-12-18 17:27:48,PhysicsMaze,PHYSICS,71,210,45,True
2025-12-18 17:27:48,PhysicsMaze,PHYSICS,72,50,40,True
2025-12-18 17:27:48,PhysicsMaze,PHYSICS,73,100,40,True
2025-12-18 17:27:50,PhysicsMaze,PHYSICS,74,690,200,True
2025-12-18 17:27:50,PhysicsMaze,PHYSICS,75,460,60,True
2025-12-18 17:27:51,PhysicsMaze,PHYSICS,76,240,45,True
2025-12-18 17:27:52,PhysicsMaze,PHYSICS,77,290,200,True
2025-12-18 17:27:53,PhysicsMaze,PHYSICS,78,120,200,True
2025-12-18 17:27:54,PhysicsMaze,PHYSICS,79,470,55,True
2025-12-18 17:27:54,PhysicsMaze,PHYSICS,80,180,45,True
2025-12-18 17:27:55,PhysicsMaze,PHYSICS,81,220,70,True
2025-12-18 17:27:55,PhysicsMaze,PHYSICS,82,70,50,True
2025-12-18 17:27:57,PhysicsMaze,PHYSICS,83,590,200,True
2025-12-18 17:27:58,PhysicsMaze,PHYSICS,84,220,200,True
2025-12-18 17:27:59,PhysicsMaze,PHYSICS,85,120,50,True
2025-12-18 17:27:59,PhysicsMaze,PHYSICS,86,400,85,True
2025-12-18 17:28:00,PhysicsMaze,PHYSICS,87,540,65,True
2025-12-18 17:28:01,PhysicsMaze,PHYSICS,88,740,200,True
2025-12-18 17:28:01,PhysicsMaze,PHYSICS,89,130,20,True
2025-12-18 17:28:02,PhysicsMaze,PHYSICS,90,650,200,True
2025-12-18 17:28:03,PhysicsMaze,PHYSICS,91,770,90,True
2025-12-18 17:28:04,PhysicsMaze,PHYSICS,92,60,115,True
2025-12-18 17:28:04,PhysicsMaze,PHYSICS,93,200,55,True
2025-12-18 17:28:06,PhysicsMaze,PHYSICS,94,140,200,True
2025-12-18 17:28:07,PhysicsMaze,PHYSICS,95,340,200,True
2025-12-18 17:28:08,PhysicsMaze,PHYSICS,96,570,85,True
2025-12-18 17:28:09,PhysicsMaze,PHYSICS,97,1070,200,True
2025-12-18 17:28:09,PhysicsMaze,PHYSICS,98,420,65,True
2025-12-18 17:28:10,PhysicsMaze,PHYSICS,99,60,125,True
2025-12-18 17:28:10,PhysicsMaze,PHYSICS,100,180,35,True
2025-12-18 17:28:11,PhysicsMaze,RELATIVITY,1,110,25,True
2025-12-18 17:28:11,PhysicsMaze,RELATIVITY,2,480,200,True
2025-12-18 17:28:12,PhysicsMaze,RELATIVITY,3,340,200,True
2025-12-18 17:28:13,PhysicsMaze,RELATIVITY,4,560,70,True
2025-12-18 17:28:13,PhysicsMaze,RELATIVITY,5,200,35,True
2025-12-18 17:28:13,PhysicsMaze,RELATIVITY,6,240,95,True
2025-12-18 17:28:13,PhysicsMaze,RELATIVITY,7,90,30,True
2025-12-18 17:28:14,PhysicsMaze,RELATIVITY,8,340,50,True
2025-12-18 17:28:14,PhysicsMaze,RELATIVITY,9,220,200,True
2025-12-18 17:28:16,PhysicsMaze,RELATIVITY,10,80,200,True
2025-12-18 17:28:17,PhysicsMaze,RELATIVITY,11,150,200,True
2025-12-18 17:28:18,PhysicsMaze,RELATIVITY,12,610,80,True
2025-12-18 17:28:18,PhysicsMaze,RELATIVITY,13,360,50,True
2025-12-18 17:28:18,PhysicsMaze,RELATIVITY,14,240,55,True
2025-12-18 17:28:18,PhysicsMaze,RELATIVITY,15,100,20,True
2025-12-18 17:28:19,PhysicsMaze,RELATIVITY,16,60,200,True
2025-12-18 17:28:20,PhysicsMaze,RELATIVITY,17,70,55,True
2025-12-18 17:28:20,PhysicsMaze,RELATIVITY,18,250,90,True
2025-12-18 17:28:21,PhysicsMaze,RELATIVITY,19,540,200,True
2025-12-18 17:28:22,PhysicsMaze,RELATIVITY,20,80,35,True
2025-12-18 17:28:22,PhysicsMaze,RELATIVITY,21,250,35,True
2025-12-18 17:28:23,PhysicsMaze,RELATIVITY,22,210,200,True
2025-12-18 17:28:25,PhysicsMaze,RELATIVITY,23,360,200,True
2025-12-18 17:28:25,PhysicsMaze,RELATIVITY,24,110,35,True
2025-12-18 17:28:25,PhysicsMaze,RELATIVITY,25,270,55,True
2025-12-18 17:28:25,PhysicsMaze,RELATIVITY,26,80,20,True
2025-12-18 17:28:26,PhysicsMaze,RELATIVITY,27,340,50,True
2025-12-18 17:28:26,PhysicsMaze,RELATIVITY,28,440,60,True
2025-12-18 17:28:26,PhysicsMaze,RELATIVITY,29,440,55,True
2025-12-18 17:28:26,QUANTUM,27,190,27,True
2025-12-18 17:28:27,PhysicsMaze,RELATIVITY,30,780,200,True
2025-12-18 17:28:27,PhysicsMaze,RELATIVITY,31,450,55,True
2025-12-18 17:28:27,PhysicsMaze,RELATIVITY,32,60,25,True
2025-12-18 17:28:28,PhysicsMaze,RELATIVITY,33,610,80,True
2025-12-18 17:28:28,PhysicsMaze,RELATIVITY,34,40,25,True
2025-12-18 17:28:29,PhysicsMaze,RELATIVITY,35,120,200,True
2025-12-18 17:28:30,PhysicsMaze,RELATIVITY,36,450,65,True
2025-12-18 17:28:31,PhysicsMaze,RELATIVITY,37,60,200,True
2025-12-18 17:28:31,PhysicsMaze,RELATIVITY,38,60,30,True
2025-12-18 17:28:31,PhysicsMaze,RELATIVITY,39,40,60,True
2025-12-18 17:28:32,PhysicsMaze,RELATIVITY,40,40,85,True
2025-12-18 17:28:33,PhysicsMaze,RELATIVITY,41,80,110,True
2025-12-18 17:28:33,PhysicsMaze,RELATIVITY,42,40,50,True
2025-12-18 17:28:35,PhysicsMaze,RELATIVITY,43,120,200,True
2025-12-18 17:28:37,PhysicsMaze,RELATIVITY,44,160,200,True
2025-12-18 17:28:38,QUANTUM,28,120,30,True
2025-12-18 17:28:38,PhysicsMaze,RELATIVITY,45,20,200,True
2025-12-18 17:28:39,PhysicsMaze,RELATIVITY,46,570,190,True
2025-12-18 17:28:40,PhysicsMaze,RELATIVITY,47,340,40,True
2025-12-18 17:28:40,PhysicsMaze,RELATIVITY,48,120,60,True
2025-12-18 17:28:40,PhysicsMaze,RELATIVITY,49,380,50,True
2025-12-18 17:28:40,PhysicsMaze,RELATIVITY,50,60,35,True
2025-12-18 17:28:41,PhysicsMaze,RELATIVITY,51,290,60,True
2025-12-18 17:28:41,QUANTUM,29,10,8,True
2025-12-18 17:28:42,PhysicsMaze,RELATIVITY,52,90,200,True
2025-12-18 17:28:42,PhysicsMaze,RELATIVITY,53,370,55,True
2025-12-18 17:28:43,PhysicsMaze,RELATIVITY,54,630,80,True
2025-12-18 17:28:43,PhysicsMaze,RELATIVITY,55,560,80,True
2025-12-18 17:28:43,PhysicsMaze,RELATIVITY,56,160,35,True
2025-12-18 17:28:44,PhysicsMaze,RELATIVITY,57,810,200,True
2025-12-18 17:28:45,PhysicsMaze,RELATIVITY,58,520,200,True
2025-12-18 17:28:45,PhysicsMaze,RELATIVITY,59,520,65,True
2025-12-18 17:28:46,PhysicsMaze,RELATIVITY,60,390,75,True
2025-12-18 17:28:46,PhysicsMaze,RELATIVITY,61,830,120,True
2025-12-18 17:28:46,PhysicsMaze,RELATIVITY,62,30,30,True
2025-12-18 17:28:48,PhysicsMaze,RELATIVITY,63,190,200,True
2025-12-18 17:28:48,PhysicsMaze,RELATIVITY,64,450,45,True
2025-12-18 17:28:48,PhysicsMaze,RELATIVITY,65,370,40,True
2025-12-18 17:28:48,PhysicsMaze,RELATIVITY,66,270,50,True
2025-12-18 17:28:48,PhysicsMaze,RELATIVITY,67,620,50,True
2025-12-18 17:28:49,PhysicsMaze,RELATIVITY,68,1050,200,True
2025-12-18 17:28:50,PhysicsMaze,RELATIVITY,69,290,40,True
2025-12-18 17:28:50,PhysicsMaze,RELATIVITY,70,630,155,True
2025-12-18 17:28:51,PhysicsMaze,RELATIVITY,71,30,200,True
2025-12-18 17:28:52,PhysicsMaze,RELATIVITY,72,50,80,True
2025-12-18 17:28:54,PhysicsMaze,RELATIVITY,73,480,200,True
2025-12-18 17:28:54,PhysicsMaze,RELATIVITY,74,550,75,True
2025-12-18 17:28:54,PhysicsMaze,RELATIVITY,75,460,60,True
2025-12-18 17:28:54,PhysicsMaze,RELATIVITY,76,240,45,True
2025-12-18 17:28:55,PhysicsMaze,RELATIVITY,77,380,200,True
2025-12-18 17:28:56,PhysicsMaze,RELATIVITY,78,120,200,True
2025-12-18 17:28:58,PhysicsMaze,RELATIVITY,79,190,195,True
2025-12-18 17:28:58,PhysicsMaze,RELATIVITY,80,190,30,True
2025-12-18 17:28:58,PhysicsMaze,RELATIVITY,81,240,35,True
2025-12-18 17:28:58,PhysicsMaze,RELATIVITY,82,290,45,True
2025-12-18 17:28:59,PhysicsMaze,RELATIVITY,83,120,75,True
2025-12-18 17:28:59,PhysicsMaze,RELATIVITY,84,170,65,True
2025-12-18 17:29:00,PhysicsMaze,RELATIVITY,85,200,50,True
2025-12-18 17:29:00,PhysicsMaze,RELATIVITY,86,450,65,True
2025-12-18 17:29:00,PhysicsMaze,RELATIVITY,87,70,75,True
2025-12-18 17:29:01,PhysicsMaze,RELATIVITY,88,20,35,True
2025-12-18 17:29:01,PhysicsMaze,RELATIVITY,89,350,45,True
2025-12-18 17:29:01,PhysicsMaze,RELATIVITY,90,370,50,True
2025-12-18 17:29:01,PhysicsMaze,RELATIVITY,91,520,60,True
2025-12-18 17:29:01,PhysicsMaze,RELATIVITY,92,50,55,True
2025-12-18 17:29:02,PhysicsMaze,RELATIVITY,93,120,50,True
2025-12-18 17:29:02,PhysicsMaze,RELATIVITY,94,330,80,True
2025-12-18 17:29:04,PhysicsMaze,RELATIVITY,95,30,200,True
2025-12-18 17:29:04,PhysicsMaze,RELATIVITY,96,410,60,True
2025-12-18 17:29:04,PhysicsMaze,RELATIVITY,97,270,60,True
2025-12-18 17:29:05,PhysicsMaze,RELATIVITY,98,170,65,True
2025-12-18 17:29:05,PhysicsMaze,RELATIVITY,99,70,25,True
2025-12-18 17:29:05,PhysicsMaze,RELATIVITY,100,120,45,True
2025-12-18 17:29:05,PhysicsMaze,INFORMATION,1,90,75,True
2025-12-18 17:29:05,PhysicsMaze,INFORMATION,2,410,50,True
2025-12-18 17:29:07,PhysicsMaze,INFORMATION,3,340,200,True
2025-12-18 17:29:07,PhysicsMaze,INFORMATION,4,180,80,True
2025-12-18 17:29:07,PhysicsMaze,INFORMATION,5,200,35,True
2025-12-18 17:29:08,PhysicsMaze,INFORMATION,6,240,95,True
2025-12-18 17:29:09,PhysicsMaze,INFORMATION,7,350,200,True
2025-12-18 17:29:09,PhysicsMaze,INFORMATION,8,500,110,True
2025-12-18 17:29:10,PhysicsMaze,INFORMATION,9,440,200,True
2025-12-18 17:29:10,PhysicsMaze,INFORMATION,10,1030,110,True
2025-12-18 17:29:12,PhysicsMaze,INFORMATION,11,470,140,True
2025-12-18 17:29:12,PhysicsMaze,INFORMATION,12,660,200,True
2025-12-18 17:29:12,PhysicsMaze,INFORMATION,13,460,60,True
2025-12-18 17:29:13,PhysicsMaze,INFORMATION,14,590,105,True
2025-12-18 17:29:13,PhysicsMaze,INFORMATION,15,620,75,True
2025-12-18 17:29:13,PhysicsMaze,INFORMATION,16,90,40,True
2025-12-18 17:29:13,PhysicsMaze,INFORMATION,17,70,55,True
2025-12-18 17:29:14,PhysicsMaze,INFORMATION,18,70,170,True
2025-12-18 17:29:14,PhysicsMaze,INFORMATION,19,50,80,True
2025-12-18 17:29:15,PhysicsMaze,INFORMATION,20,370,75,True
2025-12-18 17:29:15,PhysicsMaze,INFORMATION,21,250,30,True
2025-12-18 17:29:16,PhysicsMaze,INFORMATION,22,140,200,True
2025-12-18 17:29:18,PhysicsMaze,INFORMATION,23,70,200,True
2025-12-18 17:29:18,PhysicsMaze,INFORMATION,24,110,35,True
2025-12-18 17:29:18,PhysicsMaze,INFORMATION,25,320,55,True
2025-12-18 17:29:18,PhysicsMaze,INFORMATION,26,80,20,True
2025-12-18 17:29:18,PhysicsMaze,INFORMATION,27,340,50,True
2025-12-18 17:29:19,PhysicsMaze,INFORMATION,28,280,40,True
2025-12-18 17:29:19,PhysicsMaze,INFORMATION,29,440,55,True
2025-12-18 17:29:19,PhysicsMaze,INFORMATION,30,490,75,True
2025-12-18 17:29:20,PhysicsMaze,INFORMATION,31,240,60,True
2025-12-18 17:29:20,PhysicsMaze,INFORMATION,32,310,65,True
2025-12-18 17:29:20,PhysicsMaze,INFORMATION,33,630,85,True
2025-12-18 17:29:20,PhysicsMaze,INFORMATION,34,40,25,True
2025-12-18 17:29:21,PhysicsMaze,INFORMATION,35,440,200,True
2025-12-18 17:29:22,PhysicsMaze,INFORMATION,36,570,140,True
2025-12-18 17:29:23,PhysicsMaze,INFORMATION,37,70,200,True
2025-12-18 17:29:24,PhysicsMaze,INFORMATION,38,230,35,True
2025-12-18 17:29:25,PhysicsMaze,INFORMATION,39,160,200,True
2025-12-18 17:29:26,PhysicsMaze,INFORMATION,40,40,85,True
2025-12-18 17:29:26,PhysicsMaze,INFORMATION,41,80,110,True
2025-12-18 17:29:27,PhysicsMaze,INFORMATION,42,130,35,True
2025-12-18 17:29:28,PhysicsMaze,INFORMATION,43,120,200,True
2025-12-18 17:29:28,PhysicsMaze,INFORMATION,44,180,30,True
2025-12-18 17:29:28,PhysicsMaze,INFORMATION,45,300,55,True
2025-12-18 17:29:30,PhysicsMaze,INFORMATION,46,540,200,True
2025-12-18 17:29:30,PhysicsMaze,INFORMATION,47,340,40,True
2025-12-18 17:29:31,PhysicsMaze,INFORMATION,48,520,200,True
2025-12-18 17:29:31,PhysicsMaze,INFORMATION,49,380,50,True
2025-12-18 17:29:31,PhysicsMaze,INFORMATION,50,320,45,True
2025-12-18 17:29:31,PhysicsMaze,INFORMATION,51,620,80,True
2025-12-18 17:29:31,PhysicsMaze,INFORMATION,52,50,55,True
2025-12-18 17:29:31,PhysicsMaze,INFORMATION,53,500,60,True
2025-12-18 17:29:32,PhysicsMaze,INFORMATION,54,480,70,True
2025-12-18 17:29:32,PhysicsMaze,INFORMATION,55,290,65,True
2025-12-18 17:29:32,PhysicsMaze,INFORMATION,56,400,60,True
2025-12-18 17:29:33,PhysicsMaze,INFORMATION,57,810,200,True
2025-12-18 17:29:33,PhysicsMaze,INFORMATION,58,190,35,True
2025-12-18 17:29:34,PhysicsMaze,INFORMATION,59,710,90,True
2025-12-18 17:29:34,PhysicsMaze,INFORMATION,60,690,110,True
2025-12-18 17:29:35,PhysicsMaze,INFORMATION,61,870,140,True
2025-12-18 17:29:35,PhysicsMaze,INFORMATION,62,30,30,True
2025-12-18 17:29:36,PhysicsMaze,INFORMATION,63,130,55,True
2025-12-18 17:29:36,PhysicsMaze,INFORMATION,64,150,35,True
2025-12-18 17:29:37,PhysicsMaze,INFORMATION,65,240,200,True
2025-12-18 17:29:38,PhysicsMaze,INFORMATION,66,190,120,True
2025-12-18 17:29:38,PhysicsMaze,INFORMATION,67,660,65,True
2025-12-18 17:29:38,PhysicsMaze,INFORMATION,68,150,35,True
2025-12-18 17:29:39,PhysicsMaze,INFORMATION,69,290,200,True
2025-12-18 17:29:39,PhysicsMaze,INFORMATION,70,280,80,True
2025-12-18 17:29:39,PhysicsMaze,INFORMATION,71,430,60,True
2025-12-18 17:29:40,PhysicsMaze,INFORMATION,72,30,40,True
2025-12-18 17:29:40,PhysicsMaze,INFORMATION,73,420,110,True
2025-12-18 17:29:41,PhysicsMaze,INFORMATION,74,280,80,True
2025-12-18 17:29:41,PhysicsMaze,INFORMATION,75,460,60,True
2025-12-18 17:29:41,PhysicsMaze,INFORMATION,76,240,45,True
2025-12-18 17:29:42,PhysicsMaze,INFORMATION,77,380,200,True
2025-12-18 17:29:43,PhysicsMaze,INFORMATION,78,10,200,True
2025-12-18 17:29:43,PhysicsMaze,INFORMATION,79,90,40,True
2025-12-18 17:29:43,PhysicsMaze,INFORMATION,80,190,30,True
2025-12-18 17:29:45,PhysicsMaze,INFORMATION,81,80,200,True
2025-12-18 17:29:45,PhysicsMaze,INFORMATION,82,560,200,True
2025-12-18 17:29:47,PhysicsMaze,INFORMATION,83,620,200,True
2025-12-18 17:29:47,PhysicsMaze,INFORMATION,84,110,40,True
2025-12-18 17:29:47,PhysicsMaze,INFORMATION,85,200,50,True
2025-12-18 17:29:48,PhysicsMaze,INFORMATION,86,70,40,True
2025-12-18 17:29:49,PhysicsMaze,INFORMATION,87,70,165,True
2025-12-18 17:29:49,PhysicsMaze,INFORMATION,88,20,35,True
2025-12-18 17:29:49,PhysicsMaze,INFORMATION,89,370,55,True
2025-12-18 17:29:49,PhysicsMaze,INFORMATION,90,390,45,True
2025-12-18 17:29:50,PhysicsMaze,INFORMATION,91,520,60,True
2025-12-18 17:29:50,PhysicsMaze,INFORMATION,92,90,35,True
2025-12-18 17:29:50,PhysicsMaze,INFORMATION,93,250,80,True
2025-12-18 17:29:50,PhysicsMaze,INFORMATION,94,80,25,True
2025-12-18 17:29:51,PhysicsMaze,INFORMATION,95,170,25,True
2025-12-18 17:29:51,PhysicsMaze,INFORMATION,96,60,60,True
2025-12-18 17:29:51,PhysicsMaze,INFORMATION,97,240,50,True
2025-12-18 17:29:51,PhysicsMaze,INFORMATION,98,520,55,True
2025-12-18 17:29:51,PhysicsMaze,INFORMATION,99,120,45,True
2025-12-18 17:29:52,PhysicsMaze,INFORMATION,100,270,125,True
2025-12-18 17:29:52,RelativityMaze,QUANTUM,1,620,66,True
2025-12-18 17:29:53,RelativityMaze,QUANTUM,2,290,43,True
2025-12-18 17:29:54,RelativityMaze,QUANTUM,3,320,130,True
2025-12-18 17:29:54,RelativityMaze,QUANTUM,4,40,10,True
2025-12-18 17:29:54,RelativityMaze,QUANTUM,5,50,11,True
2025-12-18 17:29:54,RelativityMaze,QUANTUM,6,90,10,True
2025-12-18 17:29:54,RelativityMaze,QUANTUM,7,180,44,True
2025-12-18 17:29:54,RelativityMaze,QUANTUM,8,70,9,True
2025-12-18 17:29:54,RelativityMaze,QUANTUM,9,110,15,True
2025-12-18 17:29:54,RelativityMaze,QUANTUM,10,270,40,True
2025-12-18 17:29:55,RelativityMaze,QUANTUM,11,340,60,True
2025-12-18 17:29:55,RelativityMaze,QUANTUM,12,50,44,True
2025-12-18 17:29:55,RelativityMaze,QUANTUM,13,40,8,True
2025-12-18 17:29:55,RelativityMaze,QUANTUM,14,140,17,True
2025-12-18 17:29:55,RelativityMaze,QUANTUM,15,280,46,True
2025-12-18 17:29:55,RelativityMaze,QUANTUM,16,80,9,True
2025-12-18 17:29:55,RelativityMaze,QUANTUM,17,170,28,True
2025-12-18 17:29:55,RelativityMaze,QUANTUM,18,80,12,True
2025-12-18 17:29:55,RelativityMaze,QUANTUM,19,50,8,True
2025-12-18 17:29:56,RelativityMaze,QUANTUM,20,120,101,True
2025-12-18 17:29:56,RelativityMaze,QUANTUM,21,50,7,True
2025-12-18 17:29:56,RelativityMaze,QUANTUM,22,40,6,True
2025-12-18 17:29:56,RelativityMaze,QUANTUM,23,490,91,True
2025-12-18 17:29:56,RelativityMaze,QUANTUM,24,70,14,True
2025-12-18 17:29:57,RelativityMaze,QUANTUM,25,310,42,True
2025-12-18 17:29:57,RelativityMaze,QUANTUM,26,300,53,True
2025-12-18 17:29:57,RelativityMaze,QUANTUM,27,150,17,True
2025-12-18 17:29:57,RelativityMaze,QUANTUM,28,340,58,True
2025-12-18 17:29:57,RelativityMaze,QUANTUM,29,300,38,True
2025-12-18 17:29:57,RelativityMaze,QUANTUM,30,180,27,True
2025-12-18 17:29:57,RelativityMaze,QUANTUM,31,90,13,True
2025-12-18 17:29:57,RelativityMaze,QUANTUM,32,70,9,True
2025-12-18 17:29:57,RelativityMaze,QUANTUM,33,130,16,True
2025-12-18 17:29:58,RelativityMaze,QUANTUM,34,910,115,True
2025-12-18 17:29:58,RelativityMaze,QUANTUM,35,90,15,True
2025-12-18 17:29:58,RelativityMaze,QUANTUM,36,200,23,True
2025-12-18 17:29:58,RelativityMaze,QUANTUM,37,40,12,True
2025-12-18 17:29:58,RelativityMaze,QUANTUM,38,10,8,True
2025-12-18 17:29:58,RelativityMaze,QUANTUM,39,30,5,True
2025-12-18 17:29:58,RelativityMaze,QUANTUM,40,20,13,True
2025-12-18 17:29:58,RelativityMaze,QUANTUM,41,60,8,True
2025-12-18 17:29:58,RelativityMaze,QUANTUM,42,30,5,True
2025-12-18 17:29:58,RelativityMaze,QUANTUM,43,60,9,True
2025-12-18 17:29:58,RelativityMaze,QUANTUM,44,220,37,True
2025-12-18 17:29:58,RelativityMaze,QUANTUM,45,80,11,True
2025-12-18 17:29:59,RelativityMaze,QUANTUM,46,330,43,True
2025-12-18 17:29:59,RelativityMaze,QUANTUM,47,50,10,True
2025-12-18 17:29:59,RelativityMaze,QUANTUM,48,70,11,True
2025-12-18 17:29:59,RelativityMaze,QUANTUM,49,690,71,True
2025-12-18 17:29:59,RelativityMaze,QUANTUM,50,90,12,True
2025-12-18 17:30:00,RelativityMaze,QUANTUM,51,390,69,True
2025-12-18 17:30:00,RelativityMaze,QUANTUM,52,610,72,True
2025-12-18 17:30:00,RelativityMaze,QUANTUM,53,40,7,True
2025-12-18 17:30:00,RelativityMaze,QUANTUM,54,80,12,True
2025-12-18 17:30:00,RelativityMaze,QUANTUM,55,170,62,True
2025-12-18 17:30:01,RelativityMaze,QUANTUM,56,330,118,True
2025-12-18 17:30:01,RelativityMaze,QUANTUM,57,70,11,True
2025-12-18 17:30:01,RelativityMaze,QUANTUM,58,300,33,True
2025-12-18 17:30:01,RelativityMaze,QUANTUM,59,50,10,True
2025-12-18 17:30:02,RelativityMaze,QUANTUM,60,120,200,True
2025-12-18 17:30:03,RelativityMaze,QUANTUM,61,120,34,True
2025-12-18 17:30:03,RelativityMaze,QUANTUM,62,30,24,True
2025-12-18 17:30:03,RelativityMaze,QUANTUM,63,110,20,True
2025-12-18 17:30:03,RelativityMaze,QUANTUM,64,410,67,True
2025-12-18 17:30:03,RelativityMaze,QUANTUM,65,80,14,True
2025-12-18 17:30:03,RelativityMaze,QUANTUM,66,50,8,True
2025-12-18 17:30:04,RelativityMaze,QUANTUM,67,180,146,True
2025-12-18 17:30:04,RelativityMaze,QUANTUM,68,310,42,True
2025-12-18 17:30:04,RelativityMaze,QUANTUM,69,140,52,True
2025-12-18 17:30:06,RelativityMaze,QUANTUM,70,430,200,True
2025-12-18 17:30:06,RelativityMaze,QUANTUM,71,370,50,True
2025-12-18 17:30:06,RelativityMaze,QUANTUM,72,70,23,True
2025-12-18 17:30:06,RelativityMaze,QUANTUM,73,70,9,True
2025-12-18 17:30:06,RelativityMaze,QUANTUM,74,340,76,True
2025-12-18 17:30:07,RelativityMaze,QUANTUM,75,270,51,True
2025-12-18 17:30:07,RelativityMaze,QUANTUM,76,30,8,True
2025-12-18 17:30:07,RelativityMaze,QUANTUM,77,100,23,True
2025-12-18 17:30:07,RelativityMaze,QUANTUM,78,180,54,True
2025-12-18 17:30:07,RelativityMaze,QUANTUM,79,160,50,True
2025-12-18 17:30:07,RelativityMaze,QUANTUM,80,680,80,True
2025-12-18 17:30:08,RelativityMaze,QUANTUM,81,170,18,True
2025-12-18 17:30:08,RelativityMaze,QUANTUM,82,100,13,True
2025-12-18 17:30:08,RelativityMaze,QUANTUM,83,330,48,True
2025-12-18 17:30:08,RelativityMaze,QUANTUM,84,40,8,True
2025-12-18 17:30:08,RelativityMaze,QUANTUM,85,370,54,True
2025-12-18 17:30:08,RelativityMaze,QUANTUM,86,330,57,True
2025-12-18 17:30:08,RelativityMaze,QUANTUM,87,130,21,True
2025-12-18 17:30:08,RelativityMaze,QUANTUM,88,60,7,True
2025-12-18 17:30:08,RelativityMaze,QUANTUM,89,110,17,True
2025-12-18 17:30:08,RelativityMaze,QUANTUM,90,380,42,True
2025-12-18 17:30:08,RelativityMaze,QUANTUM,91,320,48,True
2025-12-18 17:30:09,RelativityMaze,QUANTUM,92,130,15,True
2025-12-18 17:30:09,RelativityMaze,QUANTUM,93,90,67,True
2025-12-18 17:30:09,RelativityMaze,QUANTUM,94,90,13,True
2025-12-18 17:30:09,RelativityMaze,QUANTUM,95,10,6,True
2025-12-18 17:30:09,RelativityMaze,QUANTUM,96,30,11,True
2025-12-18 17:30:09,RelativityMaze,QUANTUM,97,70,15,True
2025-12-18 17:30:09,RelativityMaze,QUANTUM,98,110,15,True
2025-12-18 17:30:09,RelativityMaze,QUANTUM,99,160,25,True
2025-12-18 17:30:09,RelativityMaze,QUANTUM,100,110,14,True
2025-12-18 17:30:09,RelativityMaze,PHYSICS,1,60,9,True
2025-12-18 17:30:10,RelativityMaze,PHYSICS,2,290,43,True
2025-12-18 17:30:11,RelativityMaze,PHYSICS,3,330,200,True
2025-12-18 17:30:11,RelativityMaze,PHYSICS,4,40,6,True
2025-12-18 17:30:11,RelativityMaze,PHYSICS,5,70,9,True
2025-12-18 17:30:11,RelativityMaze,PHYSICS,6,140,19,True
2025-12-18 17:30:12,RelativityMaze,PHYSICS,7,510,55,True
2025-12-18 17:30:12,RelativityMaze,PHYSICS,8,40,11,True
2025-12-18 17:30:12,RelativityMaze,PHYSICS,9,40,10,True
2025-12-18 17:30:13,RelativityMaze,PHYSICS,10,830,90,True
2025-12-18 17:30:13,RelativityMaze,PHYSICS,11,390,91,True
2025-12-18 17:30:13,RelativityMaze,PHYSICS,12,80,13,True
2025-12-18 17:30:13,RelativityMaze,PHYSICS,13,90,11,True
2025-12-18 17:30:14,RelativityMaze,PHYSICS,14,130,16,True
2025-12-18 17:30:14,RelativityMaze,PHYSICS,15,460,55,True
2025-12-18 17:30:14,RelativityMaze,PHYSICS,16,70,9,True
2025-12-18 17:30:14,RelativityMaze,PHYSICS,17,90,14,True
2025-12-18 17:30:14,RelativityMaze,PHYSICS,18,80,12,True
2025-12-18 17:30:15,RelativityMaze,PHYSICS,19,270,39,True
2025-12-18 17:30:16,RelativityMaze,PHYSICS,20,120,101,True
2025-12-18 17:30:16,RelativityMaze,PHYSICS,21,90,11,True
2025-12-18 17:30:16,RelativityMaze,PHYSICS,22,50,10,True
2025-12-18 17:30:16,RelativityMaze,PHYSICS,23,420,80,True
2025-12-18 17:30:17,RelativityMaze,PHYSICS,24,120,19,True
2025-12-18 17:30:17,RelativityMaze,PHYSICS,25,260,62,True
2025-12-18 17:30:17,RelativityMaze,PHYSICS,26,200,30,True
2025-12-18 17:30:17,RelativityMaze,PHYSICS,27,150,19,True
2025-12-18 17:30:18,RelativityMaze,PHYSICS,28,250,56,True
2025-12-18 17:30:18,RelativityMaze,PHYSICS,29,230,34,True
2025-12-18 17:30:19,RelativityMaze,PHYSICS,30,1080,200,True
2025-12-18 17:30:20,RelativityMaze,PHYSICS,31,100,19,True
2025-12-18 17:30:20,RelativityMaze,PHYSICS,32,100,21,True
2025-12-18 17:30:21,RelativityMaze,PHYSICS,33,130,200,True
2025-12-18 17:30:22,RelativityMaze,PHYSICS,34,120,41,True
2025-12-18 17:30:22,RelativityMaze,PHYSICS,35,70,12,True
2025-12-18 17:30:22,RelativityMaze,PHYSICS,36,360,37,True
2025-12-18 17:30:22,RelativityMaze,PHYSICS,37,70,10,True
2025-12-18 17:30:22,RelativityMaze,PHYSICS,38,80,12,True
2025-12-18 17:30:23,RelativityMaze,PHYSICS,39,90,98,True
2025-12-18 17:30:23,RelativityMaze,PHYSICS,40,20,13,True
2025-12-18 17:30:23,RelativityMaze,PHYSICS,41,120,18,True
2025-12-18 17:30:23,RelativityMaze,PHYSICS,42,20,8,True
2025-12-18 17:30:23,RelativityMaze,PHYSICS,43,60,9,True
2025-12-18 17:30:24,RelativityMaze,PHYSICS,44,340,30,True
2025-12-18 17:30:24,RelativityMaze,PHYSICS,45,80,11,True
2025-12-18 17:30:24,RelativityMaze,PHYSICS,46,210,36,True
2025-12-18 17:30:24,RelativityMaze,PHYSICS,47,100,12,True
2025-12-18 17:30:24,RelativityMaze,PHYSICS,48,30,9,True
2025-12-18 17:30:25,RelativityMaze,PHYSICS,49,620,71,True
2025-12-18 17:30:25,RelativityMaze,PHYSICS,50,90,20,True
2025-12-18 17:30:25,RelativityMaze,PHYSICS,51,430,51,True
2025-12-18 17:30:27,RelativityMaze,PHYSICS,52,30,200,True
2025-12-18 17:30:27,RelativityMaze,PHYSICS,53,60,11,True
2025-12-18 17:30:27,RelativityMaze,PHYSICS,54,50,9,True
2025-12-18 17:30:27,RelativityMaze,PHYSICS,55,130,15,True
2025-12-18 17:30:27,RelativityMaze,PHYSICS,56,290,34,True
2025-12-18 17:30:27,RelativityMaze,PHYSICS,57,90,15,True
2025-12-18 17:30:28,RelativityMaze,PHYSICS,58,560,77,True
2025-12-18 17:30:28,RelativityMaze,PHYSICS,59,170,56,True
2025-12-18 17:30:30,RelativityMaze,PHYSICS,60,120,200,True
2025-12-18 17:30:30,RelativityMaze,PHYSICS,61,120,37,True
2025-12-18 17:30:30,RelativityMaze,PHYSICS,62,120,13,True
2025-12-18 17:30:30,RelativityMaze,PHYSICS,63,130,17,True
2025-12-18 17:30:32,RelativityMaze,PHYSICS,64,600,200,True
2025-12-18 17:30:32,RelativityMaze,PHYSICS,65,90,24,True
2025-12-18 17:30:32,RelativityMaze,PHYSICS,66,30,6,True
2025-12-18 17:30:33,RelativityMaze,PHYSICS,67,280,193,True
2025-12-18 17:30:33,RelativityMaze,PHYSICS,68,660,69,True
2025-12-18 17:30:34,RelativityMaze,PHYSICS,69,90,11,True
2025-12-18 17:30:34,RelativityMaze,PHYSICS,70,990,102,True
2025-12-18 17:30:35,RelativityMaze,PHYSICS,71,150,41,True
2025-12-18 17:30:35,RelativityMaze,PHYSICS,72,90,23,True
2025-12-18 17:30:35,RelativityMaze,PHYSICS,73,90,13,True
2025-12-18 17:30:36,RelativityMaze,PHYSICS,74,1010,102,True
2025-12-18 17:30:36,RelativityMaze,PHYSICS,75,70,12,True
2025-12-18 17:30:36,RelativityMaze,PHYSICS,76,430,37,True
2025-12-18 17:30:36,RelativityMaze,PHYSICS,77,100,23,True
2025-12-18 17:30:36,RelativityMaze,PHYSICS,78,80,13,True
2025-12-18 17:30:37,RelativityMaze,PHYSICS,79,690,81,True
2025-12-18 17:30:38,RelativityMaze,PHYSICS,80,450,200,True
2025-12-18 17:30:39,RelativityMaze,PHYSICS,81,100,16,True
2025-12-18 17:30:39,RelativityMaze,PHYSICS,82,340,40,True
2025-12-18 17:30:39,RelativityMaze,PHYSICS,83,380,55,True
2025-12-18 17:30:40,RelativityMaze,PHYSICS,84,300,61,True
2025-12-18 17:30:40,RelativityMaze,PHYSICS,85,460,61,True
2025-12-18 17:30:41,RelativityMaze,PHYSICS,86,490,83,True
2025-12-18 17:30:41,RelativityMaze,PHYSICS,87,60,10,True
2025-12-18 17:30:41,RelativityMaze,PHYSICS,88,60,7,True
2025-12-18 17:30:41,RelativityMaze,PHYSICS,89,70,14,True
2025-12-18 17:30:41,RelativityMaze,PHYSICS,90,300,42,True
2025-12-18 17:30:42,RelativityMaze,PHYSICS,91,360,49,True
2025-12-18 17:30:42,RelativityMaze,PHYSICS,92,110,17,True
2025-12-18 17:30:42,RelativityMaze,PHYSICS,93,30,14,True
2025-12-18 17:30:43,RelativityMaze,PHYSICS,94,570,64,True
2025-12-18 17:30:43,RelativityMaze,PHYSICS,95,20,6,True
2025-12-18 17:30:43,RelativityMaze,PHYSICS,96,10,10,True
2025-12-18 17:30:43,RelativityMaze,PHYSICS,97,90,14,True
2025-12-18 17:30:43,RelativityMaze,PHYSICS,98,70,8,True
2025-12-18 17:30:43,RelativityMaze,PHYSICS,99,120,17,True
2025-12-18 17:30:43,RelativityMaze,PHYSICS,100,100,15,True
2025-12-18 17:30:45,RelativityMaze,RELATIVITY,1,230,185,True
2025-12-18 17:30:45,RelativityMaze,RELATIVITY,2,290,43,True
2025-12-18 17:30:45,RelativityMaze,RELATIVITY,3,380,75,True
2025-12-18 17:30:45,RelativityMaze,RELATIVITY,4,60,7,True
2025-12-18 17:30:45,RelativityMaze,RELATIVITY,5,60,8,True
2025-12-18 17:30:46,RelativityMaze,RELATIVITY,6,280,36,True
2025-12-18 17:30:46,RelativityMaze,RELATIVITY,7,90,13,True
2025-12-18 17:30:46,RelativityMaze,RELATIVITY,8,70,9,True
2025-12-18 17:30:46,RelativityMaze,RELATIVITY,9,350,46,True
2025-12-18 17:30:46,RelativityMaze,RELATIVITY,10,270,40,True
2025-12-18 17:30:46,RelativityMaze,RELATIVITY,11,420,63,True
2025-12-18 17:30:46,RelativityMaze,RELATIVITY,12,70,13,True
2025-12-18 17:30:46,RelativityMaze,RELATIVITY,13,110,15,True
2025-12-18 17:30:46,RelativityMaze,RELATIVITY,14,140,17,True
2025-12-18 17:30:47,RelativityMaze,RELATIVITY,15,290,38,True
2025-12-18 17:30:47,RelativityMaze,RELATIVITY,16,80,9,True
2025-12-18 17:30:47,RelativityMaze,RELATIVITY,17,50,16,True
2025-12-18 17:30:47,RelativityMaze,RELATIVITY,18,80,12,True
2025-12-18 17:30:47,RelativityMaze,RELATIVITY,19,50,8,True
2025-12-18 17:30:48,RelativityMaze,RELATIVITY,20,120,101,True
2025-12-18 17:30:48,RelativityMaze,RELATIVITY,21,100,13,True
2025-12-18 17:30:48,RelativityMaze,RELATIVITY,22,40,6,True
2025-12-18 17:30:48,RelativityMaze,RELATIVITY,23,590,84,True
2025-12-18 17:30:48,RelativityMaze,RELATIVITY,24,70,14,True
2025-12-18 17:30:49,RelativityMaze,RELATIVITY,25,420,200,True
2025-12-18 17:30:49,RelativityMaze,RELATIVITY,26,300,53,True
2025-12-18 17:30:49,RelativityMaze,RELATIVITY,27,150,17,True
2025-12-18 17:30:50,RelativityMaze,RELATIVITY,28,500,73,True
2025-12-18 17:30:50,RelativityMaze,RELATIVITY,29,300,38,True
2025-12-18 17:30:50,RelativityMaze,RELATIVITY,30,590,71,True
2025-12-18 17:30:50,RelativityMaze,RELATIVITY,31,90,13,True
2025-12-18 17:30:50,RelativityMaze,RELATIVITY,32,70,9,True
2025-12-18 17:30:50,RelativityMaze,RELATIVITY,33,130,16,True
2025-12-18 17:30:51,RelativityMaze,RELATIVITY,34,910,115,True
2025-12-18 17:30:51,RelativityMaze,RELATIVITY,35,90,15,True
2025-12-18 17:30:51,RelativityMaze,RELATIVITY,36,110,14,True
2025-12-18 17:30:51,RelativityMaze,RELATIVITY,37,130,14,True
2025-12-18 17:30:51,RelativityMaze,RELATIVITY,38,10,8,True
2025-12-18 17:30:51,RelativityMaze,RELATIVITY,39,60,9,True
2025-12-18 17:30:51,RelativityMaze,RELATIVITY,40,20,13,True
2025-12-18 17:30:51,RelativityMaze,RELATIVITY,41,120,18,True
2025-12-18 17:30:51,RelativityMaze,RELATIVITY,42,60,9,True
2025-12-18 17:30:51,RelativityMaze,RELATIVITY,43,60,9,True
2025-12-18 17:30:51,RelativityMaze,RELATIVITY,44,100,16,True
2025-12-18 17:30:51,RelativityMaze,RELATIVITY,45,100,18,True
2025-12-18 17:30:51,RelativityMaze,RELATIVITY,46,600,67,True
2025-12-18 17:30:51,RelativityMaze,RELATIVITY,47,100,12,True
2025-12-18 17:30:51,RelativityMaze,RELATIVITY,48,70,11,True
2025-12-18 17:30:52,RelativityMaze,RELATIVITY,49,740,74,True
2025-12-18 17:30:52,RelativityMaze,RELATIVITY,50,110,13,True
2025-12-18 17:30:52,RelativityMaze,RELATIVITY,51,520,56,True
2025-12-18 17:30:54,RelativityMaze,RELATIVITY,52,30,200,True
2025-12-18 17:30:54,RelativityMaze,RELATIVITY,53,40,7,True
2025-12-18 17:30:54,RelativityMaze,RELATIVITY,54,190,28,True
2025-12-18 17:30:54,RelativityMaze,RELATIVITY,55,170,62,True
2025-12-18 17:30:55,RelativityMaze,RELATIVITY,56,330,118,True
2025-12-18 17:30:55,RelativityMaze,RELATIVITY,57,70,11,True
2025-12-18 17:30:55,RelativityMaze,RELATIVITY,58,300,33,True
2025-12-18 17:30:55,RelativityMaze,RELATIVITY,59,520,54,True
2025-12-18 17:30:57,RelativityMaze,RELATIVITY,60,120,200,True
2025-12-18 17:30:57,RelativityMaze,RELATIVITY,61,120,34,True
2025-12-18 17:30:57,RelativityMaze,RELATIVITY,62,30,24,True
2025-12-18 17:30:57,RelativityMaze,RELATIVITY,63,60,8,True
2025-12-18 17:30:58,RelativityMaze,RELATIVITY,64,600,200,True
2025-12-18 17:30:58,RelativityMaze,RELATIVITY,65,160,22,True
2025-12-18 17:30:58,RelativityMaze,RELATIVITY,66,50,6,True
2025-12-18 17:30:59,RelativityMaze,RELATIVITY,67,180,146,True
2025-12-18 17:30:59,RelativityMaze,RELATIVITY,68,280,46,True
2025-12-18 17:31:00,RelativityMaze,RELATIVITY,69,140,52,True
2025-12-18 17:31:01,RelativityMaze,RELATIVITY,70,1140,200,True
2025-12-18 17:31:01,RelativityMaze,RELATIVITY,71,370,50,True
2025-12-18 17:31:01,RelativityMaze,RELATIVITY,72,100,23,True
2025-12-18 17:31:01,RelativityMaze,RELATIVITY,73,70,14,True
2025-12-18 17:31:02,RelativityMaze,RELATIVITY,74,760,96,True
2025-12-18 17:31:02,RelativityMaze,RELATIVITY,75,270,51,True
2025-12-18 17:31:02,RelativityMaze,RELATIVITY,76,30,8,True
2025-12-18 17:31:02,RelativityMaze,RELATIVITY,77,100,23,True
2025-12-18 17:31:02,RelativityMaze,RELATIVITY,78,80,13,True
2025-12-18 17:31:03,RelativityMaze,RELATIVITY,79,360,52,True
2025-12-18 17:31:03,RelativityMaze,RELATIVITY,80,490,56,True
2025-12-18 17:31:03,RelativityMaze,RELATIVITY,81,100,28,True
2025-12-18 17:31:03,RelativityMaze,RELATIVITY,82,530,58,True
2025-12-18 17:31:03,RelativityMaze,RELATIVITY,83,130,21,True
2025-12-18 17:31:03,RelativityMaze,RELATIVITY,84,40,8,True
2025-12-18 17:31:03,RelativityMaze,RELATIVITY,85,370,54,True
2025-12-18 17:31:03,RelativityMaze,RELATIVITY,86,630,67,True
2025-12-18 17:31:03,RelativityMaze,RELATIVITY,87,70,8,True
2025-12-18 17:31:04,RelativityMaze,RELATIVITY,88,60,7,True
2025-12-18 17:31:04,RelativityMaze,RELATIVITY,89,110,17,True
2025-12-18 17:31:04,RelativityMaze,RELATIVITY,90,400,40,True
2025-12-18 17:31:04,RelativityMaze,RELATIVITY,91,320,48,True
2025-12-18 17:31:04,RelativityMaze,RELATIVITY,92,70,8,True
2025-12-18 17:31:04,RelativityMaze,RELATIVITY,93,90,12,True
2025-12-18 17:31:04,RelativityMaze,RELATIVITY,94,90,13,True
2025-12-18 17:31:04,RelativityMaze,RELATIVITY,95,10,6,True
2025-12-18 17:31:04,RelativityMaze,RELATIVITY,96,30,11,True
2025-12-18 17:31:04,RelativityMaze,RELATIVITY,97,70,15,True
2025-12-18 17:31:04,RelativityMaze,RELATIVITY,98,110,15,True
2025-12-18 17:31:04,RelativityMaze,RELATIVITY,99,570,68,True
2025-12-18 17:31:04,RelativityMaze,RELATIVITY,100,100,12,True
2025-12-18 17:31:05,RelativityMaze,INFORMATION,1,620,66,True
2025-12-18 17:31:05,RelativityMaze,INFORMATION,2,290,43,True
2025-12-18 17:31:06,RelativityMaze,INFORMATION,3,320,130,True
2025-12-18 17:31:06,RelativityMaze,INFORMATION,4,40,10,True
2025-12-18 17:31:06,RelativityMaze,INFORMATION,5,60,8,True
2025-12-18 17:31:06,RelativityMaze,INFORMATION,6,90,10,True
2025-12-18 17:31:07,RelativityMaze,INFORMATION,7,180,44,True
2025-12-18 17:31:07,RelativityMaze,INFORMATION,8,70,9,True
2025-12-18 17:31:07,RelativityMaze,INFORMATION,9,110,15,True
2025-12-18 17:31:07,RelativityMaze,INFORMATION,10,270,40,True
2025-12-18 17:31:07,RelativityMaze,INFORMATION,11,340,60,True
2025-12-18 17:31:07,RelativityMaze,INFORMATION,12,70,13,True
2025-12-18 17:31:07,RelativityMaze,INFORMATION,13,40,8,True
2025-12-18 17:31:07,RelativityMaze,INFORMATION,14,140,17,True
2025-12-18 17:31:08,RelativityMaze,INFORMATION,15,500,200,True
2025-12-18 17:31:08,RelativityMaze,INFORMATION,16,80,9,True
2025-12-18 17:31:09,RelativityMaze,INFORMATION,17,170,28,True
2025-12-18 17:31:09,RelativityMaze,INFORMATION,18,80,12,True
2025-12-18 17:31:09,RelativityMaze,INFORMATION,19,50,8,True
2025-12-18 17:31:10,RelativityMaze,INFORMATION,20,120,101,True
2025-12-18 17:31:10,RelativityMaze,INFORMATION,21,50,7,True
2025-12-18 17:31:10,RelativityMaze,INFORMATION,22,40,6,True
2025-12-18 17:31:10,RelativityMaze,INFORMATION,23,590,84,True
2025-12-18 17:31:10,RelativityMaze,INFORMATION,24,70,14,True
2025-12-18 17:31:10,RelativityMaze,INFORMATION,25,330,60,True
2025-12-18 17:31:10,RelativityMaze,INFORMATION,26,300,53,True
2025-12-18 17:31:10,RelativityMaze,INFORMATION,27,150,17,True
2025-12-18 17:31:11,RelativityMaze,INFORMATION,28,340,58,True
2025-12-18 17:31:11,RelativityMaze,INFORMATION,29,300,38,True
2025-12-18 17:31:11,RelativityMaze,INFORMATION,30,180,27,True
2025-12-18 17:31:11,RelativityMaze,INFORMATION,31,90,13,True
2025-12-18 17:31:11,RelativityMaze,INFORMATION,32,70,9,True
2025-12-18 17:31:11,RelativityMaze,INFORMATION,33,130,16,True
2025-12-18 17:31:11,RelativityMaze,INFORMATION,34,910,115,True
2025-12-18 17:31:11,RelativityMaze,INFORMATION,35,90,15,True
2025-12-18 17:31:12,RelativityMaze,INFORMATION,36,200,23,True
2025-12-18 17:31:12,RelativityMaze,INFORMATION,37,40,12,True
2025-12-18 17:31:12,RelativityMaze,INFORMATION,38,10,8,True
2025-12-18 17:31:12,RelativityMaze,INFORMATION,39,30,5,True
2025-12-18 17:31:12,RelativityMaze,INFORMATION,40,20,13,True
2025-12-18 17:31:12,RelativityMaze,INFORMATION,41,70,8,True
2025-12-18 17:31:12,RelativityMaze,INFORMATION,42,60,9,True
2025-12-18 17:31:12,RelativityMaze,INFORMATION,43,60,9,True
2025-12-18 17:31:12,RelativityMaze,INFORMATION,44,100,16,True
2025-12-18 17:31:12,RelativityMaze,INFORMATION,45,80,11,True
2025-12-18 17:31:12,RelativityMaze,INFORMATION,46,330,43,True
2025-12-18 17:31:12,RelativityMaze,INFORMATION,47,50,10,True
2025-12-18 17:31:12,RelativityMaze,INFORMATION,48,70,11,True
2025-12-18 17:31:12,RelativityMaze,INFORMATION,49,740,74,True
2025-12-18 17:31:12,RelativityMaze,INFORMATION,50,80,13,True
2025-12-18 17:31:13,RelativityMaze,INFORMATION,51,390,69,True
2025-12-18 17:31:13,RelativityMaze,INFORMATION,52,70,11,True
2025-12-18 17:31:13,RelativityMaze,INFORMATION,53,40,7,True
2025-12-18 17:31:13,RelativityMaze,INFORMATION,54,80,12,True
2025-12-18 17:31:14,RelativityMaze,INFORMATION,55,170,62,True
2025-12-18 17:31:14,RelativityMaze,INFORMATION,56,330,118,True
2025-12-18 17:31:14,RelativityMaze,INFORMATION,57,70,11,True
2025-12-18 17:31:15,RelativityMaze,INFORMATION,58,300,33,True
2025-12-18 17:31:15,RelativityMaze,INFORMATION,59,820,200,True
2025-12-18 17:31:17,RelativityMaze,INFORMATION,60,120,200,True
2025-12-18 17:31:17,RelativityMaze,INFORMATION,61,120,34,True
2025-12-18 17:31:17,RelativityMaze,INFORMATION,62,30,24,True
2025-12-18 17:31:17,RelativityMaze,INFORMATION,63,120,19,True
2025-12-18 17:31:17,RelativityMaze,INFORMATION,64,410,67,True
2025-12-18 17:31:17,RelativityMaze,INFORMATION,65,80,14,True
2025-12-18 17:31:17,RelativityMaze,INFORMATION,66,50,8,True
2025-12-18 17:31:18,RelativityMaze,INFORMATION,67,180,146,True
2025-12-18 17:31:18,RelativityMaze,INFORMATION,68,310,42,True
2025-12-18 17:31:19,RelativityMaze,INFORMATION,69,140,52,True
2025-12-18 17:31:20,RelativityMaze,INFORMATION,70,1140,200,True
2025-12-18 17:31:20,RelativityMaze,INFORMATION,71,370,50,True
2025-12-18 17:31:20,RelativityMaze,INFORMATION,72,100,23,True
2025-12-18 17:31:20,RelativityMaze,INFORMATION,73,70,9,True
2025-12-18 17:31:21,RelativityMaze,INFORMATION,74,340,76,True
2025-12-18 17:31:21,RelativityMaze,INFORMATION,75,270,51,True
2025-12-18 17:31:21,RelativityMaze,INFORMATION,76,30,8,True
2025-12-18 17:31:21,RelativityMaze,INFORMATION,77,100,23,True
2025-12-18 17:31:22,RelativityMaze,INFORMATION,78,180,66,True
2025-12-18 17:31:22,RelativityMaze,INFORMATION,79,770,92,True
2025-12-18 17:31:22,RelativityMaze,INFORMATION,80,680,80,True
2025-12-18 17:31:22,RelativityMaze,INFORMATION,81,170,18,True
2025-12-18 17:31:22,RelativityMaze,INFORMATION,82,80,12,True
2025-12-18 17:31:22,RelativityMaze,INFORMATION,83,210,38,True
2025-12-18 17:31:22,RelativityMaze,INFORMATION,84,40,8,True
2025-12-18 17:31:23,RelativityMaze,INFORMATION,85,370,54,True
2025-12-18 17:31:24,RelativityMaze,INFORMATION,86,730,143,True
2025-12-18 17:31:24,RelativityMaze,INFORMATION,87,130,21,True
2025-12-18 17:31:24,RelativityMaze,INFORMATION,88,60,7,True
2025-12-18 17:31:24,RelativityMaze,INFORMATION,89,110,17,True
2025-12-18 17:31:24,RelativityMaze,INFORMATION,90,390,41,True
2025-12-18 17:31:24,RelativityMaze,INFORMATION,91,320,48,True
2025-12-18 17:31:24,RelativityMaze,INFORMATION,92,90,12,True
2025-12-18 17:31:24,RelativityMaze,INFORMATION,93,90,67,True
2025-12-18 17:31:24,RelativityMaze,INFORMATION,94,90,13,True
2025-12-18 17:31:24,RelativityMaze,INFORMATION,95,10,6,True
2025-12-18 17:31:25,RelativityMaze,INFORMATION,96,30,11,True
2025-12-18 17:31:25,RelativityMaze,INFORMATION,97,70,15,True
2025-12-18 17:31:25,RelativityMaze,INFORMATION,98,110,15,True
2025-12-18 17:31:25,RelativityMaze,INFORMATION,99,170,24,True
2025-12-18 17:31:25,RelativityMaze,INFORMATION,100,110,14,True
2025-12-18 17:31:25,InformationMaze,QUANTUM,1,-1080,47,True
2025-12-18 17:31:25,InformationMaze,QUANTUM,2,-290,51,True
2025-12-18 17:31:27,InformationMaze,QUANTUM,3,-2280,200,True
2025-12-18 17:31:27,InformationMaze,QUANTUM,4,-780,50,True
2025-12-18 17:31:27,InformationMaze,QUANTUM,5,-850,40,True
2025-12-18 17:31:27,InformationMaze,QUANTUM,6,-240,7,True
2025-12-18 17:31:27,InformationMaze,QUANTUM,7,-630,33,True
2025-12-18 17:31:28,InformationMaze,QUANTUM,8,-2110,200,True
2025-12-18 17:31:28,InformationMaze,QUANTUM,9,-1400,60,True
2025-12-18 17:31:29,InformationMaze,QUANTUM,10,-1480,200,True
2025-12-18 17:31:31,InformationMaze,QUANTUM,11,-650,200,True
2025-12-18 17:31:31,InformationMaze,QUANTUM,12,-320,15,True
2025-12-18 17:31:33,InformationMaze,QUANTUM,13,-1490,163,True
2025-12-18 17:31:33,InformationMaze,QUANTUM,14,-310,28,True
2025-12-18 17:31:34,InformationMaze,QUANTUM,15,-700,200,True
2025-12-18 17:31:34,InformationMaze,QUANTUM,16,-690,19,True
2025-12-18 17:31:34,InformationMaze,QUANTUM,17,-190,12,True
2025-12-18 17:31:34,InformationMaze,QUANTUM,18,-360,22,True
2025-12-18 17:31:34,InformationMaze,QUANTUM,19,-280,9,True
2025-12-18 17:31:35,InformationMaze,QUANTUM,20,-430,200,True
2025-12-18 17:31:36,InformationMaze,QUANTUM,21,-1630,200,True
2025-12-18 17:31:36,InformationMaze,QUANTUM,22,-680,24,True
2025-12-18 17:31:37,InformationMaze,QUANTUM,23,-1820,200,True
2025-12-18 17:31:39,InformationMaze,QUANTUM,24,-1540,200,True
2025-12-18 17:31:39,InformationMaze,QUANTUM,25,-440,22,True
2025-12-18 17:31:40,InformationMaze,QUANTUM,26,-460,200,True
2025-12-18 17:31:41,InformationMaze,QUANTUM,27,-2270,100,True
2025-12-18 17:31:42,InformationMaze,QUANTUM,28,-1230,200,True
2025-12-18 17:31:42,InformationMaze,QUANTUM,29,-820,28,True
2025-12-18 17:31:42,InformationMaze,QUANTUM,30,-1730,69,True
2025-12-18 17:31:42,InformationMaze,QUANTUM,31,-1110,31,True
2025-12-18 17:31:43,InformationMaze,QUANTUM,32,-1760,200,True
2025-12-18 17:31:43,InformationMaze,QUANTUM,33,-1250,73,True
2025-12-18 17:31:44,InformationMaze,QUANTUM,34,-1250,129,True
2025-12-18 17:31:44,InformationMaze,QUANTUM,35,-440,76,True
2025-12-18 17:31:46,InformationMaze,QUANTUM,36,-930,200,True
2025-12-18 17:31:47,InformationMaze,QUANTUM,37,-230,200,True
2025-12-18 17:31:47,InformationMaze,QUANTUM,38,-350,10,True
2025-12-18 17:31:47,InformationMaze,QUANTUM,39,-60,8,True
2025-12-18 17:31:47,InformationMaze,QUANTUM,40,-990,47,True
2025-12-18 17:31:48,InformationMaze,QUANTUM,41,-1960,116,True
2025-12-18 17:31:48,InformationMaze,QUANTUM,42,-190,8,True
2025-12-18 17:31:48,InformationMaze,QUANTUM,43,-400,10,True
2025-12-18 17:31:49,InformationMaze,QUANTUM,44,-990,111,True
2025-12-18 17:31:49,InformationMaze,QUANTUM,45,-1510,90,True
2025-12-18 17:31:49,InformationMaze,QUANTUM,46,-430,12,True
2025-12-18 17:31:49,InformationMaze,QUANTUM,47,-150,12,True
2025-12-18 17:31:49,InformationMaze,QUANTUM,48,-770,26,True
2025-12-18 17:31:50,InformationMaze,QUANTUM,49,-90,6,True
2025-12-18 17:31:50,InformationMaze,QUANTUM,50,-520,25,True
2025-12-18 17:31:51,InformationMaze,QUANTUM,51,-1020,138,True
2025-12-18 17:31:52,InformationMaze,QUANTUM,52,-700,200,True
2025-12-18 17:31:52,InformationMaze,QUANTUM,53,-240,11,True
2025-12-18 17:31:53,InformationMaze,QUANTUM,54,-1840,136,True
2025-12-18 17:31:53,InformationMaze,QUANTUM,55,-890,44,True
2025-12-18 17:31:53,InformationMaze,QUANTUM,56,-1260,58,True
2025-12-18 17:31:53,InformationMaze,QUANTUM,57,-1310,50,True
2025-12-18 17:31:53,InformationMaze,QUANTUM,58,-1850,83,True
2025-12-18 17:31:54,InformationMaze,QUANTUM,59,-2620,154,True
2025-12-18 17:31:55,InformationMaze,QUANTUM,60,-2960,200,True
2025-12-18 17:31:56,InformationMaze,QUANTUM,61,-1050,81,True
2025-12-18 17:31:56,InformationMaze,QUANTUM,62,-640,20,True
2025-12-18 17:31:57,InformationMaze,QUANTUM,63,-1640,110,True
2025-12-18 17:31:57,InformationMaze,QUANTUM,64,-180,34,True
2025-12-18 17:31:57,InformationMaze,QUANTUM,65,-3390,200,True
2025-12-18 17:31:58,InformationMaze,QUANTUM,66,-570,59,True
2025-12-18 17:31:58,InformationMaze,QUANTUM,67,-650,42,True
2025-12-18 17:31:59,InformationMaze,QUANTUM,68,-3440,171,True
2025-12-18 17:31:59,InformationMaze,QUANTUM,69,-240,7,True
2025-12-18 17:32:01,InformationMaze,QUANTUM,70,-870,200,True
2025-12-18 17:32:01,InformationMaze,QUANTUM,71,-1550,78,True
2025-12-18 17:32:02,InformationMaze,QUANTUM,72,-2430,200,True
2025-12-18 17:32:03,InformationMaze,QUANTUM,73,-1280,66,True
2025-12-18 17:32:03,InformationMaze,QUANTUM,74,-3840,172,True
2025-12-18 17:32:05,InformationMaze,QUANTUM,75,-3270,195,True
2025-12-18 17:32:06,InformationMaze,QUANTUM,76,-960,200,True
2025-12-18 17:32:07,InformationMaze,QUANTUM,77,-1400,200,True
2025-12-18 17:32:07,InformationMaze,QUANTUM,78,-690,22,True
2025-12-18 17:32:07,InformationMaze,QUANTUM,79,-750,39,True
2025-12-18 17:32:07,InformationMaze,QUANTUM,80,-1000,58,True
2025-12-18 17:32:07,InformationMaze,QUANTUM,81,-540,19,True
2025-12-18 17:32:08,InformationMaze,QUANTUM,82,-150,43,True
2025-12-18 17:32:08,InformationMaze,QUANTUM,83,-780,34,True
2025-12-18 17:32:08,InformationMaze,QUANTUM,84,-940,61,True
2025-12-18 17:32:08,InformationMaze,QUANTUM,85,-1320,81,True
2025-12-18 17:32:09,InformationMaze,QUANTUM,86,-750,80,True
2025-12-18 17:32:09,InformationMaze,QUANTUM,87,-2340,128,True
2025-12-18 17:32:09,InformationMaze,QUANTUM,88,-570,60,True
2025-12-18 17:32:11,InformationMaze,QUANTUM,89,-180,200,True
2025-12-18 17:32:11,InformationMaze,QUANTUM,90,-1100,55,True
2025-12-18 17:32:12,InformationMaze,QUANTUM,91,-2970,159,True
2025-12-18 17:32:12,InformationMaze,QUANTUM,92,-690,200,True
2025-12-18 17:32:12,InformationMaze,QUANTUM,93,-130,22,True
2025-12-18 17:32:13,InformationMaze,QUANTUM,94,-600,44,True
2025-12-18 17:32:13,InformationMaze,QUANTUM,95,-470,17,True
2025-12-18 17:32:13,InformationMaze,QUANTUM,96,-280,21,True
2025-12-18 17:32:13,InformationMaze,QUANTUM,97,-480,29,True
2025-12-18 17:32:13,InformationMaze,QUANTUM,98,-1080,82,True
2025-12-18 17:32:13,InformationMaze,QUANTUM,99,-1750,77,True
2025-12-18 17:32:14,InformationMaze,QUANTUM,100,-830,38,True
2025-12-18 17:32:15,InformationMaze,PHYSICS,1,-1800,200,True
2025-12-18 17:32:16,InformationMaze,PHYSICS,2,-2270,158,True
2025-12-18 17:32:18,InformationMaze,PHYSICS,3,-2280,200,True
2025-12-18 17:32:18,InformationMaze,PHYSICS,4,-140,8,True
2025-12-18 17:32:18,InformationMaze,PHYSICS,5,-280,22,True
2025-12-18 17:32:18,InformationMaze,PHYSICS,6,-590,35,True
2025-12-18 17:32:19,InformationMaze,PHYSICS,7,-480,32,True
2025-12-18 17:32:20,InformationMaze,PHYSICS,8,-2600,200,True
2025-12-18 17:32:20,InformationMaze,PHYSICS,9,-1350,59,True
2025-12-18 17:32:21,InformationMaze,PHYSICS,10,-1300,71,True
2025-12-18 17:32:21,InformationMaze,PHYSICS,11,-520,18,True
2025-12-18 17:32:21,InformationMaze,PHYSICS,12,30,12,True
2025-12-18 17:32:21,InformationMaze,PHYSICS,13,-880,54,True
2025-12-18 17:32:22,InformationMaze,PHYSICS,14,-1240,55,True
2025-12-18 17:32:23,InformationMaze,PHYSICS,15,-320,200,True
2025-12-18 17:32:23,InformationMaze,PHYSICS,16,-630,20,True
2025-12-18 17:32:25,InformationMaze,PHYSICS,17,-1650,139,True
2025-12-18 17:32:25,InformationMaze,PHYSICS,18,-390,22,True
2025-12-18 17:32:25,InformationMaze,PHYSICS,19,-340,9,True
2025-12-18 17:32:25,InformationMaze,PHYSICS,20,-590,200,True
2025-12-18 17:32:27,InformationMaze,PHYSICS,21,-1040,184,True
2025-12-18 17:32:27,InformationMaze,PHYSICS,22,-790,24,True
2025-12-18 17:32:29,InformationMaze,PHYSICS,23,-1000,200,True
2025-12-18 17:32:29,InformationMaze,PHYSICS,24,-960,56,True
2025-12-18 17:32:31,InformationMaze,PHYSICS,25,-2900,200,True
2025-12-18 17:32:31,InformationMaze,PHYSICS,26,-940,91,True
2025-12-18 17:32:33,InformationMaze,PHYSICS,27,-1210,200,True
2025-12-18 17:32:34,InformationMaze,PHYSICS,28,-1440,200,True
2025-12-18 17:32:34,InformationMaze,PHYSICS,29,-530,19,True
2025-12-18 17:32:35,InformationMaze,PHYSICS,30,-290,11,True
2025-12-18 17:32:35,InformationMaze,PHYSICS,31,-710,35,True
2025-12-18 17:32:35,InformationMaze,PHYSICS,32,-890,55,True
2025-12-18 17:32:36,InformationMaze,PHYSICS,33,-580,31,True
2025-12-18 17:32:36,InformationMaze,PHYSICS,34,-720,37,True
2025-12-18 17:32:38,InformationMaze,PHYSICS,35,-2740,183,True
2025-12-18 17:32:39,InformationMaze,PHYSICS,36,-1230,200,True
2025-12-18 17:32:41,InformationMaze,PHYSICS,37,-2150,200,True
2025-12-18 17:32:41,InformationMaze,PHYSICS,38,-1450,56,True
2025-12-18 17:32:41,InformationMaze,PHYSICS,39,-60,8,True
2025-12-18 17:32:43,InformationMaze,PHYSICS,40,-980,200,True
2025-12-18 17:32:43,InformationMaze,PHYSICS,41,-850,32,True
2025-12-18 17:32:43,InformationMaze,PHYSICS,42,-150,11,True
2025-12-18 17:32:43,InformationMaze,PHYSICS,43,-1250,76,True
2025-12-18 17:32:44,InformationMaze,PHYSICS,44,-290,45,True
2025-12-18 17:32:44,InformationMaze,PHYSICS,45,-320,36,True
2025-12-18 17:32:45,InformationMaze,PHYSICS,46,-1650,138,True
2025-12-18 17:32:45,InformationMaze,PHYSICS,47,-90,12,True
2025-12-18 17:32:46,InformationMaze,PHYSICS,48,-1900,75,True
2025-12-18 17:32:46,InformationMaze,PHYSICS,49,-140,6,True
2025-12-18 17:32:46,InformationMaze,PHYSICS,50,-1880,59,True
2025-12-18 17:32:47,InformationMaze,PHYSICS,51,-2330,83,True
2025-12-18 17:32:47,InformationMaze,PHYSICS,52,-410,18,True
2025-12-18 17:32:47,InformationMaze,PHYSICS,53,-900,39,True
2025-12-18 17:32:48,InformationMaze,PHYSICS,54,-2220,200,True
2025-12-18 17:32:48,InformationMaze,PHYSICS,55,-930,34,True
2025-12-18 17:32:49,InformationMaze,PHYSICS,56,-2080,200,True
2025-12-18 17:32:50,InformationMaze,PHYSICS,57,-1390,47,True
2025-12-18 17:32:50,InformationMaze,PHYSICS,58,-590,43,True
2025-12-18 17:32:52,InformationMaze,PHYSICS,59,-930,200,True
2025-12-18 17:32:53,InformationMaze,PHYSICS,60,-2960,200,True
2025-12-18 17:32:54,InformationMaze,PHYSICS,61,-300,200,True
2025-12-18 17:32:55,InformationMaze,PHYSICS,62,-150,20,True
2025-12-18 17:32:55,InformationMaze,PHYSICS,63,-1230,39,True
2025-12-18 17:32:55,InformationMaze,PHYSICS,64,-440,51,True
2025-12-18 17:32:56,InformationMaze,PHYSICS,65,-730,81,True
2025-12-18 17:32:57,InformationMaze,PHYSICS,66,-1620,200,True
2025-12-18 17:32:58,InformationMaze,PHYSICS,67,-380,22,True
2025-12-18 17:32:59,InformationMaze,PHYSICS,68,-1220,109,True
2025-12-18 17:33:00,InformationMaze,PHYSICS,69,-340,200,True
2025-12-18 17:33:02,InformationMaze,PHYSICS,70,-570,200,True
2025-12-18 17:33:02,InformationMaze,PHYSICS,71,-630,25,True
2025-12-18 17:33:03,InformationMaze,PHYSICS,72,-1910,128,True
2025-12-18 17:33:05,InformationMaze,PHYSICS,73,-490,200,True
2025-12-18 17:33:05,InformationMaze,PHYSICS,74,-3840,172,True
2025-12-18 17:33:07,InformationMaze,PHYSICS,75,-3170,195,True
2025-12-18 17:33:08,InformationMaze,PHYSICS,76,-1870,200,True
2025-12-18 17:33:10,InformationMaze,PHYSICS,77,-1080,200,True
2025-12-18 17:33:11,InformationMaze,PHYSICS,78,-2360,160,True
2025-12-18 17:33:11,InformationMaze,PHYSICS,79,-750,39,True
2025-12-18 17:33:12,InformationMaze,PHYSICS,80,-620,108,True
2025-12-18 17:33:12,InformationMaze,PHYSICS,81,-430,17,True
2025-12-18 17:33:12,InformationMaze,PHYSICS,82,-400,13,True
2025-12-18 17:33:13,InformationMaze,PHYSICS,83,-640,72,True
2025-12-18 17:33:13,InformationMaze,PHYSICS,84,-940,61,True
2025-12-18 17:33:14,InformationMaze,PHYSICS,85,-1150,53,True
2025-12-18 17:33:15,InformationMaze,PHYSICS,86,-750,80,True
2025-12-18 17:33:16,InformationMaze,PHYSICS,87,-3380,200,True
2025-12-18 17:33:16,InformationMaze,PHYSICS,88,-570,44,True
2025-12-18 17:33:18,InformationMaze,PHYSICS,89,-750,200,True
2025-12-18 17:33:18,InformationMaze,PHYSICS,90,-1380,47,True
2025-12-18 17:33:19,InformationMaze,PHYSICS,91,-2710,196,True
2025-12-18 17:33:19,InformationMaze,PHYSICS,92,-1110,55,True
2025-12-18 17:33:21,InformationMaze,PHYSICS,93,-1630,200,True
2025-12-18 17:33:21,InformationMaze,PHYSICS,94,-1940,103,True
2025-12-18 17:33:22,InformationMaze,PHYSICS,95,-1360,64,True
2025-12-18 17:33:23,InformationMaze,PHYSICS,96,-380,134,True
2025-12-18 17:33:23,InformationMaze,PHYSICS,97,-460,131,True
2025-12-18 17:33:25,InformationMaze,PHYSICS,98,-1040,200,True
2025-12-18 17:33:26,InformationMaze,PHYSICS,99,-2850,122,True
2025-12-18 17:33:27,InformationMaze,PHYSICS,100,-830,38,True
2025-12-18 17:33:27,InformationMaze,RELATIVITY,1,-1080,47,True
2025-12-18 17:33:27,InformationMaze,RELATIVITY,2,-290,51,True
2025-12-18 17:33:29,InformationMaze,RELATIVITY,3,-2280,200,True
2025-12-18 17:33:29,InformationMaze,RELATIVITY,4,-140,8,True
2025-12-18 17:33:29,InformationMaze,RELATIVITY,5,-1060,81,True
2025-12-18 17:33:29,InformationMaze,RELATIVITY,6,-240,7,True
2025-12-18 17:33:29,InformationMaze,RELATIVITY,7,-630,33,True
2025-12-18 17:33:31,InformationMaze,RELATIVITY,8,-1640,200,True
2025-12-18 17:33:31,InformationMaze,RELATIVITY,9,-2150,89,True
2025-12-18 17:33:31,InformationMaze,RELATIVITY,10,-920,79,True
2025-12-18 17:33:33,InformationMaze,RELATIVITY,11,-650,200,True
2025-12-18 17:33:33,InformationMaze,RELATIVITY,12,-320,15,True
2025-12-18 17:33:34,InformationMaze,RELATIVITY,13,-1490,163,True
2025-12-18 17:33:35,InformationMaze,RELATIVITY,14,-1240,55,True
2025-12-18 17:33:36,InformationMaze,RELATIVITY,15,-920,200,True
2025-12-18 17:33:36,InformationMaze,RELATIVITY,16,-690,19,True
2025-12-18 17:33:38,InformationMaze,RELATIVITY,17,-950,200,True
2025-12-18 17:33:38,InformationMaze,RELATIVITY,18,-490,23,True
2025-12-18 17:33:38,InformationMaze,RELATIVITY,19,-280,9,True
2025-12-18 17:33:38,InformationMaze,RELATIVITY,20,-1020,122,True
2025-12-18 17:33:38,InformationMaze,RELATIVITY,21,-700,20,True
2025-12-18 17:33:39,InformationMaze,RELATIVITY,22,-390,73,True
2025-12-18 17:33:40,InformationMaze,RELATIVITY,23,-2120,200,True
2025-12-18 17:33:41,InformationMaze,RELATIVITY,24,-1540,200,True
2025-12-18 17:33:41,InformationMaze,RELATIVITY,25,-440,22,True
2025-12-18 17:33:42,InformationMaze,RELATIVITY,26,-460,200,True
2025-12-18 17:33:43,InformationMaze,RELATIVITY,27,-2270,100,True
2025-12-18 17:33:44,InformationMaze,RELATIVITY,28,-1230,200,True
2025-12-18 17:33:44,InformationMaze,RELATIVITY,29,-690,29,True
2025-12-18 17:33:44,InformationMaze,RELATIVITY,30,-1730,69,True
2025-12-18 17:33:44,InformationMaze,RELATIVITY,31,-1110,31,True
2025-12-18 17:33:44,QUANTUM,30,860,200,True
2025-12-18 17:33:44,InformationMaze,RELATIVITY,32,-890,55,True
2025-12-18 17:33:44,InformationMaze,RELATIVITY,33,-1250,73,True
2025-12-18 17:33:45,InformationMaze,RELATIVITY,34,-3550,188,True
2025-12-18 17:33:47,InformationMaze,RELATIVITY,35,-2320,165,True
2025-12-18 17:33:48,InformationMaze,RELATIVITY,36,-50,200,True
2025-12-18 17:33:49,InformationMaze,RELATIVITY,37,-230,200,True
2025-12-18 17:33:49,InformationMaze,RELATIVITY,38,-1450,56,True
2025-12-18 17:33:49,InformationMaze,RELATIVITY,39,-60,8,True
2025-12-18 17:33:50,QUANTUM,31,100,15,True
2025-12-18 17:33:50,InformationMaze,RELATIVITY,40,-950,93,True
2025-12-18 17:33:51,InformationMaze,RELATIVITY,41,-1960,116,True
2025-12-18 17:33:51,InformationMaze,RELATIVITY,42,-240,90,True
2025-12-18 17:33:51,InformationMaze,RELATIVITY,43,-400,10,True
2025-12-18 17:33:52,InformationMaze,RELATIVITY,44,-990,111,True
2025-12-18 17:33:53,InformationMaze,RELATIVITY,45,-1510,90,True
2025-12-18 17:33:53,QUANTUM,32,70,9,True
2025-12-18 17:33:53,InformationMaze,RELATIVITY,46,-1600,135,True
2025-12-18 17:33:53,InformationMaze,RELATIVITY,47,-440,13,True
2025-12-18 17:33:53,InformationMaze,RELATIVITY,48,-1590,75,True
2025-12-18 17:33:53,InformationMaze,RELATIVITY,49,-90,6,True
2025-12-18 17:33:54,InformationMaze,RELATIVITY,50,-1270,66,True
2025-12-18 17:33:54,InformationMaze,RELATIVITY,51,-2930,200,True
2025-12-18 17:33:56,InformationMaze,RELATIVITY,52,-700,200,True
2025-12-18 17:33:56,InformationMaze,RELATIVITY,53,-240,11,True
2025-12-18 17:33:56,InformationMaze,RELATIVITY,54,-300,54,True
2025-12-18 17:33:56,InformationMaze,RELATIVITY,55,-890,44,True
2025-12-18 17:33:56,InformationMaze,RELATIVITY,56,-1020,41,True
2025-12-18 17:33:56,InformationMaze,RELATIVITY,57,-1310,50,True
2025-12-18 17:33:57,InformationMaze,RELATIVITY,58,-1010,101,True
2025-12-18 17:33:57,InformationMaze,RELATIVITY,59,-970,97,True
2025-12-18 17:33:58,InformationMaze,RELATIVITY,60,-2960,200,True
2025-12-18 17:33:58,QUANTUM,33,110,15,True
2025-12-18 17:33:59,InformationMaze,RELATIVITY,61,-1900,97,True
2025-12-18 17:33:59,InformationMaze,RELATIVITY,62,-1110,67,True
2025-12-18 17:33:59,InformationMaze,RELATIVITY,63,-1040,42,True
2025-12-18 17:33:59,InformationMaze,RELATIVITY,64,-130,28,True
2025-12-18 17:33:59,InformationMaze,RELATIVITY,65,-90,22,True
2025-12-18 17:33:59,InformationMaze,RELATIVITY,66,-570,59,True
2025-12-18 17:34:00,InformationMaze,RELATIVITY,67,-650,42,True
2025-12-18 17:34:00,InformationMaze,RELATIVITY,68,-2250,122,True
2025-12-18 17:34:00,InformationMaze,RELATIVITY,69,-90,8,True
2025-12-18 17:34:02,InformationMaze,RELATIVITY,70,-870,200,True
2025-12-18 17:34:02,InformationMaze,RELATIVITY,71,-1190,44,True
2025-12-18 17:34:02,InformationMaze,RELATIVITY,72,-330,16,True
2025-12-18 17:34:03,InformationMaze,RELATIVITY,73,-1280,66,True
2025-12-18 17:34:03,InformationMaze,RELATIVITY,74,-3840,172,True
2025-12-18 17:34:05,InformationMaze,RELATIVITY,75,-3270,195,True
2025-12-18 17:34:06,InformationMaze,RELATIVITY,76,-1870,200,True
2025-12-18 17:34:07,InformationMaze,RELATIVITY,77,-1110,200,True
2025-12-18 17:34:07,InformationMaze,RELATIVITY,78,-690,22,True
2025-12-18 17:34:07,InformationMaze,RELATIVITY,79,-750,39,True
2025-12-18 17:34:07,InformationMaze,RELATIVITY,80,-1000,58,True
2025-12-18 17:34:07,InformationMaze,RELATIVITY,81,-540,19,True
2025-12-18 17:34:07,InformationMaze,RELATIVITY,82,-150,43,True
2025-12-18 17:34:08,InformationMaze,RELATIVITY,83,-680,32,True
2025-12-18 17:34:08,InformationMaze,RELATIVITY,84,-940,61,True
2025-12-18 17:34:08,InformationMaze,RELATIVITY,85,-1560,85,True
2025-12-18 17:34:08,InformationMaze,RELATIVITY,86,-750,80,True
2025-12-18 17:34:10,InformationMaze,RELATIVITY,87,-1610,200,True
2025-12-18 17:34:10,InformationMaze,RELATIVITY,88,-730,47,True
2025-12-18 17:34:11,InformationMaze,RELATIVITY,89,-300,200,True
2025-12-18 17:34:11,InformationMaze,RELATIVITY,90,-610,57,True
2025-12-18 17:34:12,InformationMaze,RELATIVITY,91,-2970,159,True
2025-12-18 17:34:13,InformationMaze,RELATIVITY,92,-2130,200,True
2025-12-18 17:34:13,InformationMaze,RELATIVITY,93,-220,23,True
2025-12-18 17:34:14,InformationMaze,RELATIVITY,94,-2930,200,True
2025-12-18 17:34:15,InformationMaze,RELATIVITY,95,-710,200,True
2025-12-18 17:34:16,InformationMaze,RELATIVITY,96,-380,134,True
2025-12-18 17:34:16,InformationMaze,RELATIVITY,97,-530,37,True
2025-12-18 17:34:17,InformationMaze,RELATIVITY,98,-1080,82,True
2025-12-18 17:34:17,InformationMaze,RELATIVITY,99,-1030,55,True
2025-12-18 17:34:17,InformationMaze,RELATIVITY,100,-830,38,True
2025-12-18 17:34:17,InformationMaze,INFORMATION,1,-1080,47,True
2025-12-18 17:34:17,InformationMaze,INFORMATION,2,-290,51,True
2025-12-18 17:34:19,InformationMaze,INFORMATION,3,-2280,200,True
2025-12-18 17:34:19,InformationMaze,INFORMATION,4,-780,50,True
2025-12-18 17:34:20,InformationMaze,INFORMATION,5,-1060,81,True
2025-12-18 17:34:20,InformationMaze,INFORMATION,6,-240,7,True
2025-12-18 17:34:20,InformationMaze,INFORMATION,7,-630,33,True
2025-12-18 17:34:21,InformationMaze,INFORMATION,8,-2750,200,True
2025-12-18 17:34:21,InformationMaze,INFORMATION,9,-1400,60,True
2025-12-18 17:34:23,InformationMaze,INFORMATION,10,-1480,200,True
2025-12-18 17:34:25,InformationMaze,INFORMATION,11,-650,200,True
2025-12-18 17:34:25,InformationMaze,INFORMATION,12,-320,15,True
2025-12-18 17:34:26,InformationMaze,INFORMATION,13,-1490,163,True
2025-12-18 17:34:26,InformationMaze,INFORMATION,14,-310,28,True
2025-12-18 17:34:27,InformationMaze,INFORMATION,15,-700,200,True
2025-12-18 17:34:27,InformationMaze,INFORMATION,16,-690,19,True
2025-12-18 17:34:29,InformationMaze,INFORMATION,17,-1600,200,True
2025-12-18 17:34:29,InformationMaze,INFORMATION,18,-360,22,True
2025-12-18 17:34:29,InformationMaze,INFORMATION,19,-280,9,True
2025-12-18 17:34:29,InformationMaze,INFORMATION,20,-1020,122,True
2025-12-18 17:34:29,InformationMaze,INFORMATION,21,-650,16,True
2025-12-18 17:34:29,InformationMaze,INFORMATION,22,-1310,77,True
2025-12-18 17:34:30,InformationMaze,INFORMATION,23,-670,42,True
2025-12-18 17:34:31,InformationMaze,INFORMATION,24,-1540,200,True
2025-12-18 17:34:31,InformationMaze,INFORMATION,25,-440,22,True
2025-12-18 17:34:32,InformationMaze,INFORMATION,26,-460,200,True
2025-12-18 17:34:33,InformationMaze,INFORMATION,27,-2270,100,True
2025-12-18 17:34:33,InformationMaze,INFORMATION,28,-1230,200,True
2025-12-18 17:34:34,InformationMaze,INFORMATION,29,-2160,61,True
2025-12-18 17:34:34,InformationMaze,INFORMATION,30,-1730,69,True
2025-12-18 17:34:34,InformationMaze,INFORMATION,31,-1110,31,True
2025-12-18 17:34:34,InformationMaze,INFORMATION,32,-530,27,True
2025-12-18 17:34:34,InformationMaze,INFORMATION,33,-1250,73,True
2025-12-18 17:34:35,InformationMaze,INFORMATION,34,-990,69,True
2025-12-18 17:34:35,InformationMaze,INFORMATION,35,-440,76,True
2025-12-18 17:34:37,InformationMaze,INFORMATION,36,-930,200,True
2025-12-18 17:34:38,InformationMaze,INFORMATION,37,-230,200,True
2025-12-18 17:34:39,InformationMaze,INFORMATION,38,-1590,200,True
2025-12-18 17:34:39,InformationMaze,INFORMATION,39,-60,8,True
2025-12-18 17:34:39,InformationMaze,INFORMATION,40,-990,47,True
2025-12-18 17:34:40,InformationMaze,INFORMATION,41,-1960,116,True
2025-12-18 17:34:40,InformationMaze,INFORMATION,42,-190,8,True
2025-12-18 17:34:40,InformationMaze,INFORMATION,43,-400,10,True
2025-12-18 17:34:41,InformationMaze,INFORMATION,44,-990,111,True
2025-12-18 17:34:41,InformationMaze,INFORMATION,45,-1510,90,True
2025-12-18 17:34:41,InformationMaze,INFORMATION,46,-430,12,True
2025-12-18 17:34:41,InformationMaze,INFORMATION,47,-150,12,True
2025-12-18 17:34:41,InformationMaze,INFORMATION,48,-840,38,True
2025-12-18 17:34:42,InformationMaze,INFORMATION,49,-90,6,True
2025-12-18 17:34:42,InformationMaze,INFORMATION,50,-520,25,True
2025-12-18 17:34:42,InformationMaze,INFORMATION,51,-1310,52,True
2025-12-18 17:34:43,InformationMaze,INFORMATION,52,-700,200,True
2025-12-18 17:34:43,InformationMaze,INFORMATION,53,-240,11,True
2025-12-18 17:34:44,InformationMaze,INFORMATION,54,-2310,184,True
2025-12-18 17:34:44,InformationMaze,INFORMATION,55,-890,44,True
2025-12-18 17:34:44,InformationMaze,INFORMATION,56,-1260,58,True
2025-12-18 17:34:44,InformationMaze,INFORMATION,57,-1310,50,True
2025-12-18 17:34:45,InformationMaze,INFORMATION,58,-1010,101,True
2025-12-18 17:34:46,InformationMaze,INFORMATION,59,-2620,154,True
2025-12-18 17:34:47,InformationMaze,INFORMATION,60,-2960,200,True
2025-12-18 17:34:47,InformationMaze,INFORMATION,61,-1050,81,True
2025-12-18 17:34:48,InformationMaze,INFORMATION,62,-700,19,True
2025-12-18 17:34:48,InformationMaze,INFORMATION,63,-1640,110,True
2025-12-18 17:34:48,InformationMaze,INFORMATION,64,-180,34,True
2025-12-18 17:34:49,InformationMaze,INFORMATION,65,-3390,200,True
2025-12-18 17:34:49,InformationMaze,INFORMATION,66,-570,59,True
2025-12-18 17:34:49,InformationMaze,INFORMATION,67,-650,42,True
2025-12-18 17:34:50,InformationMaze,INFORMATION,68,-2250,122,True
2025-12-18 17:34:50,InformationMaze,INFORMATION,69,-90,8,True
2025-12-18 17:34:52,InformationMaze,INFORMATION,70,-870,200,True
2025-12-18 17:34:52,InformationMaze,INFORMATION,71,-1550,78,True
2025-12-18 17:34:53,InformationMaze,INFORMATION,72,-2430,200,True
2025-12-18 17:34:54,InformationMaze,INFORMATION,73,-1280,66,True
2025-12-18 17:34:55,InformationMaze,INFORMATION,74,-3840,172,True
2025-12-18 17:34:56,InformationMaze,INFORMATION,75,-3270,195,True
2025-12-18 17:34:57,InformationMaze,INFORMATION,76,-960,200,True
2025-12-18 17:34:59,InformationMaze,INFORMATION,77,-1110,200,True
2025-12-18 17:34:59,InformationMaze,INFORMATION,78,-690,22,True
2025-12-18 17:34:59,InformationMaze,INFORMATION,79,-750,39,True
2025-12-18 17:34:59,InformationMaze,INFORMATION,80,-1000,58,True
2025-12-18 17:34:59,InformationMaze,INFORMATION,81,-540,19,True
2025-12-18 17:34:59,InformationMaze,INFORMATION,82,-150,43,True
2025-12-18 17:35:01,InformationMaze,INFORMATION,83,-970,200,True
2025-12-18 17:35:01,InformationMaze,INFORMATION,84,-940,61,True
2025-12-18 17:35:01,InformationMaze,INFORMATION,85,-1320,81,True
2025-12-18 17:35:02,InformationMaze,INFORMATION,86,-750,80,True
2025-12-18 17:35:02,InformationMaze,INFORMATION,87,-2340,128,True
2025-12-18 17:35:03,InformationMaze,INFORMATION,88,-970,65,True
2025-12-18 17:35:04,InformationMaze,INFORMATION,89,-990,200,True
2025-12-18 17:35:04,InformationMaze,INFORMATION,90,-1100,55,True
2025-12-18 17:35:05,InformationMaze,INFORMATION,91,-2970,159,True
2025-12-18 17:35:05,InformationMaze,INFORMATION,92,-1190,43,True
2025-12-18 17:35:05,InformationMaze,INFORMATION,93,-130,22,True
2025-12-18 17:35:05,InformationMaze,INFORMATION,94,-600,44,True
2025-12-18 17:35:05,InformationMaze,INFORMATION,95,-470,17,True
2025-12-18 17:35:06,InformationMaze,INFORMATION,96,-280,21,True
2025-12-18 17:35:06,InformationMaze,INFORMATION,97,-480,29,True
2025-12-18 17:35:06,InformationMaze,INFORMATION,98,-1080,82,True
2025-12-18 17:35:07,InformationMaze,INFORMATION,99,-2050,106,True
2025-12-18 17:35:07,InformationMaze,INFORMATION,100,-830,38,True
2025-12-18 17:35:41,QUANTUM,34,260,38,True
2025-12-18 17:35:46,QUANTUM,35,140,18,True
2025-12-18 17:35:59,QUANTUM,36,380,42,True
2025-12-18 17:36:02,QUANTUM,37,70,10,True
2025-12-18 17:39:11,QUANTUM,38,430,61,True
2025-12-18 17:39:20,QUANTUM,39,180,25,True
2025-12-18 18:10:00,QUANTUM,40,650,200,True
2025-12-18 18:10:05,QUANTUM,41,120,16,True
2025-12-18 18:10:08,QUANTUM,42,90,12,True
2025-12-18 18:12:59,QUANTUM,43,710,200,True
2025-12-18 18:13:01,QUANTUM,44,40,8,True
2025-12-18 18:13:05,QUANTUM,45,60,13,True
2025-12-18 18:13:11,QUANTUM,46,160,19,True
2025-12-18 18:13:12,QUANTUM,47,60,7,True
2025-12-18 18:13:23,QUANTUM,48,280,39,True
2025-12-18 18:13:28,QUANTUM,49,90,14,True
2025-12-18 18:13:32,QUANTUM,50,90,15,True
2025-12-18 18:13:36,QUANTUM,51,60,13,True
2025-12-18 18:18:01,QUANTUM,52,840,91,True
2025-12-18 18:18:06,QUANTUM,53,120,14,True
2025-12-18 18:18:11,QUANTUM,54,100,16,True
2025-12-18 18:18:23,QUANTUM,55,310,43,True
Timestamp,Game,Agent,Episode,Score,Steps,Memory
2025-12-18 18:29:33,Standard,QUANTUM,1,790,69,True
2025-12-18 18:29:34,Standard,QUANTUM,2,790,69,True
2025-12-18 18:29:35,Standard,QUANTUM,3,790,69,True
2025-12-18 18:29:35,Standard,QUANTUM,4,790,69,True
2025-12-18 18:29:36,Standard,QUANTUM,5,790,69,True
2025-12-18 18:29:36,Standard,QUANTUM,6,790,69,True
2025-12-18 18:29:37,Standard,QUANTUM,7,790,69,True
2025-12-18 18:29:37,Standard,QUANTUM,8,790,69,True
2025-12-18 18:29:38,Standard,QUANTUM,9,790,69,True
2025-12-18 18:29:40,Standard,QUANTUM,10,790,69,True
2025-12-18 18:29:41,Standard,QUANTUM,11,790,69,True
2025-12-18 18:29:42,Standard,QUANTUM,12,790,69,True
2025-12-18 18:29:42,Standard,QUANTUM,13,790,69,True
2025-12-18 18:29:42,Standard,QUANTUM,14,790,69,True
2025-12-18 18:29:43,Standard,QUANTUM,15,790,69,True
2025-12-18 18:29:43,Standard,QUANTUM,16,790,69,True
2025-12-18 18:29:44,Standard,QUANTUM,17,790,69,True
2025-12-18 18:29:44,Standard,QUANTUM,18,790,69,True
2025-12-18 18:29:44,Standard,QUANTUM,19,790,69,True
2025-12-18 18:29:45,Standard,QUANTUM,20,790,69,True
2025-12-18 18:29:45,Standard,QUANTUM,21,790,69,True
2025-12-18 18:29:45,Standard,QUANTUM,22,790,69,True
2025-12-18 18:29:46,Standard,QUANTUM,23,790,69,True
2025-12-18 18:29:46,Standard,QUANTUM,24,790,69,True
2025-12-18 18:29:47,Standard,QUANTUM,25,790,69,True
2025-12-18 18:29:47,Standard,QUANTUM,26,790,69,True
2025-12-18 18:29:47,Standard,QUANTUM,27,790,69,True
2025-12-18 18:29:48,Standard,QUANTUM,28,790,69,True
2025-12-18 18:29:48,Standard,QUANTUM,29,790,69,True
2025-12-18 18:29:49,Standard,QUANTUM,30,790,69,True
2025-12-18 18:29:49,Standard,QUANTUM,31,790,69,True
2025-12-18 18:29:49,Standard,QUANTUM,32,790,69,True
2025-12-18 18:29:50,Standard,QUANTUM,33,790,69,True
2025-12-18 18:29:50,Standard,QUANTUM,34,790,69,True
2025-12-18 18:29:50,Standard,QUANTUM,35,790,69,True
2025-12-18 18:29:51,Standard,QUANTUM,36,790,69,True
2025-12-18 18:29:51,Standard,QUANTUM,37,790,69,True
2025-12-18 18:29:52,Standard,QUANTUM,38,790,69,True
2025-12-18 18:29:52,Standard,QUANTUM,39,790,69,True
2025-12-18 18:29:52,Standard,QUANTUM,40,790,69,True
2025-12-18 18:29:53,Standard,QUANTUM,41,790,69,True
2025-12-18 18:29:53,Standard,QUANTUM,42,790,69,True
2025-12-18 18:29:54,Standard,QUANTUM,43,790,69,True
2025-12-18 18:29:54,Standard,QUANTUM,44,790,69,True
2025-12-18 18:29:54,Standard,QUANTUM,45,790,69,True
2025-12-18 18:29:55,Standard,QUANTUM,46,790,69,True
2025-12-18 18:29:55,Standard,QUANTUM,47,790,69,True
2025-12-18 18:29:55,Standard,QUANTUM,48,790,69,True
2025-12-18 18:29:56,Standard,QUANTUM,49,790,69,True
2025-12-18 18:29:56,Standard,QUANTUM,50,790,69,True
2025-12-18 18:29:57,Standard,QUANTUM,51,790,69,True
2025-12-18 18:29:57,Standard,QUANTUM,52,790,69,True
2025-12-18 18:29:57,Standard,QUANTUM,53,790,69,True
2025-12-18 18:29:58,Standard,QUANTUM,54,790,69,True
2025-12-18 18:29:58,Standard,QUANTUM,55,790,69,True
2025-12-18 18:29:58,Standard,QUANTUM,56,790,69,True
2025-12-18 18:29:59,Standard,QUANTUM,57,790,69,True
2025-12-18 18:29:59,Standard,QUANTUM,58,790,69,True
2025-12-18 18:30:00,Standard,QUANTUM,59,790,69,True
2025-12-18 18:30:00,Standard,QUANTUM,60,790,69,True
2025-12-18 18:30:00,Standard,QUANTUM,61,790,69,True
2025-12-18 18:30:01,Standard,QUANTUM,62,790,69,True
2025-12-18 18:30:01,Standard,QUANTUM,63,790,69,True
2025-12-18 18:30:02,Standard,QUANTUM,64,790,69,True
2025-12-18 18:30:02,Standard,QUANTUM,65,790,69,True
2025-12-18 18:30:02,Standard,QUANTUM,66,790,69,True
2025-12-18 18:30:03,Standard,QUANTUM,67,790,69,True
2025-12-18 18:30:03,Standard,QUANTUM,68,790,69,True
2025-12-18 18:30:04,Standard,QUANTUM,69,790,69,True
2025-12-18 18:30:04,Standard,QUANTUM,70,790,69,True
2025-12-18 18:30:04,Standard,QUANTUM,71,790,69,True
2025-12-18 18:30:05,Standard,QUANTUM,72,790,69,True
2025-12-18 18:30:05,Standard,QUANTUM,73,790,69,True
2025-12-18 18:30:05,Standard,QUANTUM,74,790,69,True
2025-12-18 18:30:06,Standard,QUANTUM,75,790,69,True
2025-12-18 18:30:06,Standard,QUANTUM,76,790,69,True
2025-12-18 18:30:06,Standard,QUANTUM,77,790,69,True
2025-12-18 18:30:07,Standard,QUANTUM,78,790,69,True
2025-12-18 18:30:07,Standard,QUANTUM,79,790,69,True
2025-12-18 18:30:08,Standard,QUANTUM,80,790,69,True
2025-12-18 18:30:08,Standard,QUANTUM,81,790,69,True
2025-12-18 18:30:08,Standard,QUANTUM,82,790,69,True
2025-12-18 18:30:09,Standard,QUANTUM,83,790,69,True
2025-12-18 18:30:09,Standard,QUANTUM,84,790,69,True
2025-12-18 18:30:09,Standard,QUANTUM,85,790,69,True
2025-12-18 18:30:10,Standard,QUANTUM,86,790,69,True
2025-12-18 18:30:10,Standard,QUANTUM,87,790,69,True
2025-12-18 18:30:11,Standard,QUANTUM,88,790,69,True
2025-12-18 18:30:11,Standard,QUANTUM,89,790,69,True
2025-12-18 18:30:11,Standard,QUANTUM,90,790,69,True
2025-12-18 18:30:12,Standard,QUANTUM,91,790,69,True
2025-12-18 18:30:12,Standard,QUANTUM,92,790,69,True
2025-12-18 18:30:12,Standard,QUANTUM,93,790,69,True
2025-12-18 18:30:13,Standard,QUANTUM,94,790,69,True
2025-12-18 18:30:13,Standard,QUANTUM,95,790,69,True
2025-12-18 18:30:14,Standard,QUANTUM,96,790,69,True
2025-12-18 18:30:14,Standard,QUANTUM,97,790,69,True
2025-12-18 18:30:14,Standard,QUANTUM,98,790,69,True
2025-12-18 18:30:15,Standard,QUANTUM,99,790,69,True
2025-12-18 18:30:15,Standard,QUANTUM,100,790,69,True
2025-12-18 18:30:15,Standard,PHYSICS,1,80,10,True
2025-12-18 18:30:15,Standard,PHYSICS,2,80,10,True
2025-12-18 18:30:15,Standard,PHYSICS,3,80,10,True
2025-12-18 18:30:15,Standard,PHYSICS,4,80,10,True
2025-12-18 18:30:16,Standard,PHYSICS,5,80,10,True
2025-12-18 18:30:16,Standard,PHYSICS,6,80,10,True
2025-12-18 18:30:16,Standard,PHYSICS,7,80,10,True
2025-12-18 18:30:16,Standard,PHYSICS,8,80,10,True
2025-12-18 18:30:16,Standard,PHYSICS,9,80,10,True
2025-12-18 18:30:16,Standard,PHYSICS,10,80,10,True
2025-12-18 18:30:16,Standard,PHYSICS,11,80,10,True
2025-12-18 18:30:16,Standard,PHYSICS,12,80,10,True
2025-12-18 18:30:16,Standard,PHYSICS,13,80,10,True
2025-12-18 18:30:16,Standard,PHYSICS,14,80,10,True
2025-12-18 18:30:16,Standard,PHYSICS,15,80,10,True
2025-12-18 18:30:16,Standard,PHYSICS,16,80,10,True
2025-12-18 18:30:17,Standard,PHYSICS,17,80,10,True
2025-12-18 18:30:17,Standard,PHYSICS,18,80,10,True
2025-12-18 18:30:17,Standard,PHYSICS,19,80,10,True
2025-12-18 18:30:17,Standard,PHYSICS,20,80,10,True
2025-12-18 18:30:17,Standard,PHYSICS,21,80,10,True
2025-12-18 18:30:17,Standard,PHYSICS,22,80,10,True
2025-12-18 18:30:17,Standard,PHYSICS,23,80,10,True
2025-12-18 18:30:17,Standard,PHYSICS,24,80,10,True
2025-12-18 18:30:17,Standard,PHYSICS,25,80,10,True
2025-12-18 18:30:17,Standard,PHYSICS,26,80,10,True
2025-12-18 18:30:17,Standard,PHYSICS,27,80,10,True
2025-12-18 18:30:17,Standard,PHYSICS,28,80,10,True
2025-12-18 18:30:17,Standard,PHYSICS,29,80,10,True
2025-12-18 18:30:18,Standard,PHYSICS,30,80,10,True
2025-12-18 18:30:18,Standard,PHYSICS,31,80,10,True
2025-12-18 18:30:18,Standard,PHYSICS,32,80,10,True
2025-12-18 18:30:18,Standard,PHYSICS,33,80,10,True
2025-12-18 18:30:18,Standard,PHYSICS,34,80,10,True
2025-12-18 18:30:18,Standard,PHYSICS,35,80,10,True
2025-12-18 18:30:18,Standard,PHYSICS,36,80,10,True
2025-12-18 18:30:18,Standard,PHYSICS,37,80,10,True
2025-12-18 18:30:18,Standard,PHYSICS,38,80,10,True
2025-12-18 18:30:18,Standard,PHYSICS,39,80,10,True
2025-12-18 18:30:18,Standard,PHYSICS,40,80,10,True
2025-12-18 18:30:18,Standard,PHYSICS,41,80,10,True
2025-12-18 18:30:19,Standard,PHYSICS,42,80,10,True
2025-12-18 18:30:19,Standard,PHYSICS,43,80,10,True
2025-12-18 18:30:19,Standard,PHYSICS,44,80,10,True
2025-12-18 18:30:19,Standard,PHYSICS,45,80,10,True
2025-12-18 18:30:19,Standard,PHYSICS,46,80,10,True
2025-12-18 18:30:19,Standard,PHYSICS,47,80,10,True
2025-12-18 18:30:19,Standard,PHYSICS,48,80,10,True
2025-12-18 18:30:19,Standard,PHYSICS,49,80,10,True
2025-12-18 18:30:19,Standard,PHYSICS,50,80,10,True
2025-12-18 18:30:19,Standard,PHYSICS,51,80,10,True
2025-12-18 18:30:19,Standard,PHYSICS,52,80,10,True
2025-12-18 18:30:19,Standard,PHYSICS,53,80,10,True
2025-12-18 18:30:20,Standard,PHYSICS,54,80,10,True
2025-12-18 18:30:20,Standard,PHYSICS,55,80,10,True
2025-12-18 18:30:20,Standard,PHYSICS,56,80,10,True
2025-12-18 18:30:20,Standard,PHYSICS,57,80,10,True
2025-12-18 18:30:20,Standard,PHYSICS,58,80,10,True
2025-12-18 18:30:20,Standard,PHYSICS,59,80,10,True
2025-12-18 18:30:20,Standard,PHYSICS,60,80,10,True
2025-12-18 18:30:20,Standard,PHYSICS,61,80,10,True
2025-12-18 18:30:20,Standard,PHYSICS,62,80,10,True
2025-12-18 18:30:20,Standard,PHYSICS,63,80,10,True
2025-12-18 18:30:20,Standard,PHYSICS,64,80,10,True
2025-12-18 18:30:20,Standard,PHYSICS,65,80,10,True
2025-12-18 18:30:20,Standard,PHYSICS,66,80,10,True
2025-12-18 18:30:21,Standard,PHYSICS,67,80,10,True
2025-12-18 18:30:21,Standard,PHYSICS,68,80,10,True
2025-12-18 18:30:21,Standard,PHYSICS,69,80,10,True
2025-12-18 18:30:21,Standard,PHYSICS,70,80,10,True
2025-12-18 18:30:21,Standard,PHYSICS,71,80,10,True
2025-12-18 18:30:21,Standard,PHYSICS,72,80,10,True
2025-12-18 18:30:21,Standard,PHYSICS,73,80,10,True
2025-12-18 18:30:21,Standard,PHYSICS,74,80,10,True
2025-12-18 18:30:21,Standard,PHYSICS,75,80,10,True
2025-12-18 18:30:21,Standard,PHYSICS,76,80,10,True
2025-12-18 18:30:21,Standard,PHYSICS,77,80,10,True
2025-12-18 18:30:21,Standard,PHYSICS,78,80,10,True
2025-12-18 18:30:22,Standard,PHYSICS,79,80,10,True
2025-12-18 18:30:22,Standard,PHYSICS,80,80,10,True
2025-12-18 18:30:22,Standard,PHYSICS,81,80,10,True
2025-12-18 18:30:22,Standard,PHYSICS,82,80,10,True
2025-12-18 18:30:22,Standard,PHYSICS,83,80,10,True
2025-12-18 18:30:22,Standard,PHYSICS,84,80,10,True
2025-12-18 18:30:22,Standard,PHYSICS,85,80,10,True
2025-12-18 18:30:22,Standard,PHYSICS,86,80,10,True
2025-12-18 18:30:22,Standard,PHYSICS,87,80,10,True
2025-12-18 18:30:22,Standard,PHYSICS,88,80,10,True
2025-12-18 18:30:22,Standard,PHYSICS,89,80,10,True
2025-12-18 18:30:22,Standard,PHYSICS,90,80,10,True
2025-12-18 18:30:23,Standard,PHYSICS,91,80,10,True
2025-12-18 18:30:23,Standard,PHYSICS,92,80,10,True
2025-12-18 18:30:23,Standard,PHYSICS,93,80,10,True
2025-12-18 18:30:23,Standard,PHYSICS,94,80,10,True
2025-12-18 18:30:23,Standard,PHYSICS,95,80,10,True
2025-12-18 18:30:23,Standard,PHYSICS,96,80,10,True
2025-12-18 18:30:23,Standard,PHYSICS,97,80,10,True
2025-12-18 18:30:23,Standard,PHYSICS,98,80,10,True
2025-12-18 18:30:23,Standard,PHYSICS,99,80,10,True
2025-12-18 18:30:23,Standard,PHYSICS,100,80,10,True
2025-12-18 18:30:24,Standard,RELATIVITY,1,790,69,True
2025-12-18 18:30:24,Standard,RELATIVITY,2,790,69,True
2025-12-18 18:30:24,Standard,RELATIVITY,3,790,69,True
2025-12-18 18:30:25,Standard,RELATIVITY,4,790,69,True
2025-12-18 18:30:25,Standard,RELATIVITY,5,790,69,True
2025-12-18 18:30:25,Standard,RELATIVITY,6,790,69,True
2025-12-18 18:30:26,Standard,RELATIVITY,7,790,69,True
2025-12-18 18:30:26,Standard,RELATIVITY,8,790,69,True
2025-12-18 18:30:27,Standard,RELATIVITY,9,790,69,True
2025-12-18 18:30:27,Standard,RELATIVITY,10,790,69,True
2025-12-18 18:30:27,Standard,RELATIVITY,11,790,69,True
2025-12-18 18:30:28,Standard,RELATIVITY,12,790,69,True
2025-12-18 18:30:28,Standard,RELATIVITY,13,790,69,True
2025-12-18 18:30:28,Standard,RELATIVITY,14,790,69,True
2025-12-18 18:30:29,Standard,RELATIVITY,15,790,69,True
2025-12-18 18:30:29,Standard,RELATIVITY,16,790,69,True
2025-12-18 18:30:30,Standard,RELATIVITY,17,790,69,True
2025-12-18 18:30:30,Standard,RELATIVITY,18,790,69,True
2025-12-18 18:30:30,Standard,RELATIVITY,19,790,69,True
2025-12-18 18:30:31,Standard,RELATIVITY,20,790,69,True
2025-12-18 18:30:31,Standard,RELATIVITY,21,790,69,True
2025-12-18 18:30:31,Standard,RELATIVITY,22,790,69,True
2025-12-18 18:30:32,Standard,RELATIVITY,23,790,69,True
2025-12-18 18:30:32,Standard,RELATIVITY,24,790,69,True
2025-12-18 18:30:32,Standard,RELATIVITY,25,790,69,True
2025-12-18 18:30:33,Standard,RELATIVITY,26,790,69,True
2025-12-18 18:30:33,Standard,RELATIVITY,27,790,69,True
2025-12-18 18:30:34,Standard,RELATIVITY,28,790,69,True
2025-12-18 18:30:34,Standard,RELATIVITY,29,790,69,True
2025-12-18 18:30:34,Standard,RELATIVITY,30,790,69,True
2025-12-18 18:30:35,Standard,RELATIVITY,31,790,69,True
2025-12-18 18:30:35,Standard,RELATIVITY,32,790,69,True
2025-12-18 18:30:36,Standard,RELATIVITY,33,790,69,True
2025-12-18 18:30:36,Standard,RELATIVITY,34,790,69,True
2025-12-18 18:30:37,Standard,RELATIVITY,35,790,69,True
2025-12-18 18:30:37,Standard,RELATIVITY,36,790,69,True
2025-12-18 18:30:38,Standard,RELATIVITY,37,790,69,True
2025-12-18 18:30:38,Standard,RELATIVITY,38,790,69,True
2025-12-18 18:30:39,Standard,RELATIVITY,39,790,69,True
2025-12-18 18:30:39,Standard,RELATIVITY,40,790,69,True
2025-12-18 18:30:40,Standard,RELATIVITY,41,790,69,True
2025-12-18 18:30:40,Standard,RELATIVITY,42,790,69,True
2025-12-18 18:30:41,Standard,RELATIVITY,43,790,69,True
2025-12-18 18:30:41,Standard,RELATIVITY,44,790,69,True
2025-12-18 18:30:41,Standard,RELATIVITY,45,790,69,True
2025-12-18 18:30:42,Standard,RELATIVITY,46,790,69,True
2025-12-18 18:30:42,Standard,RELATIVITY,47,790,69,True
2025-12-18 18:30:43,Standard,RELATIVITY,48,790,69,True
2025-12-18 18:30:43,Standard,RELATIVITY,49,790,69,True
2025-12-18 18:30:43,Standard,RELATIVITY,50,790,69,True
2025-12-18 18:30:44,Standard,RELATIVITY,51,790,69,True
2025-12-18 18:30:44,Standard,RELATIVITY,52,790,69,True
2025-12-18 18:30:45,Standard,RELATIVITY,53,790,69,True
2025-12-18 18:30:45,Standard,RELATIVITY,54,790,69,True
2025-12-18 18:30:45,Standard,RELATIVITY,55,790,69,True
2025-12-18 18:30:46,Standard,RELATIVITY,56,790,69,True
2025-12-18 18:30:46,Standard,RELATIVITY,57,790,69,True
2025-12-18 18:30:47,Standard,RELATIVITY,58,790,69,True
2025-12-18 18:30:47,Standard,RELATIVITY,59,790,69,True
2025-12-18 18:30:47,Standard,RELATIVITY,60,790,69,True
2025-12-18 18:30:48,Standard,RELATIVITY,61,790,69,True
2025-12-18 18:30:48,Standard,RELATIVITY,62,790,69,True
2025-12-18 18:30:48,Standard,RELATIVITY,63,790,69,True
2025-12-18 18:30:49,Standard,RELATIVITY,64,790,69,True
2025-12-18 18:30:49,Standard,RELATIVITY,65,790,69,True
2025-12-18 18:30:50,Standard,RELATIVITY,66,790,69,True
2025-12-18 18:30:50,Standard,RELATIVITY,67,790,69,True
2025-12-18 18:30:50,Standard,RELATIVITY,68,790,69,True
2025-12-18 18:30:51,Standard,RELATIVITY,69,790,69,True
2025-12-18 18:30:51,Standard,RELATIVITY,70,790,69,True
2025-12-18 18:30:52,Standard,RELATIVITY,71,790,69,True
2025-12-18 18:30:52,Standard,RELATIVITY,72,790,69,True
2025-12-18 18:30:52,Standard,RELATIVITY,73,790,69,True
2025-12-18 18:30:53,Standard,RELATIVITY,74,790,69,True
2025-12-18 18:30:53,Standard,RELATIVITY,75,790,69,True
2025-12-18 18:30:54,Standard,RELATIVITY,76,790,69,True
2025-12-18 18:30:54,Standard,RELATIVITY,77,790,69,True
2025-12-18 18:30:54,Standard,RELATIVITY,78,790,69,True
2025-12-18 18:30:55,Standard,RELATIVITY,79,790,69,True
2025-12-18 18:30:55,Standard,RELATIVITY,80,790,69,True
2025-12-18 18:30:55,Standard,RELATIVITY,81,790,69,True
2025-12-18 18:30:56,Standard,RELATIVITY,82,790,69,True
2025-12-18 18:30:56,Standard,RELATIVITY,83,790,69,True
2025-12-18 18:30:57,Standard,RELATIVITY,84,790,69,True
2025-12-18 18:30:57,Standard,RELATIVITY,85,790,69,True
2025-12-18 18:30:57,Standard,RELATIVITY,86,790,69,True
2025-12-18 18:30:58,Standard,RELATIVITY,87,790,69,True
2025-12-18 18:30:58,Standard,RELATIVITY,88,790,69,True
2025-12-18 18:30:58,Standard,RELATIVITY,89,790,69,True
2025-12-18 18:30:59,Standard,RELATIVITY,90,790,69,True
2025-12-18 18:30:59,Standard,RELATIVITY,91,790,69,True
2025-12-18 18:31:00,Standard,RELATIVITY,92,790,69,True
2025-12-18 18:31:00,Standard,RELATIVITY,93,790,69,True
2025-12-18 18:31:00,Standard,RELATIVITY,94,790,69,True
2025-12-18 18:31:01,Standard,RELATIVITY,95,790,69,True
2025-12-18 18:31:01,Standard,RELATIVITY,96,790,69,True
2025-12-18 18:31:02,Standard,RELATIVITY,97,790,69,True
2025-12-18 18:31:02,Standard,RELATIVITY,98,790,69,True
2025-12-18 18:31:02,Standard,RELATIVITY,99,790,69,True
2025-12-18 18:31:03,Standard,RELATIVITY,100,790,69,True
2025-12-18 18:31:03,Standard,INFORMATION,1,790,69,True
2025-12-18 18:31:04,Standard,INFORMATION,2,790,69,True
2025-12-18 18:31:04,Standard,INFORMATION,3,790,69,True
2025-12-18 18:31:04,Standard,INFORMATION,4,790,69,True
2025-12-18 18:31:05,Standard,INFORMATION,5,790,69,True
2025-12-18 18:31:05,Standard,INFORMATION,6,790,69,True
2025-12-18 18:31:05,Standard,INFORMATION,7,790,69,True
2025-12-18 18:31:06,Standard,INFORMATION,8,790,69,True
2025-12-18 18:31:06,Standard,INFORMATION,9,790,69,True
2025-12-18 18:31:06,Standard,INFORMATION,10,790,69,True
2025-12-18 18:31:07,Standard,INFORMATION,11,790,69,True
2025-12-18 18:31:07,Standard,INFORMATION,12,790,69,True
2025-12-18 18:31:07,Standard,INFORMATION,13,790,69,True
2025-12-18 18:31:08,Standard,INFORMATION,14,790,69,True
2025-12-18 18:31:08,Standard,INFORMATION,15,790,69,True
2025-12-18 18:31:09,Standard,INFORMATION,16,790,69,True
2025-12-18 18:31:09,Standard,INFORMATION,17,790,69,True
2025-12-18 18:31:09,Standard,INFORMATION,18,790,69,True
2025-12-18 18:31:10,Standard,INFORMATION,19,790,69,True
2025-12-18 18:31:10,Standard,INFORMATION,20,790,69,True
2025-12-18 18:31:10,Standard,INFORMATION,21,790,69,True
2025-12-18 18:31:11,Standard,INFORMATION,22,790,69,True
2025-12-18 18:31:11,Standard,INFORMATION,23,790,69,True
2025-12-18 18:31:11,Standard,INFORMATION,24,790,69,True
2025-12-18 18:31:12,Standard,INFORMATION,25,790,69,True
2025-12-18 18:31:12,Standard,INFORMATION,26,790,69,True
2025-12-18 18:31:12,Standard,INFORMATION,27,790,69,True
2025-12-18 18:31:13,Standard,INFORMATION,28,790,69,True
2025-12-18 18:31:13,Standard,INFORMATION,29,790,69,True
2025-12-18 18:31:13,Standard,INFORMATION,30,790,69,True
2025-12-18 18:31:14,Standard,INFORMATION,31,790,69,True
2025-12-18 18:31:14,Standard,INFORMATION,32,790,69,True
2025-12-18 18:31:15,Standard,INFORMATION,33,790,69,True
2025-12-18 18:31:15,Standard,INFORMATION,34,790,69,True
2025-12-18 18:31:15,Standard,INFORMATION,35,790,69,True
2025-12-18 18:31:16,Standard,INFORMATION,36,790,69,True
2025-12-18 18:31:16,Standard,INFORMATION,37,790,69,True
2025-12-18 18:31:16,Standard,INFORMATION,38,790,69,True
2025-12-18 18:31:17,Standard,INFORMATION,39,790,69,True
2025-12-18 18:31:17,Standard,INFORMATION,40,790,69,True
2025-12-18 18:31:17,Standard,INFORMATION,41,790,69,True
2025-12-18 18:31:18,Standard,INFORMATION,42,790,69,True
2025-12-18 18:31:18,Standard,INFORMATION,43,790,69,True
2025-12-18 18:31:18,Standard,INFORMATION,44,790,69,True
2025-12-18 18:31:19,Standard,INFORMATION,45,790,69,True
2025-12-18 18:31:19,Standard,INFORMATION,46,790,69,True
2025-12-18 18:31:19,Standard,INFORMATION,47,790,69,True
2025-12-18 18:31:20,Standard,INFORMATION,48,790,69,True
2025-12-18 18:31:20,Standard,INFORMATION,49,790,69,True
2025-12-18 18:31:20,Standard,INFORMATION,50,790,69,True
2025-12-18 18:31:21,Standard,INFORMATION,51,790,69,True
2025-12-18 18:31:21,Standard,INFORMATION,52,790,69,True
2025-12-18 18:31:22,Standard,INFORMATION,53,790,69,True
2025-12-18 18:31:22,Standard,INFORMATION,54,790,69,True
2025-12-18 18:31:22,Standard,INFORMATION,55,790,69,True
2025-12-18 18:31:23,Standard,INFORMATION,56,790,69,True
2025-12-18 18:31:23,Standard,INFORMATION,57,790,69,True
2025-12-18 18:31:23,Standard,INFORMATION,58,790,69,True
2025-12-18 18:31:24,Standard,INFORMATION,59,790,69,True
2025-12-18 18:31:24,Standard,INFORMATION,60,790,69,True
2025-12-18 18:31:24,Standard,INFORMATION,61,790,69,True
2025-12-18 18:31:25,Standard,INFORMATION,62,790,69,True
2025-12-18 18:31:25,Standard,INFORMATION,63,790,69,True
2025-12-18 18:31:25,Standard,INFORMATION,64,790,69,True
2025-12-18 18:31:26,Standard,INFORMATION,65,790,69,True
2025-12-18 18:31:26,Standard,INFORMATION,66,790,69,True
2025-12-18 18:31:26,Standard,INFORMATION,67,790,69,True
2025-12-18 18:31:27,Standard,INFORMATION,68,790,69,True
2025-12-18 18:31:27,Standard,INFORMATION,69,790,69,True
2025-12-18 18:31:27,Standard,INFORMATION,70,790,69,True
2025-12-18 18:31:28,Standard,INFORMATION,71,790,69,True
2025-12-18 18:31:28,Standard,INFORMATION,72,790,69,True
2025-12-18 18:31:29,Standard,INFORMATION,73,790,69,True
2025-12-18 18:31:29,Standard,INFORMATION,74,790,69,True
2025-12-18 18:31:29,Standard,INFORMATION,75,790,69,True
2025-12-18 18:31:30,Standard,INFORMATION,76,790,69,True
2025-12-18 18:31:30,Standard,INFORMATION,77,790,69,True
2025-12-18 18:31:30,Standard,INFORMATION,78,790,69,True
2025-12-18 18:31:31,Standard,INFORMATION,79,790,69,True
2025-12-18 18:31:31,Standard,INFORMATION,80,790,69,True
2025-12-18 18:31:31,Standard,INFORMATION,81,790,69,True
2025-12-18 18:31:32,Standard,INFORMATION,82,790,69,True
2025-12-18 18:31:32,Standard,INFORMATION,83,790,69,True
2025-12-18 18:31:32,Standard,INFORMATION,84,790,69,True
2025-12-18 18:31:33,Standard,INFORMATION,85,790,69,True
2025-12-18 18:31:33,Standard,INFORMATION,86,790,69,True
2025-12-18 18:31:34,Standard,INFORMATION,87,790,69,True
2025-12-18 18:31:34,Standard,INFORMATION,88,790,69,True
2025-12-18 18:31:34,Standard,INFORMATION,89,790,69,True
2025-12-18 18:31:35,Standard,INFORMATION,90,790,69,True
2025-12-18 18:31:35,Standard,INFORMATION,91,790,69,True
2025-12-18 18:31:35,Standard,INFORMATION,92,790,69,True
2025-12-18 18:31:36,Standard,INFORMATION,93,790,69,True
2025-12-18 18:31:36,Standard,INFORMATION,94,790,69,True
2025-12-18 18:31:36,Standard,INFORMATION,95,790,69,True
2025-12-18 18:31:37,Standard,INFORMATION,96,790,69,True
2025-12-18 18:31:37,Standard,INFORMATION,97,790,69,True
2025-12-18 18:31:37,Standard,INFORMATION,98,790,69,True
2025-12-18 18:31:38,Standard,INFORMATION,99,790,69,True
2025-12-18 18:31:38,Standard,INFORMATION,100,790,69,True
2025-12-18 18:31:38,QuantumMaze,QUANTUM,1,120,17,True
2025-12-18 18:31:38,QuantumMaze,QUANTUM,2,120,17,True
2025-12-18 18:31:38,QuantumMaze,QUANTUM,3,120,17,True
2025-12-18 18:31:38,QuantumMaze,QUANTUM,4,120,17,True
2025-12-18 18:31:38,QuantumMaze,QUANTUM,5,120,17,True
2025-12-18 18:31:38,QuantumMaze,QUANTUM,6,120,17,True
2025-12-18 18:31:38,QuantumMaze,QUANTUM,7,120,17,True
2025-12-18 18:31:39,QuantumMaze,QUANTUM,8,120,17,True
2025-12-18 18:31:39,QuantumMaze,QUANTUM,9,120,17,True
2025-12-18 18:31:39,QuantumMaze,QUANTUM,10,120,17,True
2025-12-18 18:31:39,QuantumMaze,QUANTUM,11,120,17,True
2025-12-18 18:31:39,QuantumMaze,QUANTUM,12,120,17,True
2025-12-18 18:31:39,QuantumMaze,QUANTUM,13,120,17,True
2025-12-18 18:31:39,QuantumMaze,QUANTUM,14,120,17,True
2025-12-18 18:31:39,QuantumMaze,QUANTUM,15,120,17,True
2025-12-18 18:31:39,QuantumMaze,QUANTUM,16,120,17,True
2025-12-18 18:31:39,QuantumMaze,QUANTUM,17,120,17,True
2025-12-18 18:31:39,QuantumMaze,QUANTUM,18,120,17,True
2025-12-18 18:31:39,QuantumMaze,QUANTUM,19,120,17,True
2025-12-18 18:31:39,QuantumMaze,QUANTUM,20,120,17,True
2025-12-18 18:31:39,QuantumMaze,QUANTUM,21,120,17,True
2025-12-18 18:31:39,QuantumMaze,QUANTUM,22,120,17,True
2025-12-18 18:31:39,QuantumMaze,QUANTUM,23,120,17,True
2025-12-18 18:31:39,QuantumMaze,QUANTUM,24,120,17,True
2025-12-18 18:31:39,QuantumMaze,QUANTUM,25,120,17,True
2025-12-18 18:31:39,QuantumMaze,QUANTUM,26,120,17,True
2025-12-18 18:31:39,QuantumMaze,QUANTUM,27,120,17,True
2025-12-18 18:31:39,QuantumMaze,QUANTUM,28,120,17,True
2025-12-18 18:31:39,QuantumMaze,QUANTUM,29,120,17,True
2025-12-18 18:31:40,QuantumMaze,QUANTUM,30,120,17,True
2025-12-18 18:31:40,QuantumMaze,QUANTUM,31,120,17,True
2025-12-18 18:31:40,QuantumMaze,QUANTUM,32,120,17,True
2025-12-18 18:31:40,QuantumMaze,QUANTUM,33,120,17,True
2025-12-18 18:31:40,QuantumMaze,QUANTUM,34,120,17,True
2025-12-18 18:31:40,QuantumMaze,QUANTUM,35,120,17,True
2025-12-18 18:31:40,QuantumMaze,QUANTUM,36,120,17,True
2025-12-18 18:31:40,QuantumMaze,QUANTUM,37,120,17,True
2025-12-18 18:31:40,QuantumMaze,QUANTUM,38,120,17,True
2025-12-18 18:31:40,QuantumMaze,QUANTUM,39,120,17,True
2025-12-18 18:31:40,QuantumMaze,QUANTUM,40,120,17,True
2025-12-18 18:31:40,QuantumMaze,QUANTUM,41,120,17,True
2025-12-18 18:31:40,QuantumMaze,QUANTUM,42,120,17,True
2025-12-18 18:31:40,QuantumMaze,QUANTUM,43,120,17,True
2025-12-18 18:31:40,QuantumMaze,QUANTUM,44,120,17,True
2025-12-18 18:31:40,QuantumMaze,QUANTUM,45,120,17,True
2025-12-18 18:31:40,QuantumMaze,QUANTUM,46,120,17,True
2025-12-18 18:31:40,QuantumMaze,QUANTUM,47,120,17,True
2025-12-18 18:31:40,QuantumMaze,QUANTUM,48,120,17,True
2025-12-18 18:31:40,QuantumMaze,QUANTUM,49,120,17,True
2025-12-18 18:31:40,QuantumMaze,QUANTUM,50,120,17,True
2025-12-18 18:31:40,QuantumMaze,QUANTUM,51,120,17,True
2025-12-18 18:31:41,QuantumMaze,QUANTUM,52,120,17,True
2025-12-18 18:31:41,QuantumMaze,QUANTUM,53,120,17,True
2025-12-18 18:31:41,QuantumMaze,QUANTUM,54,120,17,True
2025-12-18 18:31:41,QuantumMaze,QUANTUM,55,120,17,True
2025-12-18 18:31:41,QuantumMaze,QUANTUM,56,120,17,True
2025-12-18 18:31:41,QuantumMaze,QUANTUM,57,120,17,True
2025-12-18 18:31:41,QuantumMaze,QUANTUM,58,120,17,True
2025-12-18 18:31:41,QuantumMaze,QUANTUM,59,120,17,True
2025-12-18 18:31:41,QuantumMaze,QUANTUM,60,120,17,True
2025-12-18 18:31:41,QuantumMaze,QUANTUM,61,120,17,True
2025-12-18 18:31:41,QuantumMaze,QUANTUM,62,120,17,True
2025-12-18 18:31:41,QuantumMaze,QUANTUM,63,120,17,True
2025-12-18 18:31:41,QuantumMaze,QUANTUM,64,120,17,True
2025-12-18 18:31:41,QuantumMaze,QUANTUM,65,120,17,True
2025-12-18 18:31:41,QuantumMaze,QUANTUM,66,120,17,True
2025-12-18 18:31:41,QuantumMaze,QUANTUM,67,120,17,True
2025-12-18 18:31:41,QuantumMaze,QUANTUM,68,120,17,True
2025-12-18 18:31:41,QuantumMaze,QUANTUM,69,120,17,True
2025-12-18 18:31:41,QuantumMaze,QUANTUM,70,120,17,True
2025-12-18 18:31:41,QuantumMaze,QUANTUM,71,120,17,True
2025-12-18 18:31:41,QuantumMaze,QUANTUM,72,120,17,True
2025-12-18 18:31:41,QuantumMaze,QUANTUM,73,120,17,True
2025-12-18 18:31:42,QuantumMaze,QUANTUM,74,120,17,True
2025-12-18 18:31:42,QuantumMaze,QUANTUM,75,120,17,True
2025-12-18 18:31:42,QuantumMaze,QUANTUM,76,120,17,True
2025-12-18 18:31:42,QuantumMaze,QUANTUM,77,120,17,True
2025-12-18 18:31:42,QuantumMaze,QUANTUM,78,120,17,True
2025-12-18 18:31:42,QuantumMaze,QUANTUM,79,120,17,True
2025-12-18 18:31:42,QuantumMaze,QUANTUM,80,120,17,True
2025-12-18 18:31:42,QuantumMaze,QUANTUM,81,120,17,True
2025-12-18 18:31:42,QuantumMaze,QUANTUM,82,120,17,True
2025-12-18 18:31:42,QuantumMaze,QUANTUM,83,120,17,True
2025-12-18 18:31:42,QuantumMaze,QUANTUM,84,120,17,True
2025-12-18 18:31:42,QuantumMaze,QUANTUM,85,120,17,True
2025-12-18 18:31:42,QuantumMaze,QUANTUM,86,120,17,True
2025-12-18 18:31:42,QuantumMaze,QUANTUM,87,120,17,True
2025-12-18 18:31:42,QuantumMaze,QUANTUM,88,120,17,True
2025-12-18 18:31:42,QuantumMaze,QUANTUM,89,120,17,True
2025-12-18 18:31:42,QuantumMaze,QUANTUM,90,120,17,True
2025-12-18 18:31:42,QuantumMaze,QUANTUM,91,120,17,True
2025-12-18 18:31:42,QuantumMaze,QUANTUM,92,120,17,True
2025-12-18 18:31:42,QuantumMaze,QUANTUM,93,120,17,True
2025-12-18 18:31:42,QuantumMaze,QUANTUM,94,120,17,True
2025-12-18 18:31:42,QuantumMaze,QUANTUM,95,120,17,True
2025-12-18 18:31:42,QuantumMaze,QUANTUM,96,120,17,True
2025-12-18 18:31:43,QuantumMaze,QUANTUM,97,120,17,True
2025-12-18 18:31:43,QuantumMaze,QUANTUM,98,120,17,True
2025-12-18 18:31:43,QuantumMaze,QUANTUM,99,120,17,True
2025-12-18 18:31:43,QuantumMaze,QUANTUM,100,120,17,True
2025-12-18 18:31:44,QuantumMaze,PHYSICS,1,1410,200,True
2025-12-18 18:31:45,QuantumMaze,PHYSICS,2,1410,200,True
2025-12-18 18:31:46,QuantumMaze,PHYSICS,3,1410,200,True
2025-12-18 18:31:48,QuantumMaze,PHYSICS,4,1410,200,True
2025-12-18 18:31:49,QuantumMaze,PHYSICS,5,1410,200,True
2025-12-18 18:31:50,QuantumMaze,PHYSICS,6,1410,200,True
2025-12-18 18:31:51,QuantumMaze,PHYSICS,7,1410,200,True
2025-12-18 18:31:53,QuantumMaze,PHYSICS,8,1410,200,True
2025-12-18 18:31:54,QuantumMaze,PHYSICS,9,1410,200,True
2025-12-18 18:31:55,QuantumMaze,PHYSICS,10,1410,200,True
2025-12-18 18:31:56,QuantumMaze,PHYSICS,11,1410,200,True
2025-12-18 18:31:58,QuantumMaze,PHYSICS,12,1410,200,True
2025-12-18 18:31:59,QuantumMaze,PHYSICS,13,1410,200,True
2025-12-18 18:32:00,QuantumMaze,PHYSICS,14,1410,200,True
2025-12-18 18:32:01,QuantumMaze,PHYSICS,15,1410,200,True
2025-12-18 18:32:03,QuantumMaze,PHYSICS,16,1410,200,True
2025-12-18 18:32:04,QuantumMaze,PHYSICS,17,1410,200,True
2025-12-18 18:32:05,QuantumMaze,PHYSICS,18,1410,200,True
2025-12-18 18:32:06,QuantumMaze,PHYSICS,19,1410,200,True
2025-12-18 18:32:07,QuantumMaze,PHYSICS,20,1410,200,True
2025-12-18 18:32:09,QuantumMaze,PHYSICS,21,1410,200,True
2025-12-18 18:32:10,QuantumMaze,PHYSICS,22,1410,200,True
2025-12-18 18:32:11,QuantumMaze,PHYSICS,23,1410,200,True
2025-12-18 18:32:13,QuantumMaze,PHYSICS,24,1410,200,True
2025-12-18 18:32:14,QuantumMaze,PHYSICS,25,1410,200,True
2025-12-18 18:32:15,QuantumMaze,PHYSICS,26,1410,200,True
2025-12-18 18:32:16,QuantumMaze,PHYSICS,27,1410,200,True
2025-12-18 18:32:18,QuantumMaze,PHYSICS,28,1410,200,True
2025-12-18 18:32:19,QuantumMaze,PHYSICS,29,1410,200,True
2025-12-18 18:32:20,QuantumMaze,PHYSICS,30,1410,200,True
2025-12-18 18:32:21,QuantumMaze,PHYSICS,31,1410,200,True
2025-12-18 18:32:23,QuantumMaze,PHYSICS,32,1410,200,True
2025-12-18 18:32:24,QuantumMaze,PHYSICS,33,1410,200,True
2025-12-18 18:32:25,QuantumMaze,PHYSICS,34,1410,200,True
2025-12-18 18:32:26,QuantumMaze,PHYSICS,35,1410,200,True
2025-12-18 18:32:28,QuantumMaze,PHYSICS,36,1410,200,True
2025-12-18 18:32:29,QuantumMaze,PHYSICS,37,1410,200,True
2025-12-18 18:32:30,QuantumMaze,PHYSICS,38,1410,200,True
2025-12-18 18:32:31,QuantumMaze,PHYSICS,39,1410,200,True
2025-12-18 18:32:33,QuantumMaze,PHYSICS,40,1410,200,True
2025-12-18 18:32:34,QuantumMaze,PHYSICS,41,1410,200,True
2025-12-18 18:32:35,QuantumMaze,PHYSICS,42,1410,200,True
2025-12-18 18:32:36,QuantumMaze,PHYSICS,43,1410,200,True
2025-12-18 18:32:38,QuantumMaze,PHYSICS,44,1410,200,True
2025-12-18 18:32:39,QuantumMaze,PHYSICS,45,1410,200,True
2025-12-18 18:32:40,QuantumMaze,PHYSICS,46,1410,200,True
2025-12-18 18:32:41,QuantumMaze,PHYSICS,47,1410,200,True
2025-12-18 18:32:42,QuantumMaze,PHYSICS,48,1410,200,True
2025-12-18 18:32:44,QuantumMaze,PHYSICS,49,1410,200,True
2025-12-18 18:32:45,QuantumMaze,PHYSICS,50,1410,200,True
2025-12-18 18:32:46,QuantumMaze,PHYSICS,51,1410,200,True
2025-12-18 18:32:47,QuantumMaze,PHYSICS,52,1410,200,True
2025-12-18 18:32:48,QuantumMaze,PHYSICS,53,1410,200,True
2025-12-18 18:32:50,QuantumMaze,PHYSICS,54,1410,200,True
2025-12-18 18:32:51,QuantumMaze,PHYSICS,55,1410,200,True
2025-12-18 18:32:52,QuantumMaze,PHYSICS,56,1410,200,True
2025-12-18 18:32:53,QuantumMaze,PHYSICS,57,1410,200,True
2025-12-18 18:32:54,QuantumMaze,PHYSICS,58,1410,200,True
2025-12-18 18:32:56,QuantumMaze,PHYSICS,59,1410,200,True
2025-12-18 18:32:57,QuantumMaze,PHYSICS,60,1410,200,True
2025-12-18 18:32:58,QuantumMaze,PHYSICS,61,1410,200,True
2025-12-18 18:32:59,QuantumMaze,PHYSICS,62,1410,200,True
2025-12-18 18:33:00,QuantumMaze,PHYSICS,63,1410,200,True
2025-12-18 18:33:02,QuantumMaze,PHYSICS,64,1410,200,True
2025-12-18 18:33:03,QuantumMaze,PHYSICS,65,1410,200,True
2025-12-18 18:33:04,QuantumMaze,PHYSICS,66,1410,200,True
2025-12-18 18:33:05,QuantumMaze,PHYSICS,67,1410,200,True
2025-12-18 18:33:07,QuantumMaze,PHYSICS,68,1410,200,True
2025-12-18 18:33:08,QuantumMaze,PHYSICS,69,1410,200,True
2025-12-18 18:33:09,QuantumMaze,PHYSICS,70,1410,200,True
2025-12-18 18:33:10,QuantumMaze,PHYSICS,71,1410,200,True
2025-12-18 18:33:12,QuantumMaze,PHYSICS,72,1410,200,True
2025-12-18 18:33:13,QuantumMaze,PHYSICS,73,1410,200,True
2025-12-18 18:33:14,QuantumMaze,PHYSICS,74,1410,200,True
2025-12-18 18:33:15,QuantumMaze,PHYSICS,75,1410,200,True
2025-12-18 18:33:16,QuantumMaze,PHYSICS,76,1410,200,True
2025-12-18 18:33:18,QuantumMaze,PHYSICS,77,1410,200,True
2025-12-18 18:33:19,QuantumMaze,PHYSICS,78,1410,200,True
2025-12-18 18:33:20,QuantumMaze,PHYSICS,79,1410,200,True
2025-12-18 18:33:21,QuantumMaze,PHYSICS,80,1410,200,True
2025-12-18 18:33:22,QuantumMaze,PHYSICS,81,1410,200,True
2025-12-18 18:33:24,QuantumMaze,PHYSICS,82,1410,200,True
2025-12-18 18:33:25,QuantumMaze,PHYSICS,83,1410,200,True
2025-12-18 18:33:26,QuantumMaze,PHYSICS,84,1410,200,True
2025-12-18 18:33:27,QuantumMaze,PHYSICS,85,1410,200,True
2025-12-18 18:33:28,QuantumMaze,PHYSICS,86,1410,200,True
2025-12-18 18:33:29,QuantumMaze,PHYSICS,87,1410,200,True
2025-12-18 18:33:31,QuantumMaze,PHYSICS,88,1410,200,True
2025-12-18 18:33:32,QuantumMaze,PHYSICS,89,1410,200,True
2025-12-18 18:33:33,QuantumMaze,PHYSICS,90,1410,200,True
2025-12-18 18:33:34,QuantumMaze,PHYSICS,91,1410,200,True
2025-12-18 18:33:35,QuantumMaze,PHYSICS,92,1410,200,True
2025-12-18 18:33:36,QuantumMaze,PHYSICS,93,1410,200,True
2025-12-18 18:33:38,QuantumMaze,PHYSICS,94,1410,200,True
2025-12-18 18:33:39,QuantumMaze,PHYSICS,95,1410,200,True
2025-12-18 18:33:40,QuantumMaze,PHYSICS,96,1410,200,True
2025-12-18 18:33:41,QuantumMaze,PHYSICS,97,1410,200,True
2025-12-18 18:33:42,QuantumMaze,PHYSICS,98,1410,200,True
2025-12-18 18:33:43,QuantumMaze,PHYSICS,99,1410,200,True
2025-12-18 18:33:45,QuantumMaze,PHYSICS,100,1410,200,True
2025-12-18 18:33:45,QuantumMaze,RELATIVITY,1,120,17,True
2025-12-18 18:33:45,QuantumMaze,RELATIVITY,2,120,17,True
2025-12-18 18:33:45,QuantumMaze,RELATIVITY,3,120,17,True
2025-12-18 18:33:45,QuantumMaze,RELATIVITY,4,120,17,True
2025-12-18 18:33:45,QuantumMaze,RELATIVITY,5,120,17,True
2025-12-18 18:33:45,QuantumMaze,RELATIVITY,6,120,17,True
2025-12-18 18:33:45,QuantumMaze,RELATIVITY,7,120,17,True
2025-12-18 18:33:45,QuantumMaze,RELATIVITY,8,120,17,True
2025-12-18 18:33:45,QuantumMaze,RELATIVITY,9,120,17,True
2025-12-18 18:33:45,QuantumMaze,RELATIVITY,10,120,17,True
2025-12-18 18:33:45,QuantumMaze,RELATIVITY,11,120,17,True
2025-12-18 18:33:45,QuantumMaze,RELATIVITY,12,120,17,True
2025-12-18 18:33:45,QuantumMaze,RELATIVITY,13,120,17,True
2025-12-18 18:33:45,QuantumMaze,RELATIVITY,14,120,17,True
2025-12-18 18:33:45,QuantumMaze,RELATIVITY,15,120,17,True
2025-12-18 18:33:45,QuantumMaze,RELATIVITY,16,120,17,True
2025-12-18 18:33:45,QuantumMaze,RELATIVITY,17,120,17,True
2025-12-18 18:33:45,QuantumMaze,RELATIVITY,18,120,17,True
2025-12-18 18:33:45,QuantumMaze,RELATIVITY,19,120,17,True
2025-12-18 18:33:46,QuantumMaze,RELATIVITY,20,120,17,True
2025-12-18 18:33:46,QuantumMaze,RELATIVITY,21,120,17,True
2025-12-18 18:33:46,QuantumMaze,RELATIVITY,22,120,17,True
2025-12-18 18:33:46,QuantumMaze,RELATIVITY,23,120,17,True
2025-12-18 18:33:46,QuantumMaze,RELATIVITY,24,120,17,True
2025-12-18 18:33:46,QuantumMaze,RELATIVITY,25,120,17,True
2025-12-18 18:33:46,QuantumMaze,RELATIVITY,26,120,17,True
2025-12-18 18:33:46,QuantumMaze,RELATIVITY,27,120,17,True
2025-12-18 18:33:46,QuantumMaze,RELATIVITY,28,120,17,True
2025-12-18 18:33:46,QuantumMaze,RELATIVITY,29,120,17,True
2025-12-18 18:33:46,QuantumMaze,RELATIVITY,30,120,17,True
2025-12-18 18:33:46,QuantumMaze,RELATIVITY,31,120,17,True
2025-12-18 18:33:46,QuantumMaze,RELATIVITY,32,120,17,True
2025-12-18 18:33:46,QuantumMaze,RELATIVITY,33,120,17,True
2025-12-18 18:33:46,QuantumMaze,RELATIVITY,34,120,17,True
2025-12-18 18:33:46,QuantumMaze,RELATIVITY,35,120,17,True
2025-12-18 18:33:46,QuantumMaze,RELATIVITY,36,120,17,True
2025-12-18 18:33:46,QuantumMaze,RELATIVITY,37,120,17,True
2025-12-18 18:33:46,QuantumMaze,RELATIVITY,38,120,17,True
2025-12-18 18:33:46,QuantumMaze,RELATIVITY,39,120,17,True
2025-12-18 18:33:46,QuantumMaze,RELATIVITY,40,120,17,True
2025-12-18 18:33:46,QuantumMaze,RELATIVITY,41,120,17,True
2025-12-18 18:33:47,QuantumMaze,RELATIVITY,42,120,17,True
2025-12-18 18:33:47,QuantumMaze,RELATIVITY,43,120,17,True
2025-12-18 18:33:47,QuantumMaze,RELATIVITY,44,120,17,True
2025-12-18 18:33:47,QuantumMaze,RELATIVITY,45,120,17,True
2025-12-18 18:33:47,QuantumMaze,RELATIVITY,46,120,17,True
2025-12-18 18:33:47,QuantumMaze,RELATIVITY,47,120,17,True
2025-12-18 18:33:47,QuantumMaze,RELATIVITY,48,120,17,True
2025-12-18 18:33:47,QuantumMaze,RELATIVITY,49,120,17,True
2025-12-18 18:33:47,QuantumMaze,RELATIVITY,50,120,17,True
2025-12-18 18:33:47,QuantumMaze,RELATIVITY,51,120,17,True
2025-12-18 18:33:47,QuantumMaze,RELATIVITY,52,120,17,True
2025-12-18 18:33:47,QuantumMaze,RELATIVITY,53,120,17,True
2025-12-18 18:33:47,QuantumMaze,RELATIVITY,54,120,17,True
2025-12-18 18:33:47,QuantumMaze,RELATIVITY,55,120,17,True
2025-12-18 18:33:47,QuantumMaze,RELATIVITY,56,120,17,True
2025-12-18 18:33:47,QuantumMaze,RELATIVITY,57,120,17,True
2025-12-18 18:33:47,QuantumMaze,RELATIVITY,58,120,17,True
2025-12-18 18:33:47,QuantumMaze,RELATIVITY,59,120,17,True
2025-12-18 18:33:47,QuantumMaze,RELATIVITY,60,120,17,True
2025-12-18 18:33:47,QuantumMaze,RELATIVITY,61,120,17,True
2025-12-18 18:33:47,QuantumMaze,RELATIVITY,62,120,17,True
2025-12-18 18:33:47,QuantumMaze,RELATIVITY,63,120,17,True
2025-12-18 18:33:47,QuantumMaze,RELATIVITY,64,120,17,True
2025-12-18 18:33:48,QuantumMaze,RELATIVITY,65,120,17,True
2025-12-18 18:33:48,QuantumMaze,RELATIVITY,66,120,17,True
2025-12-18 18:33:48,QuantumMaze,RELATIVITY,67,120,17,True
2025-12-18 18:33:48,QuantumMaze,RELATIVITY,68,120,17,True
2025-12-18 18:33:48,QuantumMaze,RELATIVITY,69,120,17,True
2025-12-18 18:33:48,QuantumMaze,RELATIVITY,70,120,17,True
2025-12-18 18:33:48,QuantumMaze,RELATIVITY,71,120,17,True
2025-12-18 18:33:48,QuantumMaze,RELATIVITY,72,120,17,True
2025-12-18 18:33:48,QuantumMaze,RELATIVITY,73,120,17,True
2025-12-18 18:33:48,QuantumMaze,RELATIVITY,74,120,17,True
2025-12-18 18:33:48,QuantumMaze,RELATIVITY,75,120,17,True
2025-12-18 18:33:48,QuantumMaze,RELATIVITY,76,120,17,True
2025-12-18 18:33:48,QuantumMaze,RELATIVITY,77,120,17,True
2025-12-18 18:33:48,QuantumMaze,RELATIVITY,78,120,17,True
2025-12-18 18:33:48,QuantumMaze,RELATIVITY,79,120,17,True
2025-12-18 18:33:48,QuantumMaze,RELATIVITY,80,120,17,True
2025-12-18 18:33:48,QuantumMaze,RELATIVITY,81,120,17,True
2025-12-18 18:33:48,QuantumMaze,RELATIVITY,82,120,17,True
2025-12-18 18:33:48,QuantumMaze,RELATIVITY,83,120,17,True
2025-12-18 18:33:48,QuantumMaze,RELATIVITY,84,120,17,True
2025-12-18 18:33:48,QuantumMaze,RELATIVITY,85,120,17,True
2025-12-18 18:33:48,QuantumMaze,RELATIVITY,86,120,17,True
2025-12-18 18:33:48,QuantumMaze,RELATIVITY,87,120,17,True
2025-12-18 18:33:49,QuantumMaze,RELATIVITY,88,120,17,True
2025-12-18 18:33:49,QuantumMaze,RELATIVITY,89,120,17,True
2025-12-18 18:33:49,QuantumMaze,RELATIVITY,90,120,17,True
2025-12-18 18:33:49,QuantumMaze,RELATIVITY,91,120,17,True
2025-12-18 18:33:49,QuantumMaze,RELATIVITY,92,120,17,True
2025-12-18 18:33:49,QuantumMaze,RELATIVITY,93,120,17,True
2025-12-18 18:33:49,QuantumMaze,RELATIVITY,94,120,17,True
2025-12-18 18:33:49,QuantumMaze,RELATIVITY,95,120,17,True
2025-12-18 18:33:49,QuantumMaze,RELATIVITY,96,120,17,True
2025-12-18 18:33:49,QuantumMaze,RELATIVITY,97,120,17,True
2025-12-18 18:33:49,QuantumMaze,RELATIVITY,98,120,17,True
2025-12-18 18:33:49,QuantumMaze,RELATIVITY,99,120,17,True
2025-12-18 18:33:49,QuantumMaze,RELATIVITY,100,120,17,True
2025-12-18 18:33:49,QuantumMaze,INFORMATION,1,120,17,True
2025-12-18 18:33:49,QuantumMaze,INFORMATION,2,120,17,True
2025-12-18 18:33:49,QuantumMaze,INFORMATION,3,120,17,True
2025-12-18 18:33:49,QuantumMaze,INFORMATION,4,120,17,True
2025-12-18 18:33:49,QuantumMaze,INFORMATION,5,120,17,True
2025-12-18 18:33:49,QuantumMaze,INFORMATION,6,120,17,True
2025-12-18 18:33:49,QuantumMaze,INFORMATION,7,120,17,True
2025-12-18 18:33:49,QuantumMaze,INFORMATION,8,120,17,True
2025-12-18 18:33:49,QuantumMaze,INFORMATION,9,120,17,True
2025-12-18 18:33:50,QuantumMaze,INFORMATION,10,120,17,True
2025-12-18 18:33:50,QuantumMaze,INFORMATION,11,120,17,True
2025-12-18 18:33:50,QuantumMaze,INFORMATION,12,120,17,True
2025-12-18 18:33:50,QuantumMaze,INFORMATION,13,120,17,True
2025-12-18 18:33:50,QuantumMaze,INFORMATION,14,120,17,True
2025-12-18 18:33:50,QuantumMaze,INFORMATION,15,120,17,True
2025-12-18 18:33:50,QuantumMaze,INFORMATION,16,120,17,True
2025-12-18 18:33:50,QuantumMaze,INFORMATION,17,120,17,True
2025-12-18 18:33:50,QuantumMaze,INFORMATION,18,120,17,True
2025-12-18 18:33:50,QuantumMaze,INFORMATION,19,120,17,True
2025-12-18 18:33:50,QuantumMaze,INFORMATION,20,120,17,True
2025-12-18 18:33:50,QuantumMaze,INFORMATION,21,120,17,True
2025-12-18 18:33:50,QuantumMaze,INFORMATION,22,120,17,True
2025-12-18 18:33:50,QuantumMaze,INFORMATION,23,120,17,True
2025-12-18 18:33:50,QuantumMaze,INFORMATION,24,120,17,True
2025-12-18 18:33:50,QuantumMaze,INFORMATION,25,120,17,True
2025-12-18 18:33:50,QuantumMaze,INFORMATION,26,120,17,True
2025-12-18 18:33:50,QuantumMaze,INFORMATION,27,120,17,True
2025-12-18 18:33:50,QuantumMaze,INFORMATION,28,120,17,True
2025-12-18 18:33:50,QuantumMaze,INFORMATION,29,120,17,True
2025-12-18 18:33:50,QuantumMaze,INFORMATION,30,120,17,True
2025-12-18 18:33:51,QuantumMaze,INFORMATION,31,120,17,True
2025-12-18 18:33:51,QuantumMaze,INFORMATION,32,120,17,True
2025-12-18 18:33:51,QuantumMaze,INFORMATION,33,120,17,True
2025-12-18 18:33:51,QuantumMaze,INFORMATION,34,120,17,True
2025-12-18 18:33:51,QuantumMaze,INFORMATION,35,120,17,True
2025-12-18 18:33:51,QuantumMaze,INFORMATION,36,120,17,True
2025-12-18 18:33:51,QuantumMaze,INFORMATION,37,120,17,True
2025-12-18 18:33:51,QuantumMaze,INFORMATION,38,120,17,True
2025-12-18 18:33:51,QuantumMaze,INFORMATION,39,120,17,True
2025-12-18 18:33:51,QuantumMaze,INFORMATION,40,120,17,True
2025-12-18 18:33:51,QuantumMaze,INFORMATION,41,120,17,True
2025-12-18 18:33:51,QuantumMaze,INFORMATION,42,120,17,True
2025-12-18 18:33:51,QuantumMaze,INFORMATION,43,120,17,True
2025-12-18 18:33:51,QuantumMaze,INFORMATION,44,120,17,True
2025-12-18 18:33:51,QuantumMaze,INFORMATION,45,120,17,True
2025-12-18 18:33:51,QuantumMaze,INFORMATION,46,120,17,True
2025-12-18 18:33:51,QuantumMaze,INFORMATION,47,120,17,True
2025-12-18 18:33:51,QuantumMaze,INFORMATION,48,120,17,True
2025-12-18 18:33:51,QuantumMaze,INFORMATION,49,120,17,True
2025-12-18 18:33:51,QuantumMaze,INFORMATION,50,120,17,True
2025-12-18 18:33:51,QuantumMaze,INFORMATION,51,120,17,True
2025-12-18 18:33:51,QuantumMaze,INFORMATION,52,120,17,True
2025-12-18 18:33:52,QuantumMaze,INFORMATION,53,120,17,True
2025-12-18 18:33:52,QuantumMaze,INFORMATION,54,120,17,True
2025-12-18 18:33:52,QuantumMaze,INFORMATION,55,120,17,True
2025-12-18 18:33:52,QuantumMaze,INFORMATION,56,120,17,True
2025-12-18 18:33:52,QuantumMaze,INFORMATION,57,120,17,True
2025-12-18 18:33:52,QuantumMaze,INFORMATION,58,120,17,True
2025-12-18 18:33:52,QuantumMaze,INFORMATION,59,120,17,True
2025-12-18 18:33:52,QuantumMaze,INFORMATION,60,120,17,True
2025-12-18 18:33:52,QuantumMaze,INFORMATION,61,120,17,True
2025-12-18 18:33:52,QuantumMaze,INFORMATION,62,120,17,True
2025-12-18 18:33:52,QuantumMaze,INFORMATION,63,120,17,True
2025-12-18 18:33:52,QuantumMaze,INFORMATION,64,120,17,True
2025-12-18 18:33:52,QuantumMaze,INFORMATION,65,120,17,True
2025-12-18 18:33:52,QuantumMaze,INFORMATION,66,120,17,True
2025-12-18 18:33:52,QuantumMaze,INFORMATION,67,120,17,True
2025-12-18 18:33:52,QuantumMaze,INFORMATION,68,120,17,True
2025-12-18 18:33:52,QuantumMaze,INFORMATION,69,120,17,True
2025-12-18 18:33:52,QuantumMaze,INFORMATION,70,120,17,True
2025-12-18 18:33:52,QuantumMaze,INFORMATION,71,120,17,True
2025-12-18 18:33:52,QuantumMaze,INFORMATION,72,120,17,True
2025-12-18 18:33:52,QuantumMaze,INFORMATION,73,120,17,True
2025-12-18 18:33:52,QuantumMaze,INFORMATION,74,120,17,True
2025-12-18 18:33:52,QuantumMaze,INFORMATION,75,120,17,True
2025-12-18 18:33:52,QuantumMaze,INFORMATION,76,120,17,True
2025-12-18 18:33:53,QuantumMaze,INFORMATION,77,120,17,True
2025-12-18 18:33:53,QuantumMaze,INFORMATION,78,120,17,True
2025-12-18 18:33:53,QuantumMaze,INFORMATION,79,120,17,True
2025-12-18 18:33:53,QuantumMaze,INFORMATION,80,120,17,True
2025-12-18 18:33:53,QuantumMaze,INFORMATION,81,120,17,True
2025-12-18 18:33:53,QuantumMaze,INFORMATION,82,120,17,True
2025-12-18 18:33:53,QuantumMaze,INFORMATION,83,120,17,True
2025-12-18 18:33:53,QuantumMaze,INFORMATION,84,120,17,True
2025-12-18 18:33:53,QuantumMaze,INFORMATION,85,120,17,True
2025-12-18 18:33:53,QuantumMaze,INFORMATION,86,120,17,True
2025-12-18 18:33:53,QuantumMaze,INFORMATION,87,120,17,True
2025-12-18 18:33:53,QuantumMaze,INFORMATION,88,120,17,True
2025-12-18 18:33:53,QuantumMaze,INFORMATION,89,120,17,True
2025-12-18 18:33:53,QuantumMaze,INFORMATION,90,120,17,True
2025-12-18 18:33:53,QuantumMaze,INFORMATION,91,120,17,True
2025-12-18 18:33:53,QuantumMaze,INFORMATION,92,120,17,True
2025-12-18 18:33:53,QuantumMaze,INFORMATION,93,120,17,True
2025-12-18 18:33:53,QuantumMaze,INFORMATION,94,120,17,True
2025-12-18 18:33:53,QuantumMaze,INFORMATION,95,120,17,True
2025-12-18 18:33:53,QuantumMaze,INFORMATION,96,120,17,True
2025-12-18 18:33:53,QuantumMaze,INFORMATION,97,120,17,True
2025-12-18 18:33:53,QuantumMaze,INFORMATION,98,120,17,True
2025-12-18 18:33:53,QuantumMaze,INFORMATION,99,120,17,True
2025-12-18 18:33:53,QuantumMaze,INFORMATION,100,120,17,True
2025-12-18 18:33:55,PhysicsMaze,QUANTUM,1,340,200,True
2025-12-18 18:33:56,PhysicsMaze,QUANTUM,2,340,200,True
2025-12-18 18:33:57,PhysicsMaze,QUANTUM,3,340,200,True
2025-12-18 18:33:58,PhysicsMaze,QUANTUM,4,340,200,True
2025-12-18 18:33:59,PhysicsMaze,QUANTUM,5,340,200,True
2025-12-18 18:34:00,PhysicsMaze,QUANTUM,6,340,200,True
2025-12-18 18:34:01,PhysicsMaze,QUANTUM,7,340,200,True
2025-12-18 18:34:02,PhysicsMaze,QUANTUM,8,340,200,True
2025-12-18 18:34:03,QUANTUM,58,910,200,True
2025-12-18 18:34:03,PhysicsMaze,QUANTUM,9,340,200,True
2025-12-18 18:34:04,PhysicsMaze,QUANTUM,10,340,200,True
2025-12-18 18:34:05,PhysicsMaze,QUANTUM,11,340,200,True
2025-12-18 18:34:06,PhysicsMaze,QUANTUM,12,340,200,True
2025-12-18 18:34:07,PhysicsMaze,QUANTUM,13,340,200,True
2025-12-18 18:34:09,PhysicsMaze,QUANTUM,14,340,200,True
2025-12-18 18:34:10,PhysicsMaze,QUANTUM,15,340,200,True
2025-12-18 18:34:10,QUANTUM,59,80,22,True
2025-12-18 18:34:11,PhysicsMaze,QUANTUM,16,340,200,True
2025-12-18 18:34:12,PhysicsMaze,QUANTUM,17,340,200,True
2025-12-18 18:34:13,PhysicsMaze,QUANTUM,18,340,200,True
2025-12-18 18:34:14,PhysicsMaze,QUANTUM,19,340,200,True
2025-12-18 18:34:14,QUANTUM,60,70,11,True
2025-12-18 18:34:15,PhysicsMaze,QUANTUM,20,340,200,True
2025-12-18 18:34:16,PhysicsMaze,QUANTUM,21,340,200,True
2025-12-18 18:34:17,PhysicsMaze,QUANTUM,22,340,200,True
2025-12-18 18:34:18,PhysicsMaze,QUANTUM,23,340,200,True
2025-12-18 18:34:20,PhysicsMaze,QUANTUM,24,340,200,True
2025-12-18 18:34:21,PhysicsMaze,QUANTUM,25,340,200,True
2025-12-18 18:34:22,QUANTUM,61,160,20,True
2025-12-18 18:34:22,PhysicsMaze,QUANTUM,26,340,200,True
2025-12-18 18:34:23,PhysicsMaze,QUANTUM,27,340,200,True
2025-12-18 18:34:24,PhysicsMaze,QUANTUM,28,340,200,True
2025-12-18 18:34:25,PhysicsMaze,QUANTUM,29,340,200,True
2025-12-18 18:34:26,PhysicsMaze,QUANTUM,30,340,200,True
2025-12-18 18:34:27,PhysicsMaze,QUANTUM,31,340,200,True
2025-12-18 18:34:28,PhysicsMaze,QUANTUM,32,340,200,True
2025-12-18 18:34:29,PhysicsMaze,QUANTUM,33,340,200,True
2025-12-18 18:34:30,PhysicsMaze,QUANTUM,34,340,200,True
2025-12-18 18:34:31,PhysicsMaze,QUANTUM,35,340,200,True
2025-12-18 18:34:32,PhysicsMaze,QUANTUM,36,340,200,True
2025-12-18 18:34:33,PhysicsMaze,QUANTUM,37,340,200,True
2025-12-18 18:34:35,PhysicsMaze,QUANTUM,38,340,200,True
2025-12-18 18:34:36,PhysicsMaze,QUANTUM,39,340,200,True
2025-12-18 18:34:37,PhysicsMaze,QUANTUM,40,340,200,True
2025-12-18 18:34:38,PhysicsMaze,QUANTUM,41,340,200,True
2025-12-18 18:34:39,PhysicsMaze,QUANTUM,42,340,200,True
2025-12-18 18:34:40,PhysicsMaze,QUANTUM,43,340,200,True
2025-12-18 18:34:41,PhysicsMaze,QUANTUM,44,340,200,True
2025-12-18 18:34:42,PhysicsMaze,QUANTUM,45,340,200,True
2025-12-18 18:34:43,PhysicsMaze,QUANTUM,46,340,200,True
2025-12-18 18:34:44,PhysicsMaze,QUANTUM,47,340,200,True
2025-12-18 18:34:45,PhysicsMaze,QUANTUM,48,340,200,True
2025-12-18 18:34:47,PhysicsMaze,QUANTUM,49,340,200,True
2025-12-18 18:34:48,PhysicsMaze,QUANTUM,50,340,200,True
2025-12-18 18:34:49,PhysicsMaze,QUANTUM,51,340,200,True
2025-12-18 18:34:50,PhysicsMaze,QUANTUM,52,340,200,True
2025-12-18 18:34:51,PhysicsMaze,QUANTUM,53,340,200,True
2025-12-18 18:34:52,PhysicsMaze,QUANTUM,54,340,200,True
2025-12-18 18:34:53,PhysicsMaze,QUANTUM,55,340,200,True
2025-12-18 18:34:54,PhysicsMaze,QUANTUM,56,340,200,True
2025-12-18 18:34:55,PhysicsMaze,QUANTUM,57,340,200,True
2025-12-18 18:34:56,PhysicsMaze,QUANTUM,58,340,200,True
2025-12-18 18:34:58,PhysicsMaze,QUANTUM,59,340,200,True
2025-12-18 18:34:59,PhysicsMaze,QUANTUM,60,340,200,True
2025-12-18 18:35:00,PhysicsMaze,QUANTUM,61,340,200,True
2025-12-18 18:35:01,PhysicsMaze,QUANTUM,62,340,200,True
2025-12-18 18:35:02,PhysicsMaze,QUANTUM,63,340,200,True
2025-12-18 18:35:03,PhysicsMaze,QUANTUM,64,340,200,True
2025-12-18 18:35:04,QUANTUM,62,290,59,True
2025-12-18 18:35:04,PhysicsMaze,QUANTUM,65,340,200,True
2025-12-18 18:35:05,PhysicsMaze,QUANTUM,66,340,200,True
2025-12-18 18:35:07,PhysicsMaze,QUANTUM,67,340,200,True
2025-12-18 18:35:08,PhysicsMaze,QUANTUM,68,340,200,True
2025-12-18 18:35:09,QUANTUM,63,80,12,True
2025-12-18 18:35:09,PhysicsMaze,QUANTUM,69,340,200,True
2025-12-18 18:35:10,PhysicsMaze,QUANTUM,70,340,200,True
2025-12-18 18:35:11,PhysicsMaze,QUANTUM,71,340,200,True
2025-12-18 18:35:11,QUANTUM,64,70,8,True
2025-12-18 18:35:12,PhysicsMaze,QUANTUM,72,340,200,True
2025-12-18 18:35:13,PhysicsMaze,QUANTUM,73,340,200,True
2025-12-18 18:35:14,PhysicsMaze,QUANTUM,74,340,200,True
2025-12-18 18:35:15,QUANTUM,65,10,11,True
2025-12-18 18:35:16,PhysicsMaze,QUANTUM,75,340,200,True
2025-12-18 18:35:17,PhysicsMaze,QUANTUM,76,340,200,True
2025-12-18 18:35:18,PhysicsMaze,QUANTUM,77,340,200,True
2025-12-18 18:35:19,PhysicsMaze,QUANTUM,78,340,200,True
2025-12-18 18:35:20,PhysicsMaze,QUANTUM,79,340,200,True
2025-12-18 18:35:21,PhysicsMaze,QUANTUM,80,340,200,True
2025-12-18 18:35:22,PhysicsMaze,QUANTUM,81,340,200,True
2025-12-18 18:35:23,PhysicsMaze,QUANTUM,82,340,200,True
2025-12-18 18:35:25,PhysicsMaze,QUANTUM,83,340,200,True
2025-12-18 18:35:26,PhysicsMaze,QUANTUM,84,340,200,True
2025-12-18 18:35:27,PhysicsMaze,QUANTUM,85,340,200,True
2025-12-18 18:35:28,PhysicsMaze,QUANTUM,86,340,200,True
2025-12-18 18:35:29,PhysicsMaze,QUANTUM,87,340,200,True
2025-12-18 18:35:30,PhysicsMaze,QUANTUM,88,340,200,True
2025-12-18 18:35:31,PhysicsMaze,QUANTUM,89,340,200,True
2025-12-18 18:35:32,PhysicsMaze,QUANTUM,90,340,200,True
2025-12-18 18:35:33,PhysicsMaze,QUANTUM,91,340,200,True
2025-12-18 18:35:34,PhysicsMaze,QUANTUM,92,340,200,True
2025-12-18 18:35:35,PhysicsMaze,QUANTUM,93,340,200,True
2025-12-18 18:35:37,PhysicsMaze,QUANTUM,94,340,200,True
2025-12-18 18:35:38,PhysicsMaze,QUANTUM,95,340,200,True
2025-12-18 18:35:39,PhysicsMaze,QUANTUM,96,340,200,True
2025-12-18 18:35:40,PhysicsMaze,QUANTUM,97,340,200,True
2025-12-18 18:35:41,PhysicsMaze,QUANTUM,98,340,200,True
2025-12-18 18:35:42,PhysicsMaze,QUANTUM,99,340,200,True
2025-12-18 18:35:43,PhysicsMaze,QUANTUM,100,340,200,True
2025-12-18 18:35:43,PhysicsMaze,PHYSICS,1,130,30,True
2025-12-18 18:35:43,PhysicsMaze,PHYSICS,2,130,30,True
2025-12-18 18:35:44,PhysicsMaze,PHYSICS,3,130,30,True
2025-12-18 18:35:44,PhysicsMaze,PHYSICS,4,130,30,True
2025-12-18 18:35:44,PhysicsMaze,PHYSICS,5,130,30,True
2025-12-18 18:35:44,PhysicsMaze,PHYSICS,6,130,30,True
2025-12-18 18:35:45,PhysicsMaze,PHYSICS,7,130,30,True
2025-12-18 18:35:45,PhysicsMaze,PHYSICS,8,130,30,True
2025-12-18 18:35:45,PhysicsMaze,PHYSICS,9,130,30,True
2025-12-18 18:35:45,PhysicsMaze,PHYSICS,10,130,30,True
2025-12-18 18:35:45,PhysicsMaze,PHYSICS,11,130,30,True
2025-12-18 18:35:46,PhysicsMaze,PHYSICS,12,130,30,True
2025-12-18 18:35:46,PhysicsMaze,PHYSICS,13,130,30,True
2025-12-18 18:35:46,PhysicsMaze,PHYSICS,14,130,30,True
2025-12-18 18:35:46,PhysicsMaze,PHYSICS,15,130,30,True
2025-12-18 18:35:47,PhysicsMaze,PHYSICS,16,130,30,True
2025-12-18 18:35:47,PhysicsMaze,PHYSICS,17,130,30,True
2025-12-18 18:35:47,PhysicsMaze,PHYSICS,18,130,30,True
2025-12-18 18:35:47,PhysicsMaze,PHYSICS,19,130,30,True
2025-12-18 18:35:47,PhysicsMaze,PHYSICS,20,130,30,True
2025-12-18 18:35:48,PhysicsMaze,PHYSICS,21,130,30,True
2025-12-18 18:35:48,PhysicsMaze,PHYSICS,22,130,30,True
2025-12-18 18:35:48,PhysicsMaze,PHYSICS,23,130,30,True
2025-12-18 18:35:48,PhysicsMaze,PHYSICS,24,130,30,True
2025-12-18 18:35:49,PhysicsMaze,PHYSICS,25,130,30,True
2025-12-18 18:35:49,PhysicsMaze,PHYSICS,26,130,30,True
2025-12-18 18:35:49,PhysicsMaze,PHYSICS,27,130,30,True
2025-12-18 18:35:49,PhysicsMaze,PHYSICS,28,130,30,True
2025-12-18 18:35:50,PhysicsMaze,PHYSICS,29,130,30,True
2025-12-18 18:35:50,PhysicsMaze,PHYSICS,30,130,30,True
2025-12-18 18:35:50,PhysicsMaze,PHYSICS,31,130,30,True
2025-12-18 18:35:50,PhysicsMaze,PHYSICS,32,130,30,True
2025-12-18 18:35:50,PhysicsMaze,PHYSICS,33,130,30,True
2025-12-18 18:35:51,PhysicsMaze,PHYSICS,34,130,30,True
2025-12-18 18:35:51,PhysicsMaze,PHYSICS,35,130,30,True
2025-12-18 18:35:51,PhysicsMaze,PHYSICS,36,130,30,True
2025-12-18 18:35:51,PhysicsMaze,PHYSICS,37,130,30,True
2025-12-18 18:35:51,PhysicsMaze,PHYSICS,38,130,30,True
2025-12-18 18:35:52,PhysicsMaze,PHYSICS,39,130,30,True
2025-12-18 18:35:52,PhysicsMaze,PHYSICS,40,130,30,True
2025-12-18 18:35:52,PhysicsMaze,PHYSICS,41,130,30,True
2025-12-18 18:35:52,PhysicsMaze,PHYSICS,42,130,30,True
2025-12-18 18:35:53,PhysicsMaze,PHYSICS,43,130,30,True
2025-12-18 18:35:53,PhysicsMaze,PHYSICS,44,130,30,True
2025-12-18 18:35:53,PhysicsMaze,PHYSICS,45,130,30,True
2025-12-18 18:35:53,PhysicsMaze,PHYSICS,46,130,30,True
2025-12-18 18:35:54,PhysicsMaze,PHYSICS,47,130,30,True
2025-12-18 18:35:54,PhysicsMaze,PHYSICS,48,130,30,True
2025-12-18 18:35:54,PhysicsMaze,PHYSICS,49,130,30,True
2025-12-18 18:35:54,PhysicsMaze,PHYSICS,50,130,30,True
2025-12-18 18:35:54,PhysicsMaze,PHYSICS,51,130,30,True
2025-12-18 18:35:55,PhysicsMaze,PHYSICS,52,130,30,True
2025-12-18 18:35:55,PhysicsMaze,PHYSICS,53,130,30,True
2025-12-18 18:35:55,PhysicsMaze,PHYSICS,54,130,30,True
2025-12-18 18:35:55,PhysicsMaze,PHYSICS,55,130,30,True
2025-12-18 18:35:55,PhysicsMaze,PHYSICS,56,130,30,True
2025-12-18 18:35:56,PhysicsMaze,PHYSICS,57,130,30,True
2025-12-18 18:35:56,PhysicsMaze,PHYSICS,58,130,30,True
2025-12-18 18:35:56,PhysicsMaze,PHYSICS,59,130,30,True
2025-12-18 18:35:56,PhysicsMaze,PHYSICS,60,130,30,True
2025-12-18 18:35:57,PhysicsMaze,PHYSICS,61,130,30,True
2025-12-18 18:35:57,PhysicsMaze,PHYSICS,62,130,30,True
2025-12-18 18:35:57,PhysicsMaze,PHYSICS,63,130,30,True
2025-12-18 18:35:57,PhysicsMaze,PHYSICS,64,130,30,True
2025-12-18 18:35:58,PhysicsMaze,PHYSICS,65,130,30,True
2025-12-18 18:35:58,PhysicsMaze,PHYSICS,66,130,30,True
2025-12-18 18:35:58,PhysicsMaze,PHYSICS,67,130,30,True
2025-12-18 18:35:58,PhysicsMaze,PHYSICS,68,130,30,True
2025-12-18 18:35:58,PhysicsMaze,PHYSICS,69,130,30,True
2025-12-18 18:35:59,PhysicsMaze,PHYSICS,70,130,30,True
2025-12-18 18:35:59,PhysicsMaze,PHYSICS,71,130,30,True
2025-12-18 18:35:59,PhysicsMaze,PHYSICS,72,130,30,True
2025-12-18 18:35:59,PhysicsMaze,PHYSICS,73,130,30,True
2025-12-18 18:36:00,PhysicsMaze,PHYSICS,74,130,30,True
2025-12-18 18:36:00,PhysicsMaze,PHYSICS,75,130,30,True
2025-12-18 18:36:00,PhysicsMaze,PHYSICS,76,130,30,True
2025-12-18 18:36:00,PhysicsMaze,PHYSICS,77,130,30,True
2025-12-18 18:36:00,PhysicsMaze,PHYSICS,78,130,30,True
2025-12-18 18:36:01,PhysicsMaze,PHYSICS,79,130,30,True
2025-12-18 18:36:01,PhysicsMaze,PHYSICS,80,130,30,True
2025-12-18 18:36:01,PhysicsMaze,PHYSICS,81,130,30,True
2025-12-18 18:36:01,PhysicsMaze,PHYSICS,82,130,30,True
2025-12-18 18:36:02,PhysicsMaze,PHYSICS,83,130,30,True
2025-12-18 18:36:02,PhysicsMaze,PHYSICS,84,130,30,True
2025-12-18 18:36:02,PhysicsMaze,PHYSICS,85,130,30,True
2025-12-18 18:36:02,PhysicsMaze,PHYSICS,86,130,30,True
2025-12-18 18:36:02,PhysicsMaze,PHYSICS,87,130,30,True
2025-12-18 18:36:03,PhysicsMaze,PHYSICS,88,130,30,True
2025-12-18 18:36:03,PhysicsMaze,PHYSICS,89,130,30,True
2025-12-18 18:36:03,PhysicsMaze,PHYSICS,90,130,30,True
2025-12-18 18:36:03,PhysicsMaze,PHYSICS,91,130,30,True
2025-12-18 18:36:04,PhysicsMaze,PHYSICS,92,130,30,True
2025-12-18 18:36:04,PhysicsMaze,PHYSICS,93,130,30,True
2025-12-18 18:36:04,PhysicsMaze,PHYSICS,94,130,30,True
2025-12-18 18:36:04,PhysicsMaze,PHYSICS,95,130,30,True
2025-12-18 18:36:04,PhysicsMaze,PHYSICS,96,130,30,True
2025-12-18 18:36:05,PhysicsMaze,PHYSICS,97,130,30,True
2025-12-18 18:36:05,PhysicsMaze,PHYSICS,98,130,30,True
2025-12-18 18:36:05,PhysicsMaze,PHYSICS,99,130,30,True
2025-12-18 18:36:05,PhysicsMaze,PHYSICS,100,130,30,True
2025-12-18 18:36:07,PhysicsMaze,RELATIVITY,1,40,200,True
2025-12-18 18:36:08,PhysicsMaze,RELATIVITY,2,40,200,True
2025-12-18 18:36:09,PhysicsMaze,RELATIVITY,3,40,200,True
2025-12-18 18:36:10,PhysicsMaze,RELATIVITY,4,40,200,True
2025-12-18 18:36:11,PhysicsMaze,RELATIVITY,5,40,200,True
2025-12-18 18:36:12,PhysicsMaze,RELATIVITY,6,40,200,True
2025-12-18 18:36:13,PhysicsMaze,RELATIVITY,7,40,200,True
2025-12-18 18:36:14,PhysicsMaze,RELATIVITY,8,40,200,True
2025-12-18 18:36:16,PhysicsMaze,RELATIVITY,9,40,200,True
2025-12-18 18:36:17,PhysicsMaze,RELATIVITY,10,40,200,True
2025-12-18 18:36:18,PhysicsMaze,RELATIVITY,11,40,200,True
2025-12-18 18:36:19,PhysicsMaze,RELATIVITY,12,40,200,True
2025-12-18 18:36:20,PhysicsMaze,RELATIVITY,13,40,200,True
2025-12-18 18:36:21,PhysicsMaze,RELATIVITY,14,40,200,True
2025-12-18 18:36:22,PhysicsMaze,RELATIVITY,15,40,200,True
2025-12-18 18:36:24,PhysicsMaze,RELATIVITY,16,40,200,True
2025-12-18 18:36:25,PhysicsMaze,RELATIVITY,17,40,200,True
2025-12-18 18:36:26,PhysicsMaze,RELATIVITY,18,40,200,True
2025-12-18 18:36:27,PhysicsMaze,RELATIVITY,19,40,200,True
2025-12-18 18:36:28,PhysicsMaze,RELATIVITY,20,40,200,True
2025-12-18 18:36:29,PhysicsMaze,RELATIVITY,21,40,200,True
2025-12-18 18:36:30,PhysicsMaze,RELATIVITY,22,40,200,True
2025-12-18 18:36:31,PhysicsMaze,RELATIVITY,23,40,200,True
2025-12-18 18:36:33,PhysicsMaze,RELATIVITY,24,40,200,True
2025-12-18 18:36:34,PhysicsMaze,RELATIVITY,25,40,200,True
2025-12-18 18:36:35,PhysicsMaze,RELATIVITY,26,40,200,True
2025-12-18 18:36:36,PhysicsMaze,RELATIVITY,27,40,200,True
2025-12-18 18:36:37,PhysicsMaze,RELATIVITY,28,40,200,True
2025-12-18 18:36:38,PhysicsMaze,RELATIVITY,29,40,200,True
2025-12-18 18:36:39,PhysicsMaze,RELATIVITY,30,40,200,True
2025-12-18 18:36:40,PhysicsMaze,RELATIVITY,31,40,200,True
2025-12-18 18:36:42,PhysicsMaze,RELATIVITY,32,40,200,True
2025-12-18 18:36:43,PhysicsMaze,RELATIVITY,33,40,200,True
2025-12-18 18:36:44,PhysicsMaze,RELATIVITY,34,40,200,True
2025-12-18 18:36:45,PhysicsMaze,RELATIVITY,35,40,200,True
2025-12-18 18:36:46,PhysicsMaze,RELATIVITY,36,40,200,True
2025-12-18 18:36:47,PhysicsMaze,RELATIVITY,37,40,200,True
2025-12-18 18:36:48,PhysicsMaze,RELATIVITY,38,40,200,True
2025-12-18 18:36:50,PhysicsMaze,RELATIVITY,39,40,200,True
2025-12-18 18:36:51,PhysicsMaze,RELATIVITY,40,40,200,True
2025-12-18 18:36:52,PhysicsMaze,RELATIVITY,41,40,200,True
2025-12-18 18:36:53,PhysicsMaze,RELATIVITY,42,40,200,True
2025-12-18 18:36:54,PhysicsMaze,RELATIVITY,43,40,200,True
2025-12-18 18:36:55,PhysicsMaze,RELATIVITY,44,40,200,True
2025-12-18 18:36:56,PhysicsMaze,RELATIVITY,45,40,200,True
2025-12-18 18:36:58,PhysicsMaze,RELATIVITY,46,40,200,True
2025-12-18 18:36:59,PhysicsMaze,RELATIVITY,47,40,200,True
2025-12-18 18:37:00,PhysicsMaze,RELATIVITY,48,40,200,True
2025-12-18 18:37:01,PhysicsMaze,RELATIVITY,49,40,200,True
2025-12-18 18:37:02,PhysicsMaze,RELATIVITY,50,40,200,True
2025-12-18 18:37:03,PhysicsMaze,RELATIVITY,51,40,200,True
2025-12-18 18:37:04,PhysicsMaze,RELATIVITY,52,40,200,True
2025-12-18 18:37:05,PhysicsMaze,RELATIVITY,53,40,200,True
2025-12-18 18:37:07,PhysicsMaze,RELATIVITY,54,40,200,True
2025-12-18 18:37:08,PhysicsMaze,RELATIVITY,55,40,200,True
2025-12-18 18:37:09,PhysicsMaze,RELATIVITY,56,40,200,True
2025-12-18 18:37:10,PhysicsMaze,RELATIVITY,57,40,200,True
2025-12-18 18:37:12,PhysicsMaze,RELATIVITY,58,40,200,True
2025-12-18 18:37:13,PhysicsMaze,RELATIVITY,59,40,200,True
2025-12-18 18:37:14,PhysicsMaze,RELATIVITY,60,40,200,True
2025-12-18 18:37:15,PhysicsMaze,RELATIVITY,61,40,200,True
2025-12-18 18:37:17,PhysicsMaze,RELATIVITY,62,40,200,True
2025-12-18 18:37:18,PhysicsMaze,RELATIVITY,63,40,200,True
2025-12-18 18:37:19,PhysicsMaze,RELATIVITY,64,40,200,True
2025-12-18 18:37:20,PhysicsMaze,RELATIVITY,65,40,200,True
2025-12-18 18:37:21,PhysicsMaze,RELATIVITY,66,40,200,True
2025-12-18 18:37:22,PhysicsMaze,RELATIVITY,67,40,200,True
2025-12-18 18:37:24,PhysicsMaze,RELATIVITY,68,40,200,True
2025-12-18 18:37:25,PhysicsMaze,RELATIVITY,69,40,200,True
2025-12-18 18:37:26,PhysicsMaze,RELATIVITY,70,40,200,True
2025-12-18 18:37:27,PhysicsMaze,RELATIVITY,71,40,200,True
2025-12-18 18:37:28,PhysicsMaze,RELATIVITY,72,40,200,True
2025-12-18 18:37:29,PhysicsMaze,RELATIVITY,73,40,200,True
2025-12-18 18:37:30,PhysicsMaze,RELATIVITY,74,40,200,True
2025-12-18 18:37:32,PhysicsMaze,RELATIVITY,75,40,200,True
2025-12-18 18:37:33,PhysicsMaze,RELATIVITY,76,40,200,True
2025-12-18 18:37:34,PhysicsMaze,RELATIVITY,77,40,200,True
2025-12-18 18:37:35,PhysicsMaze,RELATIVITY,78,40,200,True
2025-12-18 18:37:36,PhysicsMaze,RELATIVITY,79,40,200,True
2025-12-18 18:37:37,PhysicsMaze,RELATIVITY,80,40,200,True
2025-12-18 18:37:38,PhysicsMaze,RELATIVITY,81,40,200,True
2025-12-18 18:37:39,PhysicsMaze,RELATIVITY,82,40,200,True
2025-12-18 18:37:41,PhysicsMaze,RELATIVITY,83,40,200,True
2025-12-18 18:37:42,PhysicsMaze,RELATIVITY,84,40,200,True
2025-12-18 18:37:43,PhysicsMaze,RELATIVITY,85,40,200,True
2025-12-18 18:37:44,PhysicsMaze,RELATIVITY,86,40,200,True
2025-12-18 18:37:45,PhysicsMaze,RELATIVITY,87,40,200,True
2025-12-18 18:37:46,PhysicsMaze,RELATIVITY,88,40,200,True
2025-12-18 18:37:47,PhysicsMaze,RELATIVITY,89,40,200,True
2025-12-18 18:37:48,PhysicsMaze,RELATIVITY,90,40,200,True
2025-12-18 18:37:50,PhysicsMaze,RELATIVITY,91,40,200,True
2025-12-18 18:37:51,PhysicsMaze,RELATIVITY,92,40,200,True
2025-12-18 18:37:52,PhysicsMaze,RELATIVITY,93,40,200,True
2025-12-18 18:37:53,PhysicsMaze,RELATIVITY,94,40,200,True
2025-12-18 18:37:54,PhysicsMaze,RELATIVITY,95,40,200,True
2025-12-18 18:37:55,PhysicsMaze,RELATIVITY,96,40,200,True
2025-12-18 18:37:56,PhysicsMaze,RELATIVITY,97,40,200,True
2025-12-18 18:37:58,PhysicsMaze,RELATIVITY,98,40,200,True
2025-12-18 18:37:59,PhysicsMaze,RELATIVITY,99,40,200,True
2025-12-18 18:38:00,PhysicsMaze,RELATIVITY,100,40,200,True
2025-12-18 18:38:01,PhysicsMaze,INFORMATION,1,340,200,True
2025-12-18 18:38:02,PhysicsMaze,INFORMATION,2,340,200,True
2025-12-18 18:38:03,PhysicsMaze,INFORMATION,3,340,200,True
2025-12-18 18:38:04,PhysicsMaze,INFORMATION,4,340,200,True
2025-12-18 18:38:05,PhysicsMaze,INFORMATION,5,340,200,True
2025-12-18 18:38:06,PhysicsMaze,INFORMATION,6,340,200,True
2025-12-18 18:38:07,PhysicsMaze,INFORMATION,7,340,200,True
2025-12-18 18:38:08,PhysicsMaze,INFORMATION,8,340,200,True
2025-12-18 18:38:09,PhysicsMaze,INFORMATION,9,340,200,True
2025-12-18 18:38:10,PhysicsMaze,INFORMATION,10,340,200,True
2025-12-18 18:38:12,PhysicsMaze,INFORMATION,11,340,200,True
2025-12-18 18:38:13,PhysicsMaze,INFORMATION,12,340,200,True
2025-12-18 18:38:14,PhysicsMaze,INFORMATION,13,340,200,True
2025-12-18 18:38:15,PhysicsMaze,INFORMATION,14,340,200,True
2025-12-18 18:38:16,PhysicsMaze,INFORMATION,15,340,200,True
2025-12-18 18:38:17,PhysicsMaze,INFORMATION,16,340,200,True
2025-12-18 18:38:18,PhysicsMaze,INFORMATION,17,340,200,True
2025-12-18 18:38:19,PhysicsMaze,INFORMATION,18,340,200,True
2025-12-18 18:38:20,PhysicsMaze,INFORMATION,19,340,200,True
2025-12-18 18:38:21,PhysicsMaze,INFORMATION,20,340,200,True
2025-12-18 18:38:22,PhysicsMaze,INFORMATION,21,340,200,True
2025-12-18 18:38:23,PhysicsMaze,INFORMATION,22,340,200,True
2025-12-18 18:38:24,PhysicsMaze,INFORMATION,23,340,200,True
2025-12-18 18:38:25,PhysicsMaze,INFORMATION,24,340,200,True
2025-12-18 18:38:27,PhysicsMaze,INFORMATION,25,340,200,True
2025-12-18 18:38:28,PhysicsMaze,INFORMATION,26,340,200,True
2025-12-18 18:38:29,PhysicsMaze,INFORMATION,27,340,200,True
2025-12-18 18:38:30,PhysicsMaze,INFORMATION,28,340,200,True
2025-12-18 18:38:31,PhysicsMaze,INFORMATION,29,340,200,True
2025-12-18 18:38:32,PhysicsMaze,INFORMATION,30,340,200,True
2025-12-18 18:38:33,PhysicsMaze,INFORMATION,31,340,200,True
2025-12-18 18:38:34,PhysicsMaze,INFORMATION,32,340,200,True
2025-12-18 18:38:35,PhysicsMaze,INFORMATION,33,340,200,True
2025-12-18 18:38:36,PhysicsMaze,INFORMATION,34,340,200,True
2025-12-18 18:38:37,PhysicsMaze,INFORMATION,35,340,200,True
2025-12-18 18:38:38,PhysicsMaze,INFORMATION,36,340,200,True
2025-12-18 18:38:39,PhysicsMaze,INFORMATION,37,340,200,True
2025-12-18 18:38:40,PhysicsMaze,INFORMATION,38,340,200,True
2025-12-18 18:38:41,PhysicsMaze,INFORMATION,39,340,200,True
2025-12-18 18:38:43,PhysicsMaze,INFORMATION,40,340,200,True
2025-12-18 18:38:44,PhysicsMaze,INFORMATION,41,340,200,True
2025-12-18 18:38:45,PhysicsMaze,INFORMATION,42,340,200,True
2025-12-18 18:38:46,PhysicsMaze,INFORMATION,43,340,200,True
2025-12-18 18:38:47,PhysicsMaze,INFORMATION,44,340,200,True
2025-12-18 18:38:48,PhysicsMaze,INFORMATION,45,340,200,True
2025-12-18 18:38:49,PhysicsMaze,INFORMATION,46,340,200,True
2025-12-18 18:38:50,PhysicsMaze,INFORMATION,47,340,200,True
2025-12-18 18:38:51,PhysicsMaze,INFORMATION,48,340,200,True
2025-12-18 18:38:52,PhysicsMaze,INFORMATION,49,340,200,True
2025-12-18 18:38:53,PhysicsMaze,INFORMATION,50,340,200,True
2025-12-18 18:38:54,PhysicsMaze,INFORMATION,51,340,200,True
2025-12-18 18:38:55,PhysicsMaze,INFORMATION,52,340,200,True
2025-12-18 18:38:57,PhysicsMaze,INFORMATION,53,340,200,True
2025-12-18 18:38:58,PhysicsMaze,INFORMATION,54,340,200,True
2025-12-18 18:38:59,PhysicsMaze,INFORMATION,55,340,200,True
2025-12-18 18:39:00,PhysicsMaze,INFORMATION,56,340,200,True
2025-12-18 18:39:01,PhysicsMaze,INFORMATION,57,340,200,True
2025-12-18 18:39:02,PhysicsMaze,INFORMATION,58,340,200,True
2025-12-18 18:39:03,PhysicsMaze,INFORMATION,59,340,200,True
2025-12-18 18:39:04,PhysicsMaze,INFORMATION,60,340,200,True
2025-12-18 18:39:05,PhysicsMaze,INFORMATION,61,340,200,True
2025-12-18 18:39:06,PhysicsMaze,INFORMATION,62,340,200,True
2025-12-18 18:39:07,PhysicsMaze,INFORMATION,63,340,200,True
2025-12-18 18:39:08,PhysicsMaze,INFORMATION,64,340,200,True
2025-12-18 18:39:09,PhysicsMaze,INFORMATION,65,340,200,True
2025-12-18 18:39:11,PhysicsMaze,INFORMATION,66,340,200,True
2025-12-18 18:39:12,PhysicsMaze,INFORMATION,67,340,200,True
2025-12-18 18:39:13,PhysicsMaze,INFORMATION,68,340,200,True
2025-12-18 18:39:14,PhysicsMaze,INFORMATION,69,340,200,True
2025-12-18 18:39:15,PhysicsMaze,INFORMATION,70,340,200,True
2025-12-18 18:39:16,PhysicsMaze,INFORMATION,71,340,200,True
2025-12-18 18:39:17,PhysicsMaze,INFORMATION,72,340,200,True
2025-12-18 18:39:18,PhysicsMaze,INFORMATION,73,340,200,True
2025-12-18 18:39:19,PhysicsMaze,INFORMATION,74,340,200,True
2025-12-18 18:39:20,PhysicsMaze,INFORMATION,75,340,200,True
2025-12-18 18:39:21,PhysicsMaze,INFORMATION,76,340,200,True
2025-12-18 18:39:22,PhysicsMaze,INFORMATION,77,340,200,True
2025-12-18 18:39:23,PhysicsMaze,INFORMATION,78,340,200,True
2025-12-18 18:39:25,PhysicsMaze,INFORMATION,79,340,200,True
2025-12-18 18:39:26,PhysicsMaze,INFORMATION,80,340,200,True
2025-12-18 18:39:27,PhysicsMaze,INFORMATION,81,340,200,True
2025-12-18 18:39:28,PhysicsMaze,INFORMATION,82,340,200,True
2025-12-18 18:39:29,PhysicsMaze,INFORMATION,83,340,200,True
2025-12-18 18:39:30,PhysicsMaze,INFORMATION,84,340,200,True
2025-12-18 18:39:31,PhysicsMaze,INFORMATION,85,340,200,True
2025-12-18 18:39:32,PhysicsMaze,INFORMATION,86,340,200,True
2025-12-18 18:39:33,PhysicsMaze,INFORMATION,87,340,200,True
2025-12-18 18:39:34,PhysicsMaze,INFORMATION,88,340,200,True
2025-12-18 18:39:35,PhysicsMaze,INFORMATION,89,340,200,True
2025-12-18 18:39:36,PhysicsMaze,INFORMATION,90,340,200,True
2025-12-18 18:39:37,PhysicsMaze,INFORMATION,91,340,200,True
2025-12-18 18:39:38,PhysicsMaze,INFORMATION,92,340,200,True
2025-12-18 18:39:40,PhysicsMaze,INFORMATION,93,340,200,True
2025-12-18 18:39:41,PhysicsMaze,INFORMATION,94,340,200,True
2025-12-18 18:39:42,PhysicsMaze,INFORMATION,95,340,200,True
2025-12-18 18:39:43,PhysicsMaze,INFORMATION,96,340,200,True
2025-12-18 18:39:44,PhysicsMaze,INFORMATION,97,340,200,True
2025-12-18 18:39:45,PhysicsMaze,INFORMATION,98,340,200,True
2025-12-18 18:39:46,PhysicsMaze,INFORMATION,99,340,200,True
2025-12-18 18:39:47,PhysicsMaze,INFORMATION,100,340,200,True
2025-12-18 18:39:47,RelativityMaze,QUANTUM,1,140,18,True
2025-12-18 18:39:47,RelativityMaze,QUANTUM,2,140,18,True
2025-12-18 18:39:47,RelativityMaze,QUANTUM,3,140,18,True
2025-12-18 18:39:47,RelativityMaze,QUANTUM,4,140,18,True
2025-12-18 18:39:47,RelativityMaze,QUANTUM,5,140,18,True
2025-12-18 18:39:47,RelativityMaze,QUANTUM,6,140,18,True
2025-12-18 18:39:47,RelativityMaze,QUANTUM,7,140,18,True
2025-12-18 18:39:47,RelativityMaze,QUANTUM,8,140,18,True
2025-12-18 18:39:47,RelativityMaze,QUANTUM,9,140,18,True
2025-12-18 18:42:26,QUANTUM,66,1020,200,True
2025-12-18 18:42:27,QUANTUM,67,40,5,True
2025-12-18 18:42:31,QUANTUM,68,50,12,True
2025-12-18 18:42:32,QUANTUM,69,50,6,True
2025-12-18 19:30:01,Standard,QUANTUM,1,790,69,True
2025-12-18 19:30:01,Standard,QUANTUM,2,790,69,True
2025-12-18 19:30:01,Standard,QUANTUM,3,790,69,True
2025-12-18 19:30:02,Standard,QUANTUM,4,790,69,True
2025-12-18 19:30:02,Standard,QUANTUM,5,790,69,True
2025-12-18 19:30:02,Standard,QUANTUM,6,790,69,True
2025-12-18 19:30:02,Standard,QUANTUM,7,790,69,True
2025-12-18 19:30:03,Standard,QUANTUM,8,790,69,True
2025-12-18 19:30:03,Standard,QUANTUM,9,790,69,True
2025-12-18 19:30:03,Standard,QUANTUM,10,790,69,True
2025-12-18 19:30:04,Standard,QUANTUM,11,790,69,True
2025-12-18 19:30:04,Standard,QUANTUM,12,790,69,True
2025-12-18 19:30:04,Standard,QUANTUM,13,790,69,True
2025-12-18 19:30:05,Standard,QUANTUM,14,790,69,True
2025-12-18 19:30:05,Standard,QUANTUM,15,790,69,True
2025-12-18 19:30:05,Standard,QUANTUM,16,790,69,True
2025-12-18 19:30:06,Standard,QUANTUM,17,790,69,True
2025-12-18 19:30:06,Standard,QUANTUM,18,790,69,True
2025-12-18 19:30:06,Standard,QUANTUM,19,790,69,True
2025-12-18 19:30:06,Standard,QUANTUM,20,790,69,True
2025-12-18 19:30:07,Standard,QUANTUM,21,790,69,True
2025-12-18 19:30:07,Standard,QUANTUM,22,790,69,True
2025-12-18 19:30:07,Standard,QUANTUM,23,790,69,True
2025-12-18 19:30:08,Standard,QUANTUM,24,790,69,True
2025-12-18 19:30:08,Standard,QUANTUM,25,790,69,True
2025-12-18 19:30:08,Standard,QUANTUM,26,790,69,True
2025-12-18 19:30:09,Standard,QUANTUM,27,790,69,True
2025-12-18 19:30:09,Standard,QUANTUM,28,790,69,True
2025-12-18 19:30:09,Standard,QUANTUM,29,790,69,True
2025-12-18 19:30:10,Standard,QUANTUM,30,790,69,True
2025-12-18 19:30:10,Standard,QUANTUM,31,790,69,True
2025-12-18 19:30:10,Standard,QUANTUM,32,790,69,True
2025-12-18 19:30:11,Standard,QUANTUM,33,790,69,True
2025-12-18 19:30:11,Standard,QUANTUM,34,790,69,True
2025-12-18 19:30:11,Standard,QUANTUM,35,790,69,True
2025-12-18 19:30:12,Standard,QUANTUM,36,790,69,True
2025-12-18 19:30:12,Standard,QUANTUM,37,790,69,True
2025-12-18 19:30:12,Standard,QUANTUM,38,790,69,True
2025-12-18 19:30:12,Standard,QUANTUM,39,790,69,True
2025-12-18 19:30:13,Standard,QUANTUM,40,790,69,True
2025-12-18 19:30:13,Standard,QUANTUM,41,790,69,True
2025-12-18 19:30:13,Standard,QUANTUM,42,790,69,True
2025-12-18 19:30:14,Standard,QUANTUM,43,790,69,True
2025-12-18 19:30:14,Standard,QUANTUM,44,790,69,True
2025-12-18 19:30:14,Standard,QUANTUM,45,790,69,True
2025-12-18 19:30:15,Standard,QUANTUM,46,790,69,True
2025-12-18 19:30:15,Standard,QUANTUM,47,790,69,True
2025-12-18 19:30:15,Standard,QUANTUM,48,790,69,True
2025-12-18 19:30:15,Standard,QUANTUM,49,790,69,True
2025-12-18 19:30:16,Standard,QUANTUM,50,790,69,True
2025-12-18 19:30:16,Standard,QUANTUM,51,790,69,True
2025-12-18 19:30:16,Standard,QUANTUM,52,790,69,True
2025-12-18 19:30:17,Standard,QUANTUM,53,790,69,True
2025-12-18 19:30:17,Standard,QUANTUM,54,790,69,True
2025-12-18 19:30:17,Standard,QUANTUM,55,790,69,True
2025-12-18 19:30:18,Standard,QUANTUM,56,790,69,True
2025-12-18 19:30:18,Standard,QUANTUM,57,790,69,True
2025-12-18 19:30:18,Standard,QUANTUM,58,790,69,True
2025-12-18 19:30:19,Standard,QUANTUM,59,790,69,True
2025-12-18 19:30:19,Standard,QUANTUM,60,790,69,True
2025-12-18 19:30:19,Standard,QUANTUM,61,790,69,True
2025-12-18 19:30:20,Standard,QUANTUM,62,790,69,True
2025-12-18 19:30:20,Standard,QUANTUM,63,790,69,True
2025-12-18 19:30:20,Standard,QUANTUM,64,790,69,True
2025-12-18 19:30:21,Standard,QUANTUM,65,790,69,True
2025-12-18 19:30:21,Standard,QUANTUM,66,790,69,True
2025-12-18 19:30:21,Standard,QUANTUM,67,790,69,True
2025-12-18 19:30:22,Standard,QUANTUM,68,790,69,True
2025-12-18 19:30:22,Standard,QUANTUM,69,790,69,True
2025-12-18 19:30:22,Standard,QUANTUM,70,790,69,True
2025-12-18 19:30:23,Standard,QUANTUM,71,790,69,True
2025-12-18 19:30:23,Standard,QUANTUM,72,790,69,True
2025-12-18 19:30:23,Standard,QUANTUM,73,790,69,True
2025-12-18 19:30:23,Standard,QUANTUM,74,790,69,True
2025-12-18 19:30:24,Standard,QUANTUM,75,790,69,True
2025-12-18 19:30:24,Standard,QUANTUM,76,790,69,True
2025-12-18 19:30:24,Standard,QUANTUM,77,790,69,True
2025-12-18 19:30:25,Standard,QUANTUM,78,790,69,True
2025-12-18 19:30:25,Standard,QUANTUM,79,790,69,True
2025-12-18 19:30:25,Standard,QUANTUM,80,790,69,True
2025-12-18 19:30:26,Standard,QUANTUM,81,790,69,True
2025-12-18 19:30:26,Standard,QUANTUM,82,790,69,True
2025-12-18 19:30:26,Standard,QUANTUM,83,790,69,True
2025-12-18 19:30:27,Standard,QUANTUM,84,790,69,True
2025-12-18 19:30:27,Standard,QUANTUM,85,790,69,True
2025-12-18 19:30:27,Standard,QUANTUM,86,790,69,True
2025-12-18 19:30:28,Standard,QUANTUM,87,790,69,True
2025-12-18 19:30:28,Standard,QUANTUM,88,790,69,True
2025-12-18 19:30:28,Standard,QUANTUM,89,790,69,True
2025-12-18 19:30:29,Standard,QUANTUM,90,790,69,True
2025-12-18 19:30:29,Standard,QUANTUM,91,790,69,True
2025-12-18 19:30:29,Standard,QUANTUM,92,790,69,True
2025-12-18 19:30:29,Standard,QUANTUM,93,790,69,True
2025-12-18 19:30:30,Standard,QUANTUM,94,790,69,True
2025-12-18 19:30:30,Standard,QUANTUM,95,790,69,True
2025-12-18 19:30:30,Standard,QUANTUM,96,790,69,True
2025-12-18 19:30:31,Standard,QUANTUM,97,790,69,True
2025-12-18 19:30:31,Standard,QUANTUM,98,790,69,True
2025-12-18 19:30:31,Standard,QUANTUM,99,790,69,True
2025-12-18 19:30:32,Standard,QUANTUM,100,790,69,True
2025-12-18 19:30:32,Standard,PHYSICS,1,80,10,True
2025-12-18 19:30:32,Standard,PHYSICS,2,80,10,True
2025-12-18 19:30:32,Standard,PHYSICS,3,80,10,True
2025-12-18 19:30:32,Standard,PHYSICS,4,80,10,True
2025-12-18 19:30:32,Standard,PHYSICS,5,80,10,True
2025-12-18 19:30:32,Standard,PHYSICS,6,80,10,True
2025-12-18 19:30:32,Standard,PHYSICS,7,80,10,True
2025-12-18 19:30:32,Standard,PHYSICS,8,80,10,True
2025-12-18 19:30:32,Standard,PHYSICS,9,80,10,True
2025-12-18 19:30:32,Standard,PHYSICS,10,80,10,True
2025-12-18 19:30:32,Standard,PHYSICS,11,80,10,True
2025-12-18 19:30:33,Standard,PHYSICS,12,80,10,True
2025-12-18 19:30:33,Standard,PHYSICS,13,80,10,True
2025-12-18 19:30:33,Standard,PHYSICS,14,80,10,True
2025-12-18 19:30:33,Standard,PHYSICS,15,80,10,True
2025-12-18 19:30:33,Standard,PHYSICS,16,80,10,True
2025-12-18 19:30:33,Standard,PHYSICS,17,80,10,True
2025-12-18 19:30:33,Standard,PHYSICS,18,80,10,True
2025-12-18 19:30:33,Standard,PHYSICS,19,80,10,True
2025-12-18 19:30:33,Standard,PHYSICS,20,80,10,True
2025-12-18 19:30:33,Standard,PHYSICS,21,80,10,True
2025-12-18 19:30:33,Standard,PHYSICS,22,80,10,True
2025-12-18 19:30:33,Standard,PHYSICS,23,80,10,True
2025-12-18 19:30:33,Standard,PHYSICS,24,80,10,True
2025-12-18 19:30:33,Standard,PHYSICS,25,80,10,True
2025-12-18 19:30:34,Standard,PHYSICS,26,80,10,True
2025-12-18 19:30:34,Standard,PHYSICS,27,80,10,True
2025-12-18 19:30:34,Standard,PHYSICS,28,80,10,True
2025-12-18 19:30:34,Standard,PHYSICS,29,80,10,True
2025-12-18 19:30:34,Standard,PHYSICS,30,80,10,True
2025-12-18 19:30:34,Standard,PHYSICS,31,80,10,True
2025-12-18 19:30:34,Standard,PHYSICS,32,80,10,True
2025-12-18 19:30:34,Standard,PHYSICS,33,80,10,True
2025-12-18 19:30:34,Standard,PHYSICS,34,80,10,True
2025-12-18 19:30:34,Standard,PHYSICS,35,80,10,True
2025-12-18 19:30:34,Standard,PHYSICS,36,80,10,True
2025-12-18 19:30:34,Standard,PHYSICS,37,80,10,True
2025-12-18 19:30:34,Standard,PHYSICS,38,80,10,True
2025-12-18 19:30:34,Standard,PHYSICS,39,80,10,True
2025-12-18 19:30:35,Standard,PHYSICS,40,80,10,True
2025-12-18 19:30:35,Standard,PHYSICS,41,80,10,True
2025-12-18 19:30:35,Standard,PHYSICS,42,80,10,True
2025-12-18 19:30:35,Standard,PHYSICS,43,80,10,True
2025-12-18 19:30:35,Standard,PHYSICS,44,80,10,True
2025-12-18 19:30:35,Standard,PHYSICS,45,80,10,True
2025-12-18 19:30:35,Standard,PHYSICS,46,80,10,True
2025-12-18 19:30:35,Standard,PHYSICS,47,80,10,True
2025-12-18 19:30:35,Standard,PHYSICS,48,80,10,True
2025-12-18 19:30:35,Standard,PHYSICS,49,80,10,True
2025-12-18 19:30:35,Standard,PHYSICS,50,80,10,True
2025-12-18 19:30:35,Standard,PHYSICS,51,80,10,True
2025-12-18 19:30:35,Standard,PHYSICS,52,80,10,True
2025-12-18 19:30:35,Standard,PHYSICS,53,80,10,True
2025-12-18 19:30:35,Standard,PHYSICS,54,80,10,True
2025-12-18 19:30:36,Standard,PHYSICS,55,80,10,True
2025-12-18 19:30:36,Standard,PHYSICS,56,80,10,True
2025-12-18 19:30:36,Standard,PHYSICS,57,80,10,True
2025-12-18 19:30:36,Standard,PHYSICS,58,80,10,True
2025-12-18 19:30:36,Standard,PHYSICS,59,80,10,True
2025-12-18 19:30:36,Standard,PHYSICS,60,80,10,True
2025-12-18 19:30:36,Standard,PHYSICS,61,80,10,True
2025-12-18 19:30:36,Standard,PHYSICS,62,80,10,True
2025-12-18 19:30:36,Standard,PHYSICS,63,80,10,True
2025-12-18 19:30:36,Standard,PHYSICS,64,80,10,True
2025-12-18 19:30:36,Standard,PHYSICS,65,80,10,True
2025-12-18 19:30:36,Standard,PHYSICS,66,80,10,True
2025-12-18 19:30:36,Standard,PHYSICS,67,80,10,True
2025-12-18 19:30:36,Standard,PHYSICS,68,80,10,True
2025-12-18 19:30:36,Standard,PHYSICS,69,80,10,True
2025-12-18 19:30:37,Standard,PHYSICS,70,80,10,True
2025-12-18 19:30:37,Standard,PHYSICS,71,80,10,True
2025-12-18 19:30:37,Standard,PHYSICS,72,80,10,True
2025-12-18 19:30:37,Standard,PHYSICS,73,80,10,True
2025-12-18 19:30:37,Standard,PHYSICS,74,80,10,True
2025-12-18 19:30:37,Standard,PHYSICS,75,80,10,True
2025-12-18 19:30:37,Standard,PHYSICS,76,80,10,True
2025-12-18 19:30:37,Standard,PHYSICS,77,80,10,True
2025-12-18 19:30:37,Standard,PHYSICS,78,80,10,True
2025-12-18 19:30:37,Standard,PHYSICS,79,80,10,True
2025-12-18 19:30:37,Standard,PHYSICS,80,80,10,True
2025-12-18 19:30:37,Standard,PHYSICS,81,80,10,True
2025-12-18 19:30:37,Standard,PHYSICS,82,80,10,True
2025-12-18 19:30:37,Standard,PHYSICS,83,80,10,True
2025-12-18 19:30:38,Standard,PHYSICS,84,80,10,True
2025-12-18 19:30:38,Standard,PHYSICS,85,80,10,True
2025-12-18 19:30:38,Standard,PHYSICS,86,80,10,True
2025-12-18 19:30:38,Standard,PHYSICS,87,80,10,True
2025-12-18 19:30:38,Standard,PHYSICS,88,80,10,True
2025-12-18 19:30:38,Standard,PHYSICS,89,80,10,True
2025-12-18 19:30:38,Standard,PHYSICS,90,80,10,True
2025-12-18 19:30:38,Standard,PHYSICS,91,80,10,True
2025-12-18 19:30:38,Standard,PHYSICS,92,80,10,True
2025-12-18 19:30:38,Standard,PHYSICS,93,80,10,True
2025-12-18 19:30:38,Standard,PHYSICS,94,80,10,True
2025-12-18 19:30:38,Standard,PHYSICS,95,80,10,True
2025-12-18 19:30:38,Standard,PHYSICS,96,80,10,True
2025-12-18 19:30:38,Standard,PHYSICS,97,80,10,True
2025-12-18 19:30:38,Standard,PHYSICS,98,80,10,True
2025-12-18 19:30:39,Standard,PHYSICS,99,80,10,True
2025-12-18 19:30:39,Standard,PHYSICS,100,80,10,True
2025-12-18 19:30:39,Standard,RELATIVITY,1,790,69,True
2025-12-18 19:30:39,Standard,RELATIVITY,2,790,69,True
2025-12-18 19:30:40,Standard,RELATIVITY,3,790,69,True
2025-12-18 19:30:40,Standard,RELATIVITY,4,790,69,True
2025-12-18 19:30:40,Standard,RELATIVITY,5,790,69,True
2025-12-18 19:30:40,Standard,RELATIVITY,6,790,69,True
2025-12-18 19:30:41,Standard,RELATIVITY,7,790,69,True
2025-12-18 19:30:41,Standard,RELATIVITY,8,790,69,True
2025-12-18 19:30:41,Standard,RELATIVITY,9,790,69,True
2025-12-18 19:30:42,Standard,RELATIVITY,10,790,69,True
2025-12-18 19:30:42,Standard,RELATIVITY,11,790,69,True
2025-12-18 19:30:42,Standard,RELATIVITY,12,790,69,True
2025-12-18 19:30:43,Standard,RELATIVITY,13,790,69,True
2025-12-18 19:30:43,Standard,RELATIVITY,14,790,69,True
2025-12-18 19:30:43,Standard,RELATIVITY,15,790,69,True
2025-12-18 19:30:44,Standard,RELATIVITY,16,790,69,True
2025-12-18 19:30:44,Standard,RELATIVITY,17,790,69,True
2025-12-18 19:30:44,Standard,RELATIVITY,18,790,69,True
2025-12-18 19:30:45,Standard,RELATIVITY,19,790,69,True
2025-12-18 19:30:45,Standard,RELATIVITY,20,790,69,True
2025-12-18 19:30:45,Standard,RELATIVITY,21,790,69,True
2025-12-18 19:30:46,Standard,RELATIVITY,22,790,69,True
2025-12-18 19:30:46,Standard,RELATIVITY,23,790,69,True
2025-12-18 19:30:46,Standard,RELATIVITY,24,790,69,True
2025-12-18 19:30:46,Standard,RELATIVITY,25,790,69,True
2025-12-18 19:30:47,Standard,RELATIVITY,26,790,69,True
2025-12-18 19:30:47,Standard,RELATIVITY,27,790,69,True
2025-12-18 19:30:47,Standard,RELATIVITY,28,790,69,True
2025-12-18 19:30:48,Standard,RELATIVITY,29,790,69,True
2025-12-18 19:30:48,Standard,RELATIVITY,30,790,69,True
2025-12-18 19:30:48,Standard,RELATIVITY,31,790,69,True
2025-12-18 19:30:49,Standard,RELATIVITY,32,790,69,True
2025-12-18 19:30:49,Standard,RELATIVITY,33,790,69,True
2025-12-18 19:30:49,Standard,RELATIVITY,34,790,69,True
2025-12-18 19:30:50,Standard,RELATIVITY,35,790,69,True
2025-12-18 19:30:50,Standard,RELATIVITY,36,790,69,True
2025-12-18 19:30:50,Standard,RELATIVITY,37,790,69,True
2025-12-18 19:30:51,Standard,RELATIVITY,38,790,69,True
2025-12-18 19:30:51,Standard,RELATIVITY,39,790,69,True
2025-12-18 19:30:51,Standard,RELATIVITY,40,790,69,True
2025-12-18 19:30:52,Standard,RELATIVITY,41,790,69,True
2025-12-18 19:30:52,Standard,RELATIVITY,42,790,69,True
2025-12-18 19:30:52,Standard,RELATIVITY,43,790,69,True
2025-12-18 19:30:52,Standard,RELATIVITY,44,790,69,True
2025-12-18 19:30:53,Standard,RELATIVITY,45,790,69,True
2025-12-18 19:30:53,Standard,RELATIVITY,46,790,69,True
2025-12-18 19:30:53,Standard,RELATIVITY,47,790,69,True
2025-12-18 19:30:54,Standard,RELATIVITY,48,790,69,True
2025-12-18 19:30:54,Standard,RELATIVITY,49,790,69,True
2025-12-18 19:30:54,Standard,RELATIVITY,50,790,69,True
2025-12-18 19:30:55,Standard,RELATIVITY,51,790,69,True
2025-12-18 19:30:55,Standard,RELATIVITY,52,790,69,True
2025-12-18 19:30:55,Standard,RELATIVITY,53,790,69,True
2025-12-18 19:30:56,Standard,RELATIVITY,54,790,69,True
2025-12-18 19:30:56,Standard,RELATIVITY,55,790,69,True
2025-12-18 19:30:56,Standard,RELATIVITY,56,790,69,True
2025-12-18 19:30:57,Standard,RELATIVITY,57,790,69,True
2025-12-18 19:30:57,Standard,RELATIVITY,58,790,69,True
2025-12-18 19:30:57,Standard,RELATIVITY,59,790,69,True
2025-12-18 19:30:58,Standard,RELATIVITY,60,790,69,True
2025-12-18 19:30:58,Standard,RELATIVITY,61,790,69,True
2025-12-18 19:30:58,Standard,RELATIVITY,62,790,69,True
2025-12-18 19:30:58,Standard,RELATIVITY,63,790,69,True
2025-12-18 19:30:59,Standard,RELATIVITY,64,790,69,True
2025-12-18 19:30:59,Standard,RELATIVITY,65,790,69,True
2025-12-18 19:30:59,Standard,RELATIVITY,66,790,69,True
2025-12-18 19:31:00,Standard,RELATIVITY,67,790,69,True
2025-12-18 19:31:00,Standard,RELATIVITY,68,790,69,True
2025-12-18 19:31:00,Standard,RELATIVITY,69,790,69,True
2025-12-18 19:31:01,Standard,RELATIVITY,70,790,69,True
2025-12-18 19:31:01,Standard,RELATIVITY,71,790,69,True
2025-12-18 19:31:01,Standard,RELATIVITY,72,790,69,True
2025-12-18 19:31:02,Standard,RELATIVITY,73,790,69,True
2025-12-18 19:31:02,Standard,RELATIVITY,74,790,69,True
2025-12-18 19:31:02,Standard,RELATIVITY,75,790,69,True
2025-12-18 19:31:03,Standard,RELATIVITY,76,790,69,True
2025-12-18 19:31:03,Standard,RELATIVITY,77,790,69,True
2025-12-18 19:31:03,Standard,RELATIVITY,78,790,69,True
2025-12-18 19:31:03,Standard,RELATIVITY,79,790,69,True
2025-12-18 19:31:04,Standard,RELATIVITY,80,790,69,True
2025-12-18 19:31:04,Standard,RELATIVITY,81,790,69,True
2025-12-18 19:31:04,Standard,RELATIVITY,82,790,69,True
2025-12-18 19:31:05,Standard,RELATIVITY,83,790,69,True
2025-12-18 19:31:05,Standard,RELATIVITY,84,790,69,True
2025-12-18 19:31:05,Standard,RELATIVITY,85,790,69,True
2025-12-18 19:31:06,Standard,RELATIVITY,86,790,69,True
2025-12-18 19:31:06,Standard,RELATIVITY,87,790,69,True
2025-12-18 19:31:06,Standard,RELATIVITY,88,790,69,True
2025-12-18 19:31:07,Standard,RELATIVITY,89,790,69,True
2025-12-18 19:31:07,Standard,RELATIVITY,90,790,69,True
2025-12-18 19:31:07,Standard,RELATIVITY,91,790,69,True
2025-12-18 19:31:08,Standard,RELATIVITY,92,790,69,True
2025-12-18 19:31:08,Standard,RELATIVITY,93,790,69,True
2025-12-18 19:31:08,Standard,RELATIVITY,94,790,69,True
2025-12-18 19:31:09,Standard,RELATIVITY,95,790,69,True
2025-12-18 19:31:09,Standard,RELATIVITY,96,790,69,True
2025-12-18 19:31:09,Standard,RELATIVITY,97,790,69,True
2025-12-18 19:31:09,Standard,RELATIVITY,98,790,69,True
2025-12-18 19:31:10,Standard,RELATIVITY,99,790,69,True
2025-12-18 19:31:10,Standard,RELATIVITY,100,790,69,True
2025-12-18 19:31:10,Standard,INFORMATION,1,790,69,True
2025-12-18 19:31:11,Standard,INFORMATION,2,790,69,True
2025-12-18 19:31:11,Standard,INFORMATION,3,790,69,True
2025-12-18 19:31:11,Standard,INFORMATION,4,790,69,True
2025-12-18 19:31:12,Standard,INFORMATION,5,790,69,True
2025-12-18 19:31:12,Standard,INFORMATION,6,790,69,True
2025-12-18 19:31:12,Standard,INFORMATION,7,790,69,True
2025-12-18 19:31:13,Standard,INFORMATION,8,790,69,True
2025-12-18 19:31:13,Standard,INFORMATION,9,790,69,True
2025-12-18 19:31:13,Standard,INFORMATION,10,790,69,True
2025-12-18 19:31:14,Standard,INFORMATION,11,790,69,True
2025-12-18 19:31:14,Standard,INFORMATION,12,790,69,True
2025-12-18 19:31:14,Standard,INFORMATION,13,790,69,True
2025-12-18 19:31:15,Standard,INFORMATION,14,790,69,True
2025-12-18 19:31:15,Standard,INFORMATION,15,790,69,True
2025-12-18 19:31:15,Standard,INFORMATION,16,790,69,True
2025-12-18 19:31:16,Standard,INFORMATION,17,790,69,True
2025-12-18 19:31:16,Standard,INFORMATION,18,790,69,True
2025-12-18 19:31:16,Standard,INFORMATION,19,790,69,True
2025-12-18 19:31:16,Standard,INFORMATION,20,790,69,True
2025-12-18 19:31:17,Standard,INFORMATION,21,790,69,True
2025-12-18 19:31:17,Standard,INFORMATION,22,790,69,True
2025-12-18 19:31:17,Standard,INFORMATION,23,790,69,True
2025-12-18 19:31:18,Standard,INFORMATION,24,790,69,True
2025-12-18 19:31:18,Standard,INFORMATION,25,790,69,True
2025-12-18 19:31:18,Standard,INFORMATION,26,790,69,True
2025-12-18 19:31:19,Standard,INFORMATION,27,790,69,True
2025-12-18 19:31:19,Standard,INFORMATION,28,790,69,True
2025-12-18 19:31:19,Standard,INFORMATION,29,790,69,True
2025-12-18 19:31:20,Standard,INFORMATION,30,790,69,True
2025-12-18 19:31:20,Standard,INFORMATION,31,790,69,True
2025-12-18 19:31:20,Standard,INFORMATION,32,790,69,True
2025-12-18 19:31:21,Standard,INFORMATION,33,790,69,True
2025-12-18 19:31:21,Standard,INFORMATION,34,790,69,True
2025-12-18 19:31:21,Standard,INFORMATION,35,790,69,True
2025-12-18 19:31:22,Standard,INFORMATION,36,790,69,True
2025-12-18 19:31:22,Standard,INFORMATION,37,790,69,True
2025-12-18 19:31:22,Standard,INFORMATION,38,790,69,True
2025-12-18 19:31:22,Standard,INFORMATION,39,790,69,True
2025-12-18 19:31:23,Standard,INFORMATION,40,790,69,True
2025-12-18 19:31:23,Standard,INFORMATION,41,790,69,True
2025-12-18 19:31:23,Standard,INFORMATION,42,790,69,True
2025-12-18 19:31:24,Standard,INFORMATION,43,790,69,True
2025-12-18 19:31:24,Standard,INFORMATION,44,790,69,True
2025-12-18 19:31:24,Standard,INFORMATION,45,790,69,True
2025-12-18 19:31:25,Standard,INFORMATION,46,790,69,True
2025-12-18 19:31:25,Standard,INFORMATION,47,790,69,True
2025-12-18 19:31:25,Standard,INFORMATION,48,790,69,True
2025-12-18 19:31:26,Standard,INFORMATION,49,790,69,True
2025-12-18 19:31:26,Standard,INFORMATION,50,790,69,True
2025-12-18 19:31:26,Standard,INFORMATION,51,790,69,True
2025-12-18 19:31:27,Standard,INFORMATION,52,790,69,True
2025-12-18 19:31:27,Standard,INFORMATION,53,790,69,True
2025-12-18 19:31:27,Standard,INFORMATION,54,790,69,True
2025-12-18 19:31:28,Standard,INFORMATION,55,790,69,True
2025-12-18 19:31:28,Standard,INFORMATION,56,790,69,True
2025-12-18 19:31:28,Standard,INFORMATION,57,790,69,True
2025-12-18 19:31:28,Standard,INFORMATION,58,790,69,True
2025-12-18 19:31:29,Standard,INFORMATION,59,790,69,True
2025-12-18 19:31:29,Standard,INFORMATION,60,790,69,True
2025-12-18 19:31:29,Standard,INFORMATION,61,790,69,True
2025-12-18 19:31:30,Standard,INFORMATION,62,790,69,True
2025-12-18 19:31:30,Standard,INFORMATION,63,790,69,True
2025-12-18 19:31:30,Standard,INFORMATION,64,790,69,True
2025-12-18 19:31:31,Standard,INFORMATION,65,790,69,True
2025-12-18 19:31:31,Standard,INFORMATION,66,790,69,True
2025-12-18 19:31:31,Standard,INFORMATION,67,790,69,True
2025-12-18 19:31:32,Standard,INFORMATION,68,790,69,True
2025-12-18 19:31:32,Standard,INFORMATION,69,790,69,True
2025-12-18 19:31:32,Standard,INFORMATION,70,790,69,True
2025-12-18 19:31:33,Standard,INFORMATION,71,790,69,True
2025-12-18 19:31:33,Standard,INFORMATION,72,790,69,True
2025-12-18 19:31:33,Standard,INFORMATION,73,790,69,True
2025-12-18 19:31:34,Standard,INFORMATION,74,790,69,True
2025-12-18 19:31:34,Standard,INFORMATION,75,790,69,True
2025-12-18 19:31:34,Standard,INFORMATION,76,790,69,True
2025-12-18 19:31:34,Standard,INFORMATION,77,790,69,True
2025-12-18 19:31:35,Standard,INFORMATION,78,790,69,True
2025-12-18 19:31:35,Standard,INFORMATION,79,790,69,True
2025-12-18 19:31:35,Standard,INFORMATION,80,790,69,True
2025-12-18 19:31:36,Standard,INFORMATION,81,790,69,True
2025-12-18 19:31:36,Standard,INFORMATION,82,790,69,True
2025-12-18 19:31:36,Standard,INFORMATION,83,790,69,True
2025-12-18 19:31:37,Standard,INFORMATION,84,790,69,True
2025-12-18 19:31:37,Standard,INFORMATION,85,790,69,True
2025-12-18 19:31:37,Standard,INFORMATION,86,790,69,True
2025-12-18 19:31:38,Standard,INFORMATION,87,790,69,True
2025-12-18 19:31:38,Standard,INFORMATION,88,790,69,True
2025-12-18 19:31:38,Standard,INFORMATION,89,790,69,True
2025-12-18 19:31:39,Standard,INFORMATION,90,790,69,True
2025-12-18 19:31:39,Standard,INFORMATION,91,790,69,True
2025-12-18 19:31:39,Standard,INFORMATION,92,790,69,True
2025-12-18 19:31:40,Standard,INFORMATION,93,790,69,True
2025-12-18 19:31:40,Standard,INFORMATION,94,790,69,True
2025-12-18 19:31:40,Standard,INFORMATION,95,790,69,True
2025-12-18 19:31:41,Standard,INFORMATION,96,790,69,True
2025-12-18 19:31:41,Standard,INFORMATION,97,790,69,True
2025-12-18 19:31:41,Standard,INFORMATION,98,790,69,True
2025-12-18 19:31:42,Standard,INFORMATION,99,790,69,True
2025-12-18 19:31:42,Standard,INFORMATION,100,790,69,True
2025-12-18 19:31:42,QuantumMaze,QUANTUM,1,120,17,True
2025-12-18 19:31:42,QuantumMaze,QUANTUM,2,120,17,True
2025-12-18 19:31:42,QuantumMaze,QUANTUM,3,120,17,True
2025-12-18 19:31:42,QuantumMaze,QUANTUM,4,120,17,True
2025-12-18 19:31:42,QuantumMaze,QUANTUM,5,120,17,True
2025-12-18 19:31:42,QuantumMaze,QUANTUM,6,120,17,True
2025-12-18 19:31:42,QuantumMaze,QUANTUM,7,120,17,True
2025-12-18 19:31:42,QuantumMaze,QUANTUM,8,120,17,True
2025-12-18 19:31:42,QuantumMaze,QUANTUM,9,120,17,True
2025-12-18 19:31:42,QuantumMaze,QUANTUM,10,120,17,True
2025-12-18 19:31:42,QuantumMaze,QUANTUM,11,120,17,True
2025-12-18 19:31:42,QuantumMaze,QUANTUM,12,120,17,True
2025-12-18 19:31:42,QuantumMaze,QUANTUM,13,120,17,True
2025-12-18 19:31:42,QuantumMaze,QUANTUM,14,120,17,True
2025-12-18 19:31:43,QuantumMaze,QUANTUM,15,120,17,True
2025-12-18 19:31:43,QuantumMaze,QUANTUM,16,120,17,True
2025-12-18 19:31:43,QuantumMaze,QUANTUM,17,120,17,True
2025-12-18 19:31:43,QuantumMaze,QUANTUM,18,120,17,True
2025-12-18 19:31:43,QuantumMaze,QUANTUM,19,120,17,True
2025-12-18 19:31:43,QuantumMaze,QUANTUM,20,120,17,True
2025-12-18 19:31:43,QuantumMaze,QUANTUM,21,120,17,True
2025-12-18 19:31:43,QuantumMaze,QUANTUM,22,120,17,True
2025-12-18 19:31:43,QuantumMaze,QUANTUM,23,120,17,True
2025-12-18 19:31:43,QuantumMaze,QUANTUM,24,120,17,True
2025-12-18 19:31:43,QuantumMaze,QUANTUM,25,120,17,True
2025-12-18 19:31:43,QuantumMaze,QUANTUM,26,120,17,True
2025-12-18 19:31:43,QuantumMaze,QUANTUM,27,120,17,True
2025-12-18 19:31:43,QuantumMaze,QUANTUM,28,120,17,True
2025-12-18 19:31:43,QuantumMaze,QUANTUM,29,120,17,True
2025-12-18 19:31:43,QuantumMaze,QUANTUM,30,120,17,True
2025-12-18 19:31:43,QuantumMaze,QUANTUM,31,120,17,True
2025-12-18 19:31:43,QuantumMaze,QUANTUM,32,120,17,True
2025-12-18 19:31:43,QuantumMaze,QUANTUM,33,120,17,True
2025-12-18 19:31:43,QuantumMaze,QUANTUM,34,120,17,True
2025-12-18 19:31:43,QuantumMaze,QUANTUM,35,120,17,True
2025-12-18 19:31:43,QuantumMaze,QUANTUM,36,120,17,True
2025-12-18 19:31:43,QuantumMaze,QUANTUM,37,120,17,True
2025-12-18 19:31:44,QuantumMaze,QUANTUM,38,120,17,True
2025-12-18 19:31:44,QuantumMaze,QUANTUM,39,120,17,True
2025-12-18 19:31:44,QuantumMaze,QUANTUM,40,120,17,True
2025-12-18 19:31:44,QuantumMaze,QUANTUM,41,120,17,True
2025-12-18 19:31:44,QuantumMaze,QUANTUM,42,120,17,True
2025-12-18 19:31:44,QuantumMaze,QUANTUM,43,120,17,True
2025-12-18 19:31:44,QuantumMaze,QUANTUM,44,120,17,True
2025-12-18 19:31:44,QuantumMaze,QUANTUM,45,120,17,True
2025-12-18 19:31:44,QuantumMaze,QUANTUM,46,120,17,True
2025-12-18 19:31:44,QuantumMaze,QUANTUM,47,120,17,True
2025-12-18 19:31:44,QuantumMaze,QUANTUM,48,120,17,True
2025-12-18 19:31:44,QuantumMaze,QUANTUM,49,120,17,True
2025-12-18 19:31:44,QuantumMaze,QUANTUM,50,120,17,True
2025-12-18 19:31:44,QuantumMaze,QUANTUM,51,120,17,True
2025-12-18 19:31:44,QuantumMaze,QUANTUM,52,120,17,True
2025-12-18 19:31:44,QuantumMaze,QUANTUM,53,120,17,True
2025-12-18 19:31:44,QuantumMaze,QUANTUM,54,120,17,True
2025-12-18 19:31:44,QuantumMaze,QUANTUM,55,120,17,True
2025-12-18 19:31:44,QuantumMaze,QUANTUM,56,120,17,True
2025-12-18 19:31:44,QuantumMaze,QUANTUM,57,120,17,True
2025-12-18 19:31:44,QuantumMaze,QUANTUM,58,120,17,True
2025-12-18 19:31:44,QuantumMaze,QUANTUM,59,120,17,True
2025-12-18 19:31:44,QuantumMaze,QUANTUM,60,120,17,True
2025-12-18 19:31:44,QuantumMaze,QUANTUM,61,120,17,True
2025-12-18 19:31:45,QuantumMaze,QUANTUM,62,120,17,True
2025-12-18 19:31:45,QuantumMaze,QUANTUM,63,120,17,True
2025-12-18 19:31:45,QuantumMaze,QUANTUM,64,120,17,True
2025-12-18 19:31:45,QuantumMaze,QUANTUM,65,120,17,True
2025-12-18 19:31:45,QuantumMaze,QUANTUM,66,120,17,True
2025-12-18 19:31:45,QuantumMaze,QUANTUM,67,120,17,True
2025-12-18 19:31:45,QuantumMaze,QUANTUM,68,120,17,True
2025-12-18 19:31:45,QuantumMaze,QUANTUM,69,120,17,True
2025-12-18 19:31:45,QuantumMaze,QUANTUM,70,120,17,True
2025-12-18 19:31:45,QuantumMaze,QUANTUM,71,120,17,True
2025-12-18 19:31:45,QuantumMaze,QUANTUM,72,120,17,True
2025-12-18 19:31:45,QuantumMaze,QUANTUM,73,120,17,True
2025-12-18 19:31:45,QuantumMaze,QUANTUM,74,120,17,True
2025-12-18 19:31:45,QuantumMaze,QUANTUM,75,120,17,True
2025-12-18 19:31:45,QuantumMaze,QUANTUM,76,120,17,True
2025-12-18 19:31:45,QuantumMaze,QUANTUM,77,120,17,True
2025-12-18 19:31:45,QuantumMaze,QUANTUM,78,120,17,True
2025-12-18 19:31:45,QuantumMaze,QUANTUM,79,120,17,True
2025-12-18 19:31:45,QuantumMaze,QUANTUM,80,120,17,True
2025-12-18 19:31:45,QuantumMaze,QUANTUM,81,120,17,True
2025-12-18 19:31:45,QuantumMaze,QUANTUM,82,120,17,True
2025-12-18 19:31:45,QuantumMaze,QUANTUM,83,120,17,True
2025-12-18 19:31:45,QuantumMaze,QUANTUM,84,120,17,True
2025-12-18 19:31:46,QuantumMaze,QUANTUM,85,120,17,True
2025-12-18 19:31:46,QuantumMaze,QUANTUM,86,120,17,True
2025-12-18 19:31:46,QuantumMaze,QUANTUM,87,120,17,True
2025-12-18 19:31:46,QuantumMaze,QUANTUM,88,120,17,True
2025-12-18 19:31:46,QuantumMaze,QUANTUM,89,120,17,True
2025-12-18 19:31:46,QuantumMaze,QUANTUM,90,120,17,True
2025-12-18 19:31:46,QuantumMaze,QUANTUM,91,120,17,True
2025-12-18 19:31:46,QuantumMaze,QUANTUM,92,120,17,True
2025-12-18 19:31:46,QuantumMaze,QUANTUM,93,120,17,True
2025-12-18 19:31:46,QuantumMaze,QUANTUM,94,120,17,True
2025-12-18 19:31:46,QuantumMaze,QUANTUM,95,120,17,True
2025-12-18 19:31:46,QuantumMaze,QUANTUM,96,120,17,True
2025-12-18 19:31:46,QuantumMaze,QUANTUM,97,120,17,True
2025-12-18 19:31:46,QuantumMaze,QUANTUM,98,120,17,True
2025-12-18 19:31:46,QuantumMaze,QUANTUM,99,120,17,True
2025-12-18 19:31:46,QuantumMaze,QUANTUM,100,120,17,True
2025-12-18 19:31:47,QuantumMaze,PHYSICS,1,1410,200,True
2025-12-18 19:31:48,QuantumMaze,PHYSICS,2,1410,200,True
2025-12-18 19:31:49,QuantumMaze,PHYSICS,3,1410,200,True
2025-12-18 19:31:50,QuantumMaze,PHYSICS,4,1410,200,True
2025-12-18 19:31:52,QuantumMaze,PHYSICS,5,1410,200,True
2025-12-18 19:31:53,QuantumMaze,PHYSICS,6,1410,200,True
2025-12-18 19:31:54,QuantumMaze,PHYSICS,7,1410,200,True
2025-12-18 19:31:55,QuantumMaze,PHYSICS,8,1410,200,True
2025-12-18 19:31:56,QuantumMaze,PHYSICS,9,1410,200,True
2025-12-18 19:31:57,QuantumMaze,PHYSICS,10,1410,200,True
2025-12-18 19:31:58,QuantumMaze,PHYSICS,11,1410,200,True
2025-12-18 19:31:59,QuantumMaze,PHYSICS,12,1410,200,True
2025-12-18 19:32:00,QuantumMaze,PHYSICS,13,1410,200,True
2025-12-18 19:32:01,QuantumMaze,PHYSICS,14,1410,200,True
2025-12-18 19:32:02,QuantumMaze,PHYSICS,15,1410,200,True
2025-12-18 19:32:03,QuantumMaze,PHYSICS,16,1410,200,True
2025-12-18 19:32:05,QuantumMaze,PHYSICS,17,1410,200,True
2025-12-18 19:32:06,QuantumMaze,PHYSICS,18,1410,200,True
2025-12-18 19:32:07,QuantumMaze,PHYSICS,19,1410,200,True
2025-12-18 19:32:08,QuantumMaze,PHYSICS,20,1410,200,True
2025-12-18 19:32:09,QuantumMaze,PHYSICS,21,1410,200,True
2025-12-18 19:32:10,QuantumMaze,PHYSICS,22,1410,200,True
2025-12-18 19:32:11,QuantumMaze,PHYSICS,23,1410,200,True
2025-12-18 19:32:12,QuantumMaze,PHYSICS,24,1410,200,True
2025-12-18 19:32:14,QuantumMaze,PHYSICS,25,1410,200,True
2025-12-18 19:32:15,QuantumMaze,PHYSICS,26,1410,200,True
2025-12-18 19:32:16,QuantumMaze,PHYSICS,27,1410,200,True
2025-12-18 19:32:17,QuantumMaze,PHYSICS,28,1410,200,True
2025-12-18 19:32:18,QuantumMaze,PHYSICS,29,1410,200,True
2025-12-18 19:32:19,QuantumMaze,PHYSICS,30,1410,200,True
2025-12-18 19:32:20,QuantumMaze,PHYSICS,31,1410,200,True
2025-12-18 19:32:21,QuantumMaze,PHYSICS,32,1410,200,True
2025-12-18 19:32:22,QuantumMaze,PHYSICS,33,1410,200,True
2025-12-18 19:32:23,QuantumMaze,PHYSICS,34,1410,200,True
2025-12-18 19:32:24,QuantumMaze,PHYSICS,35,1410,200,True
2025-12-18 19:32:25,QuantumMaze,PHYSICS,36,1410,200,True
2025-12-18 19:32:27,QuantumMaze,PHYSICS,37,1410,200,True
2025-12-18 19:32:28,QuantumMaze,PHYSICS,38,1410,200,True
2025-12-18 19:32:29,QuantumMaze,PHYSICS,39,1410,200,True
2025-12-18 19:32:30,QuantumMaze,PHYSICS,40,1410,200,True
2025-12-18 19:32:31,QuantumMaze,PHYSICS,41,1410,200,True
2025-12-18 19:32:32,QuantumMaze,PHYSICS,42,1410,200,True
2025-12-18 19:32:33,QuantumMaze,PHYSICS,43,1410,200,True
2025-12-18 19:32:34,QuantumMaze,PHYSICS,44,1410,200,True
2025-12-18 19:32:35,QuantumMaze,PHYSICS,45,1410,200,True
2025-12-18 19:32:36,QuantumMaze,PHYSICS,46,1410,200,True
2025-12-18 19:32:37,QuantumMaze,PHYSICS,47,1410,200,True
2025-12-18 19:32:38,QuantumMaze,PHYSICS,48,1410,200,True
2025-12-18 19:32:39,QuantumMaze,PHYSICS,49,1410,200,True
2025-12-18 19:32:41,QuantumMaze,PHYSICS,50,1410,200,True
2025-12-18 19:32:42,QuantumMaze,PHYSICS,51,1410,200,True
2025-12-18 19:32:43,QuantumMaze,PHYSICS,52,1410,200,True
2025-12-18 19:32:44,QuantumMaze,PHYSICS,53,1410,200,True
2025-12-18 19:32:45,QuantumMaze,PHYSICS,54,1410,200,True
2025-12-18 19:32:46,QuantumMaze,PHYSICS,55,1410,200,True
2025-12-18 19:32:47,QuantumMaze,PHYSICS,56,1410,200,True
2025-12-18 19:32:48,QuantumMaze,PHYSICS,57,1410,200,True
2025-12-18 19:32:49,QuantumMaze,PHYSICS,58,1410,200,True
2025-12-18 19:32:50,QuantumMaze,PHYSICS,59,1410,200,True
2025-12-18 19:32:51,QuantumMaze,PHYSICS,60,1410,200,True
2025-12-18 19:32:53,QuantumMaze,PHYSICS,61,1410,200,True
2025-12-18 19:32:54,QuantumMaze,PHYSICS,62,1410,200,True
2025-12-18 19:32:55,QuantumMaze,PHYSICS,63,1410,200,True
2025-12-18 19:32:56,QuantumMaze,PHYSICS,64,1410,200,True
2025-12-18 19:32:57,QuantumMaze,PHYSICS,65,1410,200,True
2025-12-18 19:32:58,QuantumMaze,PHYSICS,66,1410,200,True
2025-12-18 19:32:59,QuantumMaze,PHYSICS,67,1410,200,True
2025-12-18 19:33:00,QuantumMaze,PHYSICS,68,1410,200,True
2025-12-18 19:33:01,QuantumMaze,PHYSICS,69,1410,200,True
2025-12-18 19:33:02,QuantumMaze,PHYSICS,70,1410,200,True
2025-12-18 19:33:04,QuantumMaze,PHYSICS,71,1410,200,True
2025-12-18 19:33:05,QuantumMaze,PHYSICS,72,1410,200,True
2025-12-18 19:38:42,Standard,QUANTUM,1,790,69,True
2025-12-18 19:38:43,Standard,QUANTUM,2,790,69,True
2025-12-18 19:38:43,Standard,QUANTUM,3,790,69,True
2025-12-18 19:38:43,Standard,QUANTUM,4,790,69,True
2025-12-18 19:38:44,Standard,QUANTUM,5,790,69,True
2025-12-18 19:38:44,Standard,QUANTUM,6,790,69,True
2025-12-18 19:38:44,Standard,QUANTUM,7,790,69,True
2025-12-18 19:38:45,Standard,QUANTUM,8,790,69,True
2025-12-18 19:38:45,Standard,QUANTUM,9,790,69,True
2025-12-18 19:38:45,Standard,QUANTUM,10,790,69,True
2025-12-18 19:38:45,Standard,PHYSICS,1,80,10,True
2025-12-18 19:38:45,Standard,PHYSICS,2,80,10,True
2025-12-18 19:38:45,Standard,PHYSICS,3,80,10,True
2025-12-18 19:38:45,Standard,PHYSICS,4,80,10,True
2025-12-18 19:38:45,Standard,PHYSICS,5,80,10,True
2025-12-18 19:38:46,Standard,PHYSICS,6,80,10,True
2025-12-18 19:38:46,Standard,PHYSICS,7,80,10,True
2025-12-18 19:38:46,Standard,PHYSICS,8,80,10,True
2025-12-18 19:38:46,Standard,PHYSICS,9,80,10,True
2025-12-18 19:38:46,Standard,PHYSICS,10,80,10,True
2025-12-18 19:38:46,Standard,RELATIVITY,1,790,69,True
2025-12-18 19:38:46,Standard,RELATIVITY,2,790,69,True
2025-12-18 19:38:47,Standard,RELATIVITY,3,790,69,True
2025-12-18 19:38:47,Standard,RELATIVITY,4,790,69,True
2025-12-18 19:38:47,Standard,RELATIVITY,5,790,69,True
2025-12-18 19:38:48,Standard,RELATIVITY,6,790,69,True
2025-12-18 19:38:48,Standard,RELATIVITY,7,790,69,True
2025-12-18 19:38:48,Standard,RELATIVITY,8,790,69,True
2025-12-18 19:38:49,Standard,RELATIVITY,9,790,69,True
2025-12-18 19:38:49,Standard,RELATIVITY,10,790,69,True
2025-12-18 19:38:49,Standard,INFORMATION,1,790,69,True
2025-12-18 19:38:50,Standard,INFORMATION,2,790,69,True
2025-12-18 19:38:50,Standard,INFORMATION,3,790,69,True
2025-12-18 19:38:50,Standard,INFORMATION,4,790,69,True
2025-12-18 19:38:51,Standard,INFORMATION,5,790,69,True
2025-12-18 19:38:51,Standard,INFORMATION,6,790,69,True
2025-12-18 19:38:51,Standard,INFORMATION,7,790,69,True
2025-12-18 19:38:52,Standard,INFORMATION,8,790,69,True
2025-12-18 19:38:52,Standard,INFORMATION,9,790,69,True
2025-12-18 19:38:52,Standard,INFORMATION,10,790,69,True
2025-12-18 19:38:52,QuantumMaze,QUANTUM,1,120,17,True
2025-12-18 19:38:52,QuantumMaze,QUANTUM,2,120,17,True
2025-12-18 19:38:52,QuantumMaze,QUANTUM,3,120,17,True
2025-12-18 19:38:52,QuantumMaze,QUANTUM,4,120,17,True
2025-12-18 19:38:52,QuantumMaze,QUANTUM,5,120,17,True
2025-12-18 19:38:52,QuantumMaze,QUANTUM,6,120,17,True
2025-12-18 19:38:52,QuantumMaze,QUANTUM,7,120,17,True
2025-12-18 19:38:53,QuantumMaze,QUANTUM,8,120,17,True
2025-12-18 19:38:53,QuantumMaze,QUANTUM,9,120,17,True
2025-12-18 19:38:53,QuantumMaze,QUANTUM,10,120,17,True
2025-12-18 19:38:54,QuantumMaze,PHYSICS,1,1410,200,True
2025-12-18 19:38:55,QuantumMaze,PHYSICS,2,1410,200,True
2025-12-18 19:38:56,QuantumMaze,PHYSICS,3,1410,200,True
2025-12-18 19:38:57,QuantumMaze,PHYSICS,4,1410,200,True
2025-12-18 19:38:58,QuantumMaze,PHYSICS,5,1410,200,True
2025-12-18 19:39:00,QuantumMaze,PHYSICS,6,1410,200,True
2025-12-18 19:39:01,QuantumMaze,PHYSICS,7,1410,200,True
2025-12-18 19:39:02,QuantumMaze,PHYSICS,8,1410,200,True
2025-12-18 19:39:03,QuantumMaze,PHYSICS,9,1410,200,True
2025-12-18 19:39:04,QuantumMaze,PHYSICS,10,1410,200,True
2025-12-18 19:39:04,QuantumMaze,RELATIVITY,1,120,17,True
2025-12-18 19:39:04,QuantumMaze,RELATIVITY,2,120,17,True
2025-12-18 19:39:04,QuantumMaze,RELATIVITY,3,120,17,True
2025-12-18 19:39:04,QuantumMaze,RELATIVITY,4,120,17,True
2025-12-18 19:39:04,QuantumMaze,RELATIVITY,5,120,17,True
2025-12-18 19:39:04,QuantumMaze,RELATIVITY,6,120,17,True
2025-12-18 19:39:04,QuantumMaze,RELATIVITY,7,120,17,True
2025-12-18 19:39:04,QuantumMaze,RELATIVITY,8,120,17,True
2025-12-18 19:39:04,QuantumMaze,RELATIVITY,9,120,17,True
2025-12-18 19:39:04,QuantumMaze,RELATIVITY,10,120,17,True
2025-12-18 19:39:04,QuantumMaze,INFORMATION,1,120,17,True
2025-12-18 19:39:05,QuantumMaze,INFORMATION,2,120,17,True
2025-12-18 19:39:05,QuantumMaze,INFORMATION,3,120,17,True
2025-12-18 19:39:05,QuantumMaze,INFORMATION,4,120,17,True
2025-12-18 19:39:05,QuantumMaze,INFORMATION,5,120,17,True
2025-12-18 19:39:05,QuantumMaze,INFORMATION,6,120,17,True
2025-12-18 19:39:05,QuantumMaze,INFORMATION,7,120,17,True
2025-12-18 19:39:05,QuantumMaze,INFORMATION,8,120,17,True
2025-12-18 19:39:05,QuantumMaze,INFORMATION,9,120,17,True
2025-12-18 19:39:05,QuantumMaze,INFORMATION,10,120,17,True
2025-12-18 19:39:06,PhysicsMaze,QUANTUM,1,340,200,True
2025-12-18 19:39:07,PhysicsMaze,QUANTUM,2,340,200,True
2025-12-18 19:39:08,PhysicsMaze,QUANTUM,3,340,200,True
2025-12-18 19:39:09,PhysicsMaze,QUANTUM,4,340,200,True
2025-12-18 19:39:10,PhysicsMaze,QUANTUM,5,340,200,True
2025-12-18 19:39:11,PhysicsMaze,QUANTUM,6,340,200,True
2025-12-18 19:39:12,PhysicsMaze,QUANTUM,7,340,200,True
2025-12-18 19:39:13,PhysicsMaze,QUANTUM,8,340,200,True
2025-12-18 19:39:14,PhysicsMaze,QUANTUM,9,340,200,True
2025-12-18 19:39:15,PhysicsMaze,QUANTUM,10,340,200,True
2025-12-18 19:39:16,PhysicsMaze,PHYSICS,1,130,30,True
2025-12-18 19:39:16,PhysicsMaze,PHYSICS,2,130,30,True
2025-12-18 19:39:16,PhysicsMaze,PHYSICS,3,130,30,True
2025-12-18 19:39:16,PhysicsMaze,PHYSICS,4,130,30,True
2025-12-18 19:39:17,PhysicsMaze,PHYSICS,5,130,30,True
2025-12-18 19:39:17,PhysicsMaze,PHYSICS,6,130,30,True
2025-12-18 19:39:17,PhysicsMaze,PHYSICS,7,130,30,True
2025-12-18 19:39:17,PhysicsMaze,PHYSICS,8,130,30,True
2025-12-18 19:39:17,PhysicsMaze,PHYSICS,9,130,30,True
2025-12-18 19:39:18,PhysicsMaze,PHYSICS,10,130,30,True
2025-12-18 19:39:19,PhysicsMaze,RELATIVITY,1,40,200,True
2025-12-18 19:39:20,PhysicsMaze,RELATIVITY,2,40,200,True
2025-12-18 19:39:21,PhysicsMaze,RELATIVITY,3,40,200,True
2025-12-18 19:39:22,PhysicsMaze,RELATIVITY,4,40,200,True
2025-12-18 19:39:23,PhysicsMaze,RELATIVITY,5,40,200,True
2025-12-18 19:39:24,PhysicsMaze,RELATIVITY,6,40,200,True
2025-12-18 19:39:25,PhysicsMaze,RELATIVITY,7,40,200,True
2025-12-18 19:39:26,PhysicsMaze,RELATIVITY,8,40,200,True
2025-12-18 19:39:27,PhysicsMaze,RELATIVITY,9,40,200,True
2025-12-18 19:39:28,PhysicsMaze,RELATIVITY,10,40,200,True
2025-12-18 19:39:29,PhysicsMaze,INFORMATION,1,340,200,True
2025-12-18 19:39:30,PhysicsMaze,INFORMATION,2,340,200,True
2025-12-18 19:39:31,PhysicsMaze,INFORMATION,3,340,200,True
2025-12-18 19:39:32,PhysicsMaze,INFORMATION,4,340,200,True
2025-12-18 19:39:33,PhysicsMaze,INFORMATION,5,340,200,True
2025-12-18 19:39:35,PhysicsMaze,INFORMATION,6,340,200,True
2025-12-18 19:39:36,PhysicsMaze,INFORMATION,7,340,200,True
2025-12-18 19:39:37,PhysicsMaze,INFORMATION,8,340,200,True
2025-12-18 19:39:38,PhysicsMaze,INFORMATION,9,340,200,True
2025-12-18 19:39:39,PhysicsMaze,INFORMATION,10,340,200,True
2025-12-18 19:39:39,RelativityMaze,QUANTUM,1,140,18,True
2025-12-18 19:39:39,RelativityMaze,QUANTUM,2,140,18,True
2025-12-18 19:39:39,RelativityMaze,QUANTUM,3,140,18,True
2025-12-18 19:39:39,RelativityMaze,QUANTUM,4,140,18,True
2025-12-18 19:39:39,RelativityMaze,QUANTUM,5,140,18,True
2025-12-18 19:39:39,RelativityMaze,QUANTUM,6,140,18,True
2025-12-18 19:39:39,RelativityMaze,QUANTUM,7,140,18,True
2025-12-18 19:39:39,RelativityMaze,QUANTUM,8,140,18,True
2025-12-18 19:39:39,RelativityMaze,QUANTUM,9,140,18,True
2025-12-18 19:39:39,RelativityMaze,QUANTUM,10,140,18,True
2025-12-18 19:39:39,RelativityMaze,PHYSICS,1,140,18,True
2025-12-18 19:39:40,RelativityMaze,PHYSICS,2,140,18,True
2025-12-18 19:39:40,RelativityMaze,PHYSICS,3,140,18,True
2025-12-18 19:39:40,RelativityMaze,PHYSICS,4,140,18,True
2025-12-18 19:39:40,RelativityMaze,PHYSICS,5,140,18,True
2025-12-18 19:39:40,RelativityMaze,PHYSICS,6,140,18,True
2025-12-18 19:39:40,RelativityMaze,PHYSICS,7,140,18,True
2025-12-18 19:39:40,RelativityMaze,PHYSICS,8,140,18,True
2025-12-18 19:39:41,RelativityMaze,PHYSICS,9,140,18,True
2025-12-18 19:39:41,RelativityMaze,PHYSICS,10,140,18,True
2025-12-18 19:39:41,RelativityMaze,RELATIVITY,1,140,18,True
2025-12-18 19:39:41,RelativityMaze,RELATIVITY,2,140,18,True
2025-12-18 19:39:41,RelativityMaze,RELATIVITY,3,140,18,True
2025-12-18 19:39:41,RelativityMaze,RELATIVITY,4,140,18,True
2025-12-18 19:39:41,RelativityMaze,RELATIVITY,5,140,18,True
2025-12-18 19:39:41,RelativityMaze,RELATIVITY,6,140,18,True
2025-12-18 19:39:41,RelativityMaze,RELATIVITY,7,140,18,True
2025-12-18 19:39:41,RelativityMaze,RELATIVITY,8,140,18,True
2025-12-18 19:39:41,RelativityMaze,RELATIVITY,9,140,18,True
2025-12-18 19:39:41,RelativityMaze,RELATIVITY,10,140,18,True
2025-12-18 19:39:41,RelativityMaze,INFORMATION,1,140,18,True
2025-12-18 19:39:41,RelativityMaze,INFORMATION,2,140,18,True
2025-12-18 19:39:41,RelativityMaze,INFORMATION,3,140,18,True
2025-12-18 19:39:41,RelativityMaze,INFORMATION,4,140,18,True
2025-12-18 19:39:41,RelativityMaze,INFORMATION,5,140,18,True
2025-12-18 19:39:41,RelativityMaze,INFORMATION,6,140,18,True
2025-12-18 19:39:41,RelativityMaze,INFORMATION,7,140,18,True
2025-12-18 19:39:41,RelativityMaze,INFORMATION,8,140,18,True
2025-12-18 19:39:42,RelativityMaze,INFORMATION,9,140,18,True
2025-12-18 19:39:42,RelativityMaze,INFORMATION,10,140,18,True
2025-12-18 19:39:42,InformationMaze,QUANTUM,1,-2180,200,True
2025-12-18 19:39:42,InformationMaze,QUANTUM,2,-2180,200,True
2025-12-18 19:39:43,InformationMaze,QUANTUM,3,-2180,200,True
2025-12-18 19:39:43,InformationMaze,QUANTUM,4,-2180,200,True
2025-12-18 19:39:44,InformationMaze,QUANTUM,5,-2180,200,True
2025-12-18 19:39:44,InformationMaze,QUANTUM,6,-2180,200,True
2025-12-18 19:39:45,InformationMaze,QUANTUM,7,-2180,200,True
2025-12-18 19:39:45,InformationMaze,QUANTUM,8,-2180,200,True
2025-12-18 19:39:45,InformationMaze,QUANTUM,9,-2180,200,True
2025-12-18 19:39:46,InformationMaze,QUANTUM,10,-2180,200,True
2025-12-18 19:39:47,InformationMaze,PHYSICS,1,-2200,200,True
2025-12-18 19:39:49,InformationMaze,PHYSICS,2,-2200,200,True
2025-12-18 19:39:50,InformationMaze,PHYSICS,3,-2200,200,True
2025-12-18 19:39:52,InformationMaze,PHYSICS,4,-2200,200,True
2025-12-18 19:39:53,InformationMaze,PHYSICS,5,-2200,200,True
2025-12-18 19:39:55,InformationMaze,PHYSICS,6,-2200,200,True
2025-12-18 19:39:56,InformationMaze,PHYSICS,7,-2200,200,True
2025-12-18 19:39:57,InformationMaze,PHYSICS,8,-2200,200,True
2025-12-18 19:39:59,InformationMaze,PHYSICS,9,-2200,200,True
2025-12-18 19:40:00,InformationMaze,PHYSICS,10,-2200,200,True
2025-12-18 19:40:01,InformationMaze,RELATIVITY,1,-880,200,True
2025-12-18 19:40:01,InformationMaze,RELATIVITY,2,-880,200,True
2025-12-18 19:40:02,InformationMaze,RELATIVITY,3,-880,200,True
2025-12-18 19:40:03,InformationMaze,RELATIVITY,4,-880,200,True
2025-12-18 19:40:03,InformationMaze,RELATIVITY,5,-880,200,True
2025-12-18 19:40:04,InformationMaze,RELATIVITY,6,-880,200,True
2025-12-18 19:40:04,InformationMaze,RELATIVITY,7,-880,200,True
2025-12-18 19:40:05,InformationMaze,RELATIVITY,8,-880,200,True
2025-12-18 19:40:05,InformationMaze,RELATIVITY,9,-880,200,True
2025-12-18 19:40:06,InformationMaze,RELATIVITY,10,-880,200,True
2025-12-18 19:40:07,InformationMaze,INFORMATION,1,-880,200,True
2025-12-18 19:40:08,InformationMaze,INFORMATION,2,-880,200,True
2025-12-18 19:40:09,InformationMaze,INFORMATION,3,-880,200,True
2025-12-18 19:40:10,InformationMaze,INFORMATION,4,-880,200,True
2025-12-18 19:40:10,InformationMaze,INFORMATION,5,-880,200,True
2025-12-18 19:40:11,InformationMaze,INFORMATION,6,-880,200,True
2025-12-18 19:40:12,InformationMaze,INFORMATION,7,-880,200,True
2025-12-18 19:40:13,InformationMaze,INFORMATION,8,-880,200,True
2025-12-18 19:40:14,InformationMaze,INFORMATION,9,-880,200,True
2025-12-18 19:40:15,InformationMaze,INFORMATION,10,-880,200,True
2025-12-18 19:43:20,Standard,QUANTUM,1,790,69,True
2025-12-18 19:43:21,Standard,QUANTUM,2,790,69,True
2025-12-18 19:43:21,Standard,QUANTUM,3,790,69,True
2025-12-18 19:43:21,Standard,QUANTUM,4,790,69,True
2025-12-18 19:43:21,Standard,QUANTUM,5,790,69,True
2025-12-18 19:43:22,Standard,QUANTUM,6,790,69,True
2025-12-18 19:43:22,Standard,QUANTUM,7,790,69,True
2025-12-18 19:43:22,Standard,QUANTUM,8,790,69,True
2025-12-18 19:43:23,Standard,QUANTUM,9,790,69,True
2025-12-18 19:43:23,Standard,QUANTUM,10,790,69,True
2025-12-18 19:43:23,Standard,PHYSICS,1,80,10,True
2025-12-18 19:43:23,Standard,PHYSICS,2,80,10,True
2025-12-18 19:43:23,Standard,PHYSICS,3,80,10,True
2025-12-18 19:43:23,Standard,PHYSICS,4,80,10,True
2025-12-18 19:43:23,Standard,PHYSICS,5,80,10,True
2025-12-18 19:43:23,Standard,PHYSICS,6,80,10,True
2025-12-18 19:43:23,Standard,PHYSICS,7,80,10,True
2025-12-18 19:43:23,Standard,PHYSICS,8,80,10,True
2025-12-18 19:43:23,Standard,PHYSICS,9,80,10,True
2025-12-18 19:43:23,Standard,PHYSICS,10,80,10,True
2025-12-18 19:43:24,Standard,RELATIVITY,1,790,69,True
2025-12-18 19:43:24,Standard,RELATIVITY,2,790,69,True
2025-12-18 19:43:24,Standard,RELATIVITY,3,790,69,True
2025-12-18 19:43:25,Standard,RELATIVITY,4,790,69,True
2025-12-18 19:43:25,Standard,RELATIVITY,5,790,69,True
2025-12-18 19:43:25,Standard,RELATIVITY,6,790,69,True
2025-12-18 19:43:25,Standard,RELATIVITY,7,790,69,True
2025-12-18 19:43:26,Standard,RELATIVITY,8,790,69,True
2025-12-18 19:43:26,Standard,RELATIVITY,9,790,69,True
2025-12-18 19:43:26,Standard,RELATIVITY,10,790,69,True
2025-12-18 19:43:27,Standard,INFORMATION,1,790,69,True
2025-12-18 19:43:27,Standard,INFORMATION,2,790,69,True
2025-12-18 19:43:27,Standard,INFORMATION,3,790,69,True
2025-12-18 19:43:28,Standard,INFORMATION,4,790,69,True
2025-12-18 19:43:28,Standard,INFORMATION,5,790,69,True
2025-12-18 19:43:28,Standard,INFORMATION,6,790,69,True
2025-12-18 19:43:28,Standard,INFORMATION,7,790,69,True
2025-12-18 19:43:29,Standard,INFORMATION,8,790,69,True
2025-12-18 19:43:29,Standard,INFORMATION,9,790,69,True
2025-12-18 19:43:29,Standard,INFORMATION,10,790,69,True
2025-12-18 19:43:29,QuantumMaze,QUANTUM,1,120,17,True
2025-12-18 19:43:29,QuantumMaze,QUANTUM,2,120,17,True
2025-12-18 19:43:29,QuantumMaze,QUANTUM,3,120,17,True
2025-12-18 19:43:29,QuantumMaze,QUANTUM,4,120,17,True
2025-12-18 19:43:29,QuantumMaze,QUANTUM,5,120,17,True
2025-12-18 19:43:29,QuantumMaze,QUANTUM,6,120,17,True
2025-12-18 19:43:29,QuantumMaze,QUANTUM,7,120,17,True
2025-12-18 19:43:29,QuantumMaze,QUANTUM,8,120,17,True
2025-12-18 19:43:30,QuantumMaze,QUANTUM,9,120,17,True
2025-12-18 19:43:30,QuantumMaze,QUANTUM,10,120,17,True
2025-12-18 19:43:31,QuantumMaze,PHYSICS,1,1410,200,True
2025-12-18 19:43:32,QuantumMaze,PHYSICS,2,1410,200,True
2025-12-18 19:43:33,QuantumMaze,PHYSICS,3,1410,200,True
2025-12-18 19:43:34,QuantumMaze,PHYSICS,4,1410,200,True
2025-12-18 19:43:35,QuantumMaze,PHYSICS,5,1410,200,True
2025-12-18 19:43:35,QuantumMaze,PHYSICS,6,1410,200,True
2025-12-18 19:43:37,QuantumMaze,PHYSICS,7,1410,200,True
2025-12-18 19:43:38,QuantumMaze,PHYSICS,8,1410,200,True
2025-12-18 19:43:38,QuantumMaze,PHYSICS,9,1410,200,True
2025-12-18 19:43:39,QuantumMaze,PHYSICS,10,1410,200,True
2025-12-18 19:43:40,QuantumMaze,RELATIVITY,1,120,17,True
2025-12-18 19:43:40,QuantumMaze,RELATIVITY,2,120,17,True
2025-12-18 19:43:40,QuantumMaze,RELATIVITY,3,120,17,True
2025-12-18 19:43:40,QuantumMaze,RELATIVITY,4,120,17,True
2025-12-18 19:43:40,QuantumMaze,RELATIVITY,5,120,17,True
2025-12-18 19:43:40,QuantumMaze,RELATIVITY,6,120,17,True
2025-12-18 19:43:40,QuantumMaze,RELATIVITY,7,120,17,True
2025-12-18 19:43:40,QuantumMaze,RELATIVITY,8,120,17,True
2025-12-18 19:43:40,QuantumMaze,RELATIVITY,9,120,17,True
2025-12-18 19:43:40,QuantumMaze,RELATIVITY,10,120,17,True
2025-12-18 19:43:40,QuantumMaze,INFORMATION,1,120,17,True
2025-12-18 19:43:40,QuantumMaze,INFORMATION,2,120,17,True
2025-12-18 19:43:40,QuantumMaze,INFORMATION,3,120,17,True
2025-12-18 19:43:40,QuantumMaze,INFORMATION,4,120,17,True
2025-12-18 19:43:40,QuantumMaze,INFORMATION,5,120,17,True
2025-12-18 19:43:40,QuantumMaze,INFORMATION,6,120,17,True
2025-12-18 19:43:40,QuantumMaze,INFORMATION,7,120,17,True
2025-12-18 19:43:40,QuantumMaze,INFORMATION,8,120,17,True
2025-12-18 19:43:40,QuantumMaze,INFORMATION,9,120,17,True
2025-12-18 19:43:40,QuantumMaze,INFORMATION,10,120,17,True
2025-12-18 19:43:41,PhysicsMaze,QUANTUM,1,340,200,True
2025-12-18 19:43:42,PhysicsMaze,QUANTUM,2,340,200,True
2025-12-18 19:43:43,PhysicsMaze,QUANTUM,3,340,200,True
2025-12-18 19:43:44,PhysicsMaze,QUANTUM,4,340,200,True
2025-12-18 19:43:45,PhysicsMaze,QUANTUM,5,340,200,True
2025-12-18 19:43:45,PhysicsMaze,QUANTUM,6,340,200,True
2025-12-18 19:43:46,PhysicsMaze,QUANTUM,7,340,200,True
2025-12-18 19:43:47,PhysicsMaze,QUANTUM,8,340,200,True
2025-12-18 19:43:48,PhysicsMaze,QUANTUM,9,340,200,True
2025-12-18 19:43:49,PhysicsMaze,QUANTUM,10,340,200,True
2025-12-18 19:43:49,PhysicsMaze,PHYSICS,1,130,30,True
2025-12-18 19:43:49,PhysicsMaze,PHYSICS,2,130,30,True
2025-12-18 19:43:49,PhysicsMaze,PHYSICS,3,130,30,True
2025-12-18 19:43:50,PhysicsMaze,PHYSICS,4,130,30,True
2025-12-18 19:43:50,PhysicsMaze,PHYSICS,5,130,30,True
2025-12-18 19:43:50,PhysicsMaze,PHYSICS,6,130,30,True
2025-12-18 19:43:50,PhysicsMaze,PHYSICS,7,130,30,True
2025-12-18 19:43:50,PhysicsMaze,PHYSICS,8,130,30,True
2025-12-18 19:43:51,PhysicsMaze,PHYSICS,9,130,30,True
2025-12-18 19:43:51,PhysicsMaze,PHYSICS,10,130,30,True
2025-12-18 19:43:52,PhysicsMaze,RELATIVITY,1,40,200,True
2025-12-18 19:43:53,PhysicsMaze,RELATIVITY,2,40,200,True
2025-12-18 19:43:53,PhysicsMaze,RELATIVITY,3,40,200,True
2025-12-18 19:43:54,PhysicsMaze,RELATIVITY,4,40,200,True
2025-12-18 19:43:55,PhysicsMaze,RELATIVITY,5,40,200,True
2025-12-18 19:43:56,PhysicsMaze,RELATIVITY,6,40,200,True
2025-12-18 19:43:57,PhysicsMaze,RELATIVITY,7,40,200,True
2025-12-18 19:43:58,PhysicsMaze,RELATIVITY,8,40,200,True
2025-12-18 19:43:59,PhysicsMaze,RELATIVITY,9,40,200,True
2025-12-18 19:44:00,PhysicsMaze,RELATIVITY,10,40,200,True
2025-12-18 19:44:01,PhysicsMaze,INFORMATION,1,340,200,True
2025-12-18 19:44:02,PhysicsMaze,INFORMATION,2,340,200,True
2025-12-18 19:44:03,PhysicsMaze,INFORMATION,3,340,200,True
2025-12-18 19:44:03,PhysicsMaze,INFORMATION,4,340,200,True
2025-12-18 19:44:04,PhysicsMaze,INFORMATION,5,340,200,True
2025-12-18 19:44:05,PhysicsMaze,INFORMATION,6,340,200,True
2025-12-18 19:44:06,PhysicsMaze,INFORMATION,7,340,200,True
2025-12-18 19:44:07,PhysicsMaze,INFORMATION,8,340,200,True
2025-12-18 19:44:08,PhysicsMaze,INFORMATION,9,340,200,True
2025-12-18 19:44:09,PhysicsMaze,INFORMATION,10,340,200,True
2025-12-18 19:44:09,RelativityMaze,QUANTUM,1,140,18,True
2025-12-18 19:44:09,RelativityMaze,QUANTUM,2,140,18,True
2025-12-18 19:44:09,RelativityMaze,QUANTUM,3,140,18,True
2025-12-18 19:44:09,RelativityMaze,QUANTUM,4,140,18,True
2025-12-18 19:44:09,RelativityMaze,QUANTUM,5,140,18,True
2025-12-18 19:44:09,RelativityMaze,QUANTUM,6,140,18,True
2025-12-18 19:44:09,RelativityMaze,QUANTUM,7,140,18,True
2025-12-18 19:44:09,RelativityMaze,QUANTUM,8,140,18,True
2025-12-18 19:44:09,RelativityMaze,QUANTUM,9,140,18,True
2025-12-18 19:44:09,RelativityMaze,QUANTUM,10,140,18,True
2025-12-18 19:44:09,RelativityMaze,PHYSICS,1,140,18,True
2025-12-18 19:44:09,RelativityMaze,PHYSICS,2,140,18,True
2025-12-18 19:44:09,RelativityMaze,PHYSICS,3,140,18,True
2025-12-18 19:44:10,RelativityMaze,PHYSICS,4,140,18,True
2025-12-18 19:44:10,RelativityMaze,PHYSICS,5,140,18,True
2025-12-18 19:44:10,RelativityMaze,PHYSICS,6,140,18,True
2025-12-18 19:44:10,RelativityMaze,PHYSICS,7,140,18,True
2025-12-18 19:44:10,RelativityMaze,PHYSICS,8,140,18,True
2025-12-18 19:44:10,RelativityMaze,PHYSICS,9,140,18,True
2025-12-18 19:44:10,RelativityMaze,PHYSICS,10,140,18,True
2025-12-18 19:44:10,RelativityMaze,RELATIVITY,1,140,18,True
2025-12-18 19:44:10,RelativityMaze,RELATIVITY,2,140,18,True
2025-12-18 19:44:10,RelativityMaze,RELATIVITY,3,140,18,True
2025-12-18 19:44:10,RelativityMaze,RELATIVITY,4,140,18,True
2025-12-18 19:44:11,RelativityMaze,RELATIVITY,5,140,18,True
2025-12-18 19:44:11,RelativityMaze,RELATIVITY,6,140,18,True
2025-12-18 19:44:11,RelativityMaze,RELATIVITY,7,140,18,True
2025-12-18 19:44:11,RelativityMaze,RELATIVITY,8,140,18,True
2025-12-18 19:44:11,RelativityMaze,RELATIVITY,9,140,18,True
2025-12-18 19:44:11,RelativityMaze,RELATIVITY,10,140,18,True
2025-12-18 19:44:11,RelativityMaze,INFORMATION,1,140,18,True
2025-12-18 19:44:11,RelativityMaze,INFORMATION,2,140,18,True
2025-12-18 19:44:11,RelativityMaze,INFORMATION,3,140,18,True
2025-12-18 19:44:11,RelativityMaze,INFORMATION,4,140,18,True
2025-12-18 19:44:11,RelativityMaze,INFORMATION,5,140,18,True
2025-12-18 19:44:11,RelativityMaze,INFORMATION,6,140,18,True
2025-12-18 19:44:11,RelativityMaze,INFORMATION,7,140,18,True
2025-12-18 19:44:11,RelativityMaze,INFORMATION,8,140,18,True
2025-12-18 19:44:11,RelativityMaze,INFORMATION,9,140,18,True
2025-12-18 19:44:11,RelativityMaze,INFORMATION,10,140,18,True
2025-12-18 19:44:12,InformationMaze,QUANTUM,1,-2180,200,True
2025-12-18 19:44:12,InformationMaze,QUANTUM,2,-2180,200,True
2025-12-18 19:44:12,InformationMaze,QUANTUM,3,-2180,200,True
2025-12-18 19:44:13,InformationMaze,QUANTUM,4,-2180,200,True
2025-12-18 19:44:13,InformationMaze,QUANTUM,5,-2180,200,True
2025-12-18 19:44:13,InformationMaze,QUANTUM,6,-2180,200,True
2025-12-18 19:44:14,InformationMaze,QUANTUM,7,-2180,200,True
2025-12-18 19:44:14,InformationMaze,QUANTUM,8,-2180,200,True
2025-12-18 19:44:14,InformationMaze,QUANTUM,9,-2180,200,True
2025-12-18 19:44:15,InformationMaze,QUANTUM,10,-2180,200,True
2025-12-18 19:44:16,InformationMaze,PHYSICS,1,-2200,200,True
2025-12-18 19:44:17,InformationMaze,PHYSICS,2,-2200,200,True
2025-12-18 19:44:19,InformationMaze,PHYSICS,3,-2200,200,True
2025-12-18 19:44:20,InformationMaze,PHYSICS,4,-2200,200,True
2025-12-18 19:44:21,InformationMaze,PHYSICS,5,-2200,200,True
2025-12-18 19:44:22,InformationMaze,PHYSICS,6,-2200,200,True
2025-12-18 19:44:24,InformationMaze,PHYSICS,7,-2200,200,True
2025-12-18 19:44:25,InformationMaze,PHYSICS,8,-2200,200,True
2025-12-18 19:44:26,InformationMaze,PHYSICS,9,-2200,200,True
2025-12-18 19:44:27,InformationMaze,PHYSICS,10,-2200,200,True
2025-12-18 19:44:28,InformationMaze,RELATIVITY,1,-880,200,True
2025-12-18 19:44:28,InformationMaze,RELATIVITY,2,-880,200,True
2025-12-18 19:44:29,InformationMaze,RELATIVITY,3,-880,200,True
2025-12-18 19:44:29,InformationMaze,RELATIVITY,4,-880,200,True
2025-12-18 19:44:29,InformationMaze,RELATIVITY,5,-880,200,True
2025-12-18 19:44:30,InformationMaze,RELATIVITY,6,-880,200,True
2025-12-18 19:44:30,InformationMaze,RELATIVITY,7,-880,200,True
2025-12-18 19:44:31,InformationMaze,RELATIVITY,8,-880,200,True
2025-12-18 19:44:31,InformationMaze,RELATIVITY,9,-880,200,True
2025-12-18 19:44:32,InformationMaze,RELATIVITY,10,-880,200,True
2025-12-18 19:44:33,InformationMaze,INFORMATION,1,-880,200,True
2025-12-18 19:44:33,InformationMaze,INFORMATION,2,-880,200,True
2025-12-18 19:44:34,InformationMaze,INFORMATION,3,-880,200,True
2025-12-18 19:44:35,InformationMaze,INFORMATION,4,-880,200,True
2025-12-18 19:44:36,InformationMaze,INFORMATION,5,-880,200,True
2025-12-18 19:44:37,InformationMaze,INFORMATION,6,-880,200,True
2025-12-18 19:44:37,InformationMaze,INFORMATION,7,-880,200,True
2025-12-18 19:44:38,InformationMaze,INFORMATION,8,-880,200,True
2025-12-18 19:44:39,InformationMaze,INFORMATION,9,-880,200,True
2025-12-18 19:44:40,InformationMaze,INFORMATION,10,-880,200,True
2025-12-18 19:45:05,Standard,QUANTUM,1,790,69,True
2025-12-18 19:45:06,Standard,QUANTUM,2,790,69,True
2025-12-18 19:45:06,Standard,QUANTUM,3,790,69,True
2025-12-18 19:45:06,Standard,QUANTUM,4,790,69,True
2025-12-18 19:45:07,Standard,QUANTUM,5,790,69,True
2025-12-18 19:45:07,Standard,QUANTUM,6,790,69,True
2025-12-18 19:45:07,Standard,QUANTUM,7,790,69,True
2025-12-18 19:45:07,Standard,QUANTUM,8,790,69,True
2025-12-18 19:45:08,Standard,QUANTUM,9,790,69,True
2025-12-18 19:45:08,Standard,QUANTUM,10,790,69,True
2025-12-18 19:45:08,Standard,QUANTUM,11,790,69,True
2025-12-18 19:45:09,Standard,QUANTUM,12,790,69,True
2025-12-18 19:45:09,Standard,QUANTUM,13,790,69,True
2025-12-18 19:45:09,Standard,QUANTUM,14,790,69,True
2025-12-18 19:45:10,Standard,QUANTUM,15,790,69,True
2025-12-18 19:45:10,Standard,QUANTUM,16,790,69,True
2025-12-18 19:45:10,Standard,QUANTUM,17,790,69,True
2025-12-18 19:45:10,Standard,QUANTUM,18,790,69,True
2025-12-18 19:45:11,Standard,QUANTUM,19,790,69,True
2025-12-18 19:45:11,Standard,QUANTUM,20,790,69,True
2025-12-18 19:45:11,Standard,PHYSICS,1,80,10,True
2025-12-18 19:45:11,Standard,PHYSICS,2,80,10,True
2025-12-18 19:45:11,Standard,PHYSICS,3,80,10,True
2025-12-18 19:45:11,Standard,PHYSICS,4,80,10,True
2025-12-18 19:45:11,Standard,PHYSICS,5,80,10,True
2025-12-18 19:45:11,Standard,PHYSICS,6,80,10,True
2025-12-18 19:45:11,Standard,PHYSICS,7,80,10,True
2025-12-18 19:45:12,Standard,PHYSICS,8,80,10,True
2025-12-18 19:45:12,Standard,PHYSICS,9,80,10,True
2025-12-18 19:45:12,Standard,PHYSICS,10,80,10,True
2025-12-18 19:45:12,Standard,PHYSICS,11,80,10,True
2025-12-18 19:45:12,Standard,PHYSICS,12,80,10,True
2025-12-18 19:45:12,Standard,PHYSICS,13,80,10,True
2025-12-18 19:45:12,Standard,PHYSICS,14,80,10,True
2025-12-18 19:45:12,Standard,PHYSICS,15,80,10,True
2025-12-18 19:45:12,Standard,PHYSICS,16,80,10,True
2025-12-18 19:45:12,Standard,PHYSICS,17,80,10,True
2025-12-18 19:45:12,Standard,PHYSICS,18,80,10,True
2025-12-18 19:45:12,Standard,PHYSICS,19,80,10,True
2025-12-18 19:45:12,Standard,PHYSICS,20,80,10,True
2025-12-18 19:45:13,Standard,RELATIVITY,1,790,69,True
2025-12-18 19:45:13,Standard,RELATIVITY,2,790,69,True
2025-12-18 19:45:13,Standard,RELATIVITY,3,790,69,True
2025-12-18 19:45:14,Standard,RELATIVITY,4,790,69,True
2025-12-18 19:45:14,Standard,RELATIVITY,5,790,69,True
2025-12-18 19:45:14,Standard,RELATIVITY,6,790,69,True
2025-12-18 19:45:15,Standard,RELATIVITY,7,790,69,True
2025-12-18 19:45:15,Standard,RELATIVITY,8,790,69,True
2025-12-18 19:45:15,Standard,RELATIVITY,9,790,69,True
2025-12-18 19:45:15,Standard,RELATIVITY,10,790,69,True
2025-12-18 19:45:16,Standard,RELATIVITY,11,790,69,True
2025-12-18 19:45:16,Standard,RELATIVITY,12,790,69,True
2025-12-18 19:45:16,Standard,RELATIVITY,13,790,69,True
2025-12-18 19:45:17,Standard,RELATIVITY,14,790,69,True
2025-12-18 19:45:17,Standard,RELATIVITY,15,790,69,True
2025-12-18 19:45:17,Standard,RELATIVITY,16,790,69,True
2025-12-18 19:45:18,Standard,RELATIVITY,17,790,69,True
2025-12-18 19:45:18,Standard,RELATIVITY,18,790,69,True
2025-12-18 19:45:18,Standard,RELATIVITY,19,790,69,True
2025-12-18 19:45:19,Standard,RELATIVITY,20,790,69,True
2025-12-18 19:45:19,Standard,INFORMATION,1,790,69,True
2025-12-18 19:45:19,Standard,INFORMATION,2,790,69,True
2025-12-18 19:45:19,Standard,INFORMATION,3,790,69,True
2025-12-18 19:45:20,Standard,INFORMATION,4,790,69,True
2025-12-18 19:45:20,Standard,INFORMATION,5,790,69,True
2025-12-18 19:45:20,Standard,INFORMATION,6,790,69,True
2025-12-18 19:45:21,Standard,INFORMATION,7,790,69,True
2025-12-18 19:45:21,Standard,INFORMATION,8,790,69,True
2025-12-18 19:45:21,Standard,INFORMATION,9,790,69,True
2025-12-18 19:45:22,Standard,INFORMATION,10,790,69,True
2025-12-18 19:45:22,Standard,INFORMATION,11,790,69,True
2025-12-18 19:45:22,Standard,INFORMATION,12,790,69,True
2025-12-18 19:45:23,Standard,INFORMATION,13,790,69,True
2025-12-18 19:45:23,Standard,INFORMATION,14,790,69,True
2025-12-18 19:45:23,Standard,INFORMATION,15,790,69,True
2025-12-18 19:45:24,Standard,INFORMATION,16,790,69,True
2025-12-18 19:45:24,Standard,INFORMATION,17,790,69,True
2025-12-18 19:45:24,Standard,INFORMATION,18,790,69,True
2025-12-18 19:45:24,Standard,INFORMATION,19,790,69,True
2025-12-18 19:45:25,Standard,INFORMATION,20,790,69,True
2025-12-18 19:45:25,QuantumMaze,QUANTUM,1,120,17,True
2025-12-18 19:45:25,QuantumMaze,QUANTUM,2,120,17,True
2025-12-18 19:45:25,QuantumMaze,QUANTUM,3,120,17,True
2025-12-18 19:45:25,QuantumMaze,QUANTUM,4,120,17,True
2025-12-18 19:45:25,QuantumMaze,QUANTUM,5,120,17,True
2025-12-18 19:45:25,QuantumMaze,QUANTUM,6,120,17,True
2025-12-18 19:45:25,QuantumMaze,QUANTUM,7,120,17,True
2025-12-18 19:45:25,QuantumMaze,QUANTUM,8,120,17,True
2025-12-18 19:45:25,QuantumMaze,QUANTUM,9,120,17,True
2025-12-18 19:45:25,QuantumMaze,QUANTUM,10,120,17,True
2025-12-18 19:45:25,QuantumMaze,QUANTUM,11,120,17,True
2025-12-18 19:45:25,QuantumMaze,QUANTUM,12,120,17,True
2025-12-18 19:45:25,QuantumMaze,QUANTUM,13,120,17,True
2025-12-18 19:45:25,QuantumMaze,QUANTUM,14,120,17,True
2025-12-18 19:45:25,QuantumMaze,QUANTUM,15,120,17,True
2025-12-18 19:45:25,QuantumMaze,QUANTUM,16,120,17,True
2025-12-18 19:45:25,QuantumMaze,QUANTUM,17,120,17,True
2025-12-18 19:45:26,QuantumMaze,QUANTUM,18,120,17,True
2025-12-18 19:45:26,QuantumMaze,QUANTUM,19,120,17,True
2025-12-18 19:45:26,QuantumMaze,QUANTUM,20,120,17,True
2025-12-18 19:45:27,QuantumMaze,PHYSICS,1,1410,200,True
2025-12-18 19:45:28,QuantumMaze,PHYSICS,2,1410,200,True
2025-12-18 19:45:29,QuantumMaze,PHYSICS,3,1410,200,True
2025-12-18 19:45:30,QuantumMaze,PHYSICS,4,1410,200,True
2025-12-18 19:45:31,QuantumMaze,PHYSICS,5,1410,200,True
2025-12-18 19:45:32,QuantumMaze,PHYSICS,6,1410,200,True
2025-12-18 19:45:33,QuantumMaze,PHYSICS,7,1410,200,True
2025-12-18 19:45:35,QuantumMaze,PHYSICS,8,1410,200,True
2025-12-18 19:45:36,QuantumMaze,PHYSICS,9,1410,200,True
2025-12-18 19:45:37,QuantumMaze,PHYSICS,10,1410,200,True
2025-12-18 19:45:38,QuantumMaze,PHYSICS,11,1410,200,True
2025-12-18 19:45:39,QuantumMaze,PHYSICS,12,1410,200,True
2025-12-18 19:45:40,QuantumMaze,PHYSICS,13,1410,200,True
2025-12-18 19:45:41,QuantumMaze,PHYSICS,14,1410,200,True
2025-12-18 19:45:43,QuantumMaze,PHYSICS,15,1410,200,True
2025-12-18 19:45:44,QuantumMaze,PHYSICS,16,1410,200,True
2025-12-18 19:45:45,QuantumMaze,PHYSICS,17,1410,200,True
2025-12-18 19:45:46,QuantumMaze,PHYSICS,18,1410,200,True
2025-12-18 19:45:47,QuantumMaze,PHYSICS,19,1410,200,True
2025-12-18 19:45:48,QuantumMaze,PHYSICS,20,1410,200,True
2025-12-18 19:45:48,QuantumMaze,RELATIVITY,1,120,17,True
2025-12-18 19:45:48,QuantumMaze,RELATIVITY,2,120,17,True
2025-12-18 19:45:48,QuantumMaze,RELATIVITY,3,120,17,True
2025-12-18 19:45:48,QuantumMaze,RELATIVITY,4,120,17,True
2025-12-18 19:45:48,QuantumMaze,RELATIVITY,5,120,17,True
2025-12-18 19:45:49,QuantumMaze,RELATIVITY,6,120,17,True
2025-12-18 19:45:49,QuantumMaze,RELATIVITY,7,120,17,True
2025-12-18 19:45:49,QuantumMaze,RELATIVITY,8,120,17,True
2025-12-18 19:45:49,QuantumMaze,RELATIVITY,9,120,17,True
2025-12-18 19:45:49,QuantumMaze,RELATIVITY,10,120,17,True
2025-12-18 19:45:49,QuantumMaze,RELATIVITY,11,120,17,True
2025-12-18 19:45:49,QuantumMaze,RELATIVITY,12,120,17,True
2025-12-18 19:45:49,QuantumMaze,RELATIVITY,13,120,17,True
2025-12-18 19:45:49,QuantumMaze,RELATIVITY,14,120,17,True
2025-12-18 19:45:49,QuantumMaze,RELATIVITY,15,120,17,True
2025-12-18 19:45:49,QuantumMaze,RELATIVITY,16,120,17,True
2025-12-18 19:45:49,QuantumMaze,RELATIVITY,17,120,17,True
2025-12-18 19:45:49,QuantumMaze,RELATIVITY,18,120,17,True
2025-12-18 19:45:49,QuantumMaze,RELATIVITY,19,120,17,True
2025-12-18 19:45:49,QuantumMaze,RELATIVITY,20,120,17,True
2025-12-18 19:45:49,QuantumMaze,INFORMATION,1,120,17,True
2025-12-18 19:45:49,QuantumMaze,INFORMATION,2,120,17,True
2025-12-18 19:45:49,QuantumMaze,INFORMATION,3,120,17,True
2025-12-18 19:45:49,QuantumMaze,INFORMATION,4,120,17,True
2025-12-18 19:45:49,QuantumMaze,INFORMATION,5,120,17,True
2025-12-18 19:45:49,QuantumMaze,INFORMATION,6,120,17,True
2025-12-18 19:45:49,QuantumMaze,INFORMATION,7,120,17,True
2025-12-18 19:45:49,QuantumMaze,INFORMATION,8,120,17,True
2025-12-18 19:45:49,QuantumMaze,INFORMATION,9,120,17,True
2025-12-18 19:45:49,QuantumMaze,INFORMATION,10,120,17,True
2025-12-18 19:45:50,QuantumMaze,INFORMATION,11,120,17,True
2025-12-18 19:45:50,QuantumMaze,INFORMATION,12,120,17,True
2025-12-18 19:45:50,QuantumMaze,INFORMATION,13,120,17,True
2025-12-18 19:45:50,QuantumMaze,INFORMATION,14,120,17,True
2025-12-18 19:45:50,QuantumMaze,INFORMATION,15,120,17,True
2025-12-18 19:45:50,QuantumMaze,INFORMATION,16,120,17,True
2025-12-18 19:45:50,QuantumMaze,INFORMATION,17,120,17,True
2025-12-18 19:45:50,QuantumMaze,INFORMATION,18,120,17,True
2025-12-18 19:45:50,QuantumMaze,INFORMATION,19,120,17,True
2025-12-18 19:45:50,QuantumMaze,INFORMATION,20,120,17,True
2025-12-18 19:45:51,PhysicsMaze,QUANTUM,1,340,200,True
2025-12-18 19:45:52,PhysicsMaze,QUANTUM,2,340,200,True
2025-12-18 19:45:53,PhysicsMaze,QUANTUM,3,340,200,True
2025-12-18 19:45:54,PhysicsMaze,QUANTUM,4,340,200,True
2025-12-18 19:45:55,PhysicsMaze,QUANTUM,5,340,200,True
2025-12-18 19:45:56,PhysicsMaze,QUANTUM,6,340,200,True
2025-12-18 19:45:57,PhysicsMaze,QUANTUM,7,340,200,True
2025-12-18 19:45:58,PhysicsMaze,QUANTUM,8,340,200,True
2025-12-18 19:45:59,PhysicsMaze,QUANTUM,9,340,200,True
2025-12-18 19:46:00,PhysicsMaze,QUANTUM,10,340,200,True
2025-12-18 19:46:01,PhysicsMaze,QUANTUM,11,340,200,True
2025-12-18 19:46:02,PhysicsMaze,QUANTUM,12,340,200,True
2025-12-18 19:46:53,Standard,QUANTUM,1,80,12,False
2025-12-18 19:46:53,Standard,QUANTUM,2,80,12,False
2025-12-18 19:46:53,Standard,QUANTUM,3,80,12,False
2025-12-18 19:46:53,Standard,QUANTUM,4,80,12,False
2025-12-18 19:46:53,Standard,QUANTUM,5,80,12,False
2025-12-18 19:46:53,Standard,PHYSICS,1,330,54,False
2025-12-18 19:46:54,Standard,PHYSICS,2,330,54,False
2025-12-18 19:46:54,Standard,PHYSICS,3,330,54,False
2025-12-18 19:46:54,Standard,PHYSICS,4,330,54,False
2025-12-18 19:46:55,Standard,PHYSICS,5,330,54,False
2025-12-18 19:46:55,Standard,RELATIVITY,1,150,27,False
2025-12-18 19:46:55,Standard,RELATIVITY,2,150,27,False
2025-12-18 19:46:55,Standard,RELATIVITY,3,150,27,False
2025-12-18 19:46:55,Standard,RELATIVITY,4,150,27,False
2025-12-18 19:46:55,Standard,RELATIVITY,5,150,27,False
2025-12-18 19:46:55,Standard,INFORMATION,1,150,27,False
2025-12-18 19:46:55,Standard,INFORMATION,2,150,27,False
2025-12-18 19:46:55,Standard,INFORMATION,3,150,27,False
2025-12-18 19:46:55,Standard,INFORMATION,4,150,27,False
2025-12-18 19:46:55,Standard,INFORMATION,5,150,27,False
2025-12-18 19:46:56,QuantumMaze,QUANTUM,1,220,52,False
2025-12-18 19:46:56,QuantumMaze,QUANTUM,2,220,52,False
2025-12-18 19:46:56,QuantumMaze,QUANTUM,3,220,52,False
2025-12-18 19:46:56,QuantumMaze,QUANTUM,4,220,52,False
2025-12-18 19:46:56,QuantumMaze,QUANTUM,5,220,52,False
2025-12-18 19:46:56,QuantumMaze,PHYSICS,1,50,18,False
2025-12-18 19:46:56,QuantumMaze,PHYSICS,2,50,18,False
2025-12-18 19:46:57,QuantumMaze,PHYSICS,3,50,18,False
2025-12-18 19:46:57,QuantumMaze,PHYSICS,4,50,18,False
2025-12-18 19:46:57,QuantumMaze,PHYSICS,5,50,18,False
2025-12-18 19:46:57,QuantumMaze,RELATIVITY,1,50,18,False
2025-12-18 19:46:57,QuantumMaze,RELATIVITY,2,50,18,False
2025-12-18 19:46:57,QuantumMaze,RELATIVITY,3,50,18,False
2025-12-18 19:46:57,QuantumMaze,RELATIVITY,4,50,18,False
2025-12-18 19:46:57,QuantumMaze,RELATIVITY,5,50,18,False
2025-12-18 19:46:57,QuantumMaze,INFORMATION,1,50,18,False
2025-12-18 19:46:57,QuantumMaze,INFORMATION,2,50,18,False
2025-12-18 19:46:57,QuantumMaze,INFORMATION,3,50,18,False
2025-12-18 19:46:57,QuantumMaze,INFORMATION,4,50,18,False
2025-12-18 19:46:57,QuantumMaze,INFORMATION,5,50,18,False
2025-12-18 19:46:58,PhysicsMaze,QUANTUM,1,80,45,False
2025-12-18 19:46:58,PhysicsMaze,QUANTUM,2,80,45,False
2025-12-18 19:46:58,PhysicsMaze,QUANTUM,3,80,45,False
2025-12-18 19:46:58,PhysicsMaze,QUANTUM,4,80,45,False
2025-12-18 19:46:58,PhysicsMaze,QUANTUM,5,80,45,False
2025-12-18 19:46:59,PhysicsMaze,PHYSICS,1,270,55,False
2025-12-18 19:46:59,PhysicsMaze,PHYSICS,2,270,55,False
2025-12-18 19:47:00,PhysicsMaze,PHYSICS,3,270,55,False
2025-12-18 19:47:00,PhysicsMaze,PHYSICS,4,270,55,False
2025-12-18 19:47:00,PhysicsMaze,PHYSICS,5,270,55,False
2025-12-18 19:47:01,PhysicsMaze,RELATIVITY,1,270,55,False
2025-12-18 19:47:01,PhysicsMaze,RELATIVITY,2,270,55,False
2025-12-18 19:47:01,PhysicsMaze,RELATIVITY,3,270,55,False
2025-12-18 19:47:01,PhysicsMaze,RELATIVITY,4,270,55,False
2025-12-18 19:47:01,PhysicsMaze,RELATIVITY,5,270,55,False
2025-12-18 19:47:02,PhysicsMaze,INFORMATION,1,80,45,False
2025-12-18 19:47:02,PhysicsMaze,INFORMATION,2,80,45,False
2025-12-18 19:47:02,PhysicsMaze,INFORMATION,3,80,45,False
2025-12-18 19:47:02,PhysicsMaze,INFORMATION,4,80,45,False
2025-12-18 19:47:03,PhysicsMaze,INFORMATION,5,80,45,False
2025-12-18 19:47:03,RelativityMaze,QUANTUM,1,130,17,False
2025-12-18 19:47:03,RelativityMaze,QUANTUM,2,130,17,False
2025-12-18 19:47:03,RelativityMaze,QUANTUM,3,130,17,False
2025-12-18 19:47:03,RelativityMaze,QUANTUM,4,130,17,False
2025-12-18 19:47:03,RelativityMaze,QUANTUM,5,130,17,False
2025-12-18 19:47:03,RelativityMaze,PHYSICS,1,140,23,False
2025-12-18 19:47:03,RelativityMaze,PHYSICS,2,140,23,False
2025-12-18 19:47:03,RelativityMaze,PHYSICS,3,140,23,False
2025-12-18 19:47:04,RelativityMaze,PHYSICS,4,140,23,False
2025-12-18 19:47:04,RelativityMaze,PHYSICS,5,140,23,False
2025-12-18 19:47:04,RelativityMaze,RELATIVITY,1,110,17,False
2025-12-18 19:47:04,RelativityMaze,RELATIVITY,2,110,17,False
2025-12-18 19:47:04,RelativityMaze,RELATIVITY,3,110,17,False
2025-12-18 19:47:04,RelativityMaze,RELATIVITY,4,110,17,False
2025-12-18 19:47:04,RelativityMaze,RELATIVITY,5,110,17,False
2025-12-18 19:47:04,RelativityMaze,INFORMATION,1,110,17,False
2025-12-18 19:47:04,RelativityMaze,INFORMATION,2,110,17,False
2025-12-18 19:47:04,RelativityMaze,INFORMATION,3,110,17,False
2025-12-18 19:47:04,RelativityMaze,INFORMATION,4,110,17,False
2025-12-18 19:47:04,RelativityMaze,INFORMATION,5,110,17,False
2025-12-18 19:47:05,InformationMaze,QUANTUM,1,-1520,106,False
2025-12-18 19:47:05,InformationMaze,QUANTUM,2,-1520,106,False
2025-12-18 19:47:06,InformationMaze,QUANTUM,3,-1520,106,False
2025-12-18 19:47:06,InformationMaze,QUANTUM,4,-1520,106,False
2025-12-18 19:47:07,InformationMaze,QUANTUM,5,-1520,106,False
2025-12-18 19:47:08,InformationMaze,PHYSICS,1,-890,200,False
2025-12-18 19:47:09,InformationMaze,PHYSICS,2,-890,200,False
2025-12-18 19:47:11,InformationMaze,PHYSICS,3,-890,200,False
2025-12-18 19:47:12,InformationMaze,PHYSICS,4,-890,200,False
2025-12-18 19:47:13,InformationMaze,PHYSICS,5,-890,200,False
2025-12-18 19:47:13,InformationMaze,RELATIVITY,1,-190,36,False
2025-12-18 19:47:13,InformationMaze,RELATIVITY,2,-190,36,False
2025-12-18 19:47:13,InformationMaze,RELATIVITY,3,-190,36,False
2025-12-18 19:47:13,InformationMaze,RELATIVITY,4,-190,36,False
2025-12-18 19:47:13,InformationMaze,RELATIVITY,5,-190,36,False
2025-12-18 19:47:13,InformationMaze,INFORMATION,1,-190,36,False
2025-12-18 19:47:14,InformationMaze,INFORMATION,2,-190,36,False
2025-12-18 19:47:14,InformationMaze,INFORMATION,3,-190,36,False
2025-12-18 19:47:14,InformationMaze,INFORMATION,4,-190,36,False
2025-12-18 19:47:14,InformationMaze,INFORMATION,5,-190,36,False
2025-12-18 19:47:59,Standard,QUANTUM,1,190,35,False
2025-12-18 19:47:59,Standard,QUANTUM,2,280,58,False
2025-12-18 19:48:00,Standard,QUANTUM,3,220,105,False
2025-12-18 19:48:00,Standard,QUANTUM,4,110,20,False
2025-12-18 19:48:00,Standard,QUANTUM,5,160,24,False
2025-12-18 19:48:01,Standard,PHYSICS,1,960,84,False
2025-12-18 19:48:01,Standard,PHYSICS,2,1530,154,False
2025-12-18 19:48:02,Standard,PHYSICS,3,150,35,False
2025-12-18 19:48:02,Standard,PHYSICS,4,40,16,False
2025-12-18 19:48:02,Standard,PHYSICS,5,90,32,False
2025-12-18 19:48:02,Standard,RELATIVITY,1,850,84,False
2025-12-18 19:48:02,Standard,RELATIVITY,2,550,51,False
2025-12-18 19:48:02,Standard,RELATIVITY,3,190,36,False
2025-12-18 19:48:03,Standard,RELATIVITY,4,920,200,False
2025-12-18 19:48:03,Standard,RELATIVITY,5,310,45,False
2025-12-18 19:48:03,Standard,INFORMATION,1,60,23,False
2025-12-18 19:48:03,Standard,INFORMATION,2,100,32,False
2025-12-18 19:48:03,Standard,INFORMATION,3,60,12,False
2025-12-18 19:48:04,Standard,INFORMATION,4,1030,92,False
2025-12-18 19:48:04,Standard,INFORMATION,5,80,12,False
2025-12-18 19:48:04,QuantumMaze,QUANTUM,1,60,17,False
2025-12-18 19:48:04,QuantumMaze,QUANTUM,2,480,82,False
2025-12-18 19:48:04,QuantumMaze,QUANTUM,3,140,19,False
2025-12-18 19:48:04,QuantumMaze,QUANTUM,4,570,42,False
2025-12-18 19:48:04,QuantumMaze,QUANTUM,5,120,17,False
2025-12-18 19:48:04,QuantumMaze,PHYSICS,1,70,20,False
2025-12-18 19:48:05,QuantumMaze,PHYSICS,2,1610,200,False
2025-12-18 19:48:05,QuantumMaze,PHYSICS,3,40,20,False
2025-12-18 19:48:05,QuantumMaze,PHYSICS,4,150,26,False
2025-12-18 19:48:07,QuantumMaze,PHYSICS,5,1420,200,False
2025-12-18 19:48:07,QuantumMaze,RELATIVITY,1,70,10,False
2025-12-18 19:48:07,QuantumMaze,RELATIVITY,2,790,112,False
2025-12-18 19:48:07,QuantumMaze,RELATIVITY,3,90,18,False
2025-12-18 19:48:07,QuantumMaze,RELATIVITY,4,1010,116,False
2025-12-18 19:48:07,QuantumMaze,RELATIVITY,5,60,9,False
2025-12-18 19:48:07,QuantumMaze,INFORMATION,1,90,21,False
2025-12-18 19:48:07,QuantumMaze,INFORMATION,2,130,33,False
2025-12-18 19:48:07,QuantumMaze,INFORMATION,3,70,42,False
2025-12-18 19:48:08,QuantumMaze,INFORMATION,4,180,25,False
2025-12-18 19:48:08,QuantumMaze,INFORMATION,5,480,83,False
2025-12-18 19:48:08,PhysicsMaze,QUANTUM,1,300,200,False
2025-12-18 19:48:09,PhysicsMaze,QUANTUM,2,70,25,False
2025-12-18 19:48:09,PhysicsMaze,QUANTUM,3,530,80,False
2025-12-18 19:48:09,PhysicsMaze,QUANTUM,4,190,50,False
2025-12-18 19:48:09,PhysicsMaze,QUANTUM,5,380,50,False
2025-12-18 19:48:09,PhysicsMaze,PHYSICS,1,60,15,False
2025-12-18 19:48:10,PhysicsMaze,PHYSICS,2,40,200,False
2025-12-18 19:48:10,PhysicsMaze,PHYSICS,3,90,25,False
2025-12-18 19:48:10,PhysicsMaze,PHYSICS,4,60,15,False
2025-12-18 19:48:12,PhysicsMaze,PHYSICS,5,280,200,False
2025-12-18 19:48:12,PhysicsMaze,RELATIVITY,1,140,200,False
2025-12-18 19:48:12,PhysicsMaze,RELATIVITY,2,300,70,False
2025-12-18 19:48:13,PhysicsMaze,RELATIVITY,3,90,55,False
2025-12-18 19:48:14,PhysicsMaze,RELATIVITY,4,50,200,False
2025-12-18 19:48:14,PhysicsMaze,RELATIVITY,5,270,40,False
2025-12-18 19:48:15,PhysicsMaze,INFORMATION,1,40,200,False
2025-12-18 19:48:15,PhysicsMaze,INFORMATION,2,200,35,False
2025-12-18 19:48:15,PhysicsMaze,INFORMATION,3,400,50,False
2025-12-18 19:48:16,PhysicsMaze,INFORMATION,4,280,200,False
2025-12-18 19:48:16,PhysicsMaze,INFORMATION,5,120,30,False
2025-12-18 19:48:17,RelativityMaze,QUANTUM,1,190,38,False
2025-12-18 19:48:17,RelativityMaze,QUANTUM,2,330,62,False
2025-12-18 19:48:17,RelativityMaze,QUANTUM,3,110,17,False
2025-12-18 19:48:17,RelativityMaze,QUANTUM,4,770,107,False
2025-12-18 19:48:17,RelativityMaze,QUANTUM,5,160,18,False
2025-12-18 19:48:17,RelativityMaze,PHYSICS,1,140,18,False
2025-12-18 19:48:17,RelativityMaze,PHYSICS,2,100,13,False
2025-12-18 19:48:18,RelativityMaze,PHYSICS,3,160,20,False
2025-12-18 19:48:18,RelativityMaze,PHYSICS,4,120,18,False
2025-12-18 19:48:18,RelativityMaze,PHYSICS,5,70,8,False
2025-12-18 19:48:18,RelativityMaze,RELATIVITY,1,260,31,False
2025-12-18 19:48:18,RelativityMaze,RELATIVITY,2,530,60,False
2025-12-18 19:48:18,RelativityMaze,RELATIVITY,3,150,20,False
2025-12-18 19:48:18,RelativityMaze,RELATIVITY,4,380,66,False
2025-12-18 19:48:18,RelativityMaze,RELATIVITY,5,140,23,False
2025-12-18 19:48:18,RelativityMaze,INFORMATION,1,150,32,False
2025-12-18 19:48:19,RelativityMaze,INFORMATION,2,300,49,False
2025-12-18 19:48:19,RelativityMaze,INFORMATION,3,160,22,False
2025-12-18 19:48:19,RelativityMaze,INFORMATION,4,130,20,False
2025-12-18 19:48:19,RelativityMaze,INFORMATION,5,340,68,False
2025-12-18 19:48:20,InformationMaze,QUANTUM,1,-2030,200,False
2025-12-18 19:48:21,InformationMaze,QUANTUM,2,-650,200,False
2025-12-18 19:48:22,InformationMaze,QUANTUM,3,-870,68,False
2025-12-18 19:48:22,InformationMaze,QUANTUM,4,-2000,200,False
2025-12-18 19:48:22,InformationMaze,QUANTUM,5,-1010,63,False
2025-12-18 19:48:24,InformationMaze,PHYSICS,1,-1510,200,False
2025-12-18 19:48:24,InformationMaze,PHYSICS,2,-920,76,False
2025-12-18 19:48:25,InformationMaze,PHYSICS,3,-690,32,False
2025-12-18 19:48:25,InformationMaze,PHYSICS,4,-610,32,False
2025-12-18 19:48:25,InformationMaze,PHYSICS,5,-540,60,False
2025-12-18 19:48:26,InformationMaze,RELATIVITY,1,-1360,93,False
2025-12-18 19:48:26,InformationMaze,RELATIVITY,2,-1040,52,False
2025-12-18 19:48:27,InformationMaze,RELATIVITY,3,-620,200,False
2025-12-18 19:48:27,InformationMaze,RELATIVITY,4,-590,29,False
2025-12-18 19:48:27,InformationMaze,RELATIVITY,5,-1250,83,False
2025-12-18 19:48:28,InformationMaze,INFORMATION,1,-610,200,False
2025-12-18 19:48:30,InformationMaze,INFORMATION,2,-1120,200,False
2025-12-18 19:48:30,InformationMaze,INFORMATION,3,-2430,120,False
2025-12-18 19:48:30,InformationMaze,INFORMATION,4,-130,37,False
2025-12-18 19:48:31,InformationMaze,INFORMATION,5,-700,78,False
2025-12-18 19:56:07,Standard,QUANTUM,1,1210,81,False
2025-12-18 19:56:08,Standard,QUANTUM,2,690,200,False
2025-12-18 19:56:08,Standard,QUANTUM,3,150,30,False
2025-12-18 19:56:08,Standard,QUANTUM,4,90,22,False
2025-12-18 19:56:08,Standard,QUANTUM,5,90,16,False
2025-12-18 19:56:08,Standard,QUANTUM,6,60,26,False
2025-12-18 19:56:08,Standard,QUANTUM,7,830,68,False
2025-12-18 19:56:08,Standard,QUANTUM,8,130,28,False
2025-12-18 19:56:08,Standard,QUANTUM,9,80,11,False
2025-12-18 19:56:09,Standard,QUANTUM,10,1410,200,False
2025-12-18 19:56:09,Standard,QUANTUM,11,70,16,False
2025-12-18 19:56:10,Standard,QUANTUM,12,430,78,False
2025-12-18 19:56:10,Standard,QUANTUM,13,210,36,False
2025-12-18 19:56:10,Standard,QUANTUM,14,240,43,False
2025-12-18 19:56:10,Standard,QUANTUM,15,160,43,False
2025-12-18 19:56:10,Standard,QUANTUM,16,150,30,False
2025-12-18 19:56:10,Standard,QUANTUM,17,130,28,False
2025-12-18 19:56:10,Standard,QUANTUM,18,590,48,False
2025-12-18 19:56:10,Standard,QUANTUM,19,40,16,False
2025-12-18 19:56:11,Standard,QUANTUM,20,510,85,False
2025-12-18 19:56:11,Standard,PHYSICS,1,790,56,False
2025-12-18 19:56:11,Standard,PHYSICS,2,170,33,False
2025-12-18 19:56:11,Standard,PHYSICS,3,50,15,False
2025-12-18 19:56:11,Standard,PHYSICS,4,170,21,False
2025-12-18 19:56:12,Standard,PHYSICS,5,460,77,False
2025-12-18 19:56:12,Standard,PHYSICS,6,300,66,False
2025-12-18 19:56:13,Standard,PHYSICS,7,310,57,False
2025-12-18 19:56:13,Standard,PHYSICS,8,110,19,False
2025-12-18 19:56:13,Standard,PHYSICS,9,310,66,False
2025-12-18 19:56:14,Standard,PHYSICS,10,240,37,False
2025-12-18 19:56:14,Standard,PHYSICS,11,700,98,False
2025-12-18 19:56:15,Standard,PHYSICS,12,1010,83,False
2025-12-18 19:56:15,Standard,PHYSICS,13,120,26,False
2025-12-18 19:56:15,Standard,PHYSICS,14,640,62,False
2025-12-18 19:56:15,Standard,PHYSICS,15,100,18,False
2025-12-18 19:56:15,Standard,PHYSICS,16,110,20,False
2025-12-18 19:56:16,Standard,PHYSICS,17,80,24,False
2025-12-18 19:56:16,Standard,PHYSICS,18,720,40,False
2025-12-18 19:56:16,Standard,PHYSICS,19,80,14,False
2025-12-18 19:56:16,Standard,PHYSICS,20,900,62,False
2025-12-18 19:56:16,Standard,RELATIVITY,1,140,30,False
2025-12-18 19:56:16,Standard,RELATIVITY,2,110,32,False
2025-12-18 19:56:16,Standard,RELATIVITY,3,40,16,False
2025-12-18 19:56:16,Standard,RELATIVITY,4,840,54,False
2025-12-18 19:56:17,Standard,RELATIVITY,5,1180,90,False
2025-12-18 19:56:18,Standard,RELATIVITY,6,1430,200,False
2025-12-18 19:56:18,Standard,RELATIVITY,7,100,12,False
2025-12-18 19:56:18,Standard,RELATIVITY,8,80,12,False
2025-12-18 19:56:19,Standard,RELATIVITY,9,860,100,False
2025-12-18 19:56:19,Standard,RELATIVITY,10,240,92,False
2025-12-18 19:56:19,Standard,RELATIVITY,11,500,59,False
2025-12-18 19:56:19,Standard,RELATIVITY,12,720,40,False
2025-12-18 19:56:20,Standard,RELATIVITY,13,440,97,False
2025-12-18 19:56:20,Standard,RELATIVITY,14,740,82,False
2025-12-18 19:56:20,Standard,RELATIVITY,15,180,51,False
2025-12-18 19:56:20,Standard,RELATIVITY,16,130,50,False
2025-12-18 19:56:21,Standard,RELATIVITY,17,940,111,False
2025-12-18 19:56:21,Standard,RELATIVITY,18,110,27,False
2025-12-18 19:56:21,Standard,RELATIVITY,19,90,19,False
2025-12-18 19:56:21,Standard,RELATIVITY,20,210,46,False
2025-12-18 19:56:22,Standard,INFORMATION,1,920,200,False
2025-12-18 19:56:22,Standard,INFORMATION,2,80,26,False
2025-12-18 19:56:22,Standard,INFORMATION,3,220,50,False
2025-12-18 19:56:22,Standard,INFORMATION,4,80,28,False
2025-12-18 19:56:22,Standard,INFORMATION,5,90,23,False
2025-12-18 19:56:22,Standard,INFORMATION,6,110,16,False
2025-12-18 19:56:22,Standard,INFORMATION,7,50,15,False
2025-12-18 19:56:22,Standard,INFORMATION,8,220,44,False
2025-12-18 19:56:23,Standard,INFORMATION,9,130,69,False
2025-12-18 19:56:23,Standard,INFORMATION,10,160,28,False
2025-12-18 19:56:23,Standard,INFORMATION,11,260,42,False
2025-12-18 19:56:23,Standard,INFORMATION,12,180,27,False
2025-12-18 19:56:23,Standard,INFORMATION,13,160,32,False
2025-12-18 19:56:23,Standard,INFORMATION,14,100,23,False
2025-12-18 19:56:23,Standard,INFORMATION,15,120,24,False
2025-12-18 19:56:23,Standard,INFORMATION,16,760,46,False
2025-12-18 19:56:23,Standard,INFORMATION,17,40,16,False
2025-12-18 19:56:23,Standard,INFORMATION,18,190,29,False
2025-12-18 19:56:23,Standard,INFORMATION,19,80,16,False
2025-12-18 19:56:23,Standard,INFORMATION,20,180,31,False
2025-12-18 19:56:24,QuantumMaze,QUANTUM,1,390,65,False
2025-12-18 19:56:24,QuantumMaze,QUANTUM,2,70,14,False
2025-12-18 19:56:24,QuantumMaze,QUANTUM,3,110,17,False
2025-12-18 19:56:24,QuantumMaze,QUANTUM,4,550,66,False
2025-12-18 19:56:24,QuantumMaze,QUANTUM,5,40,16,False
2025-12-18 19:56:24,QuantumMaze,QUANTUM,6,100,20,False
2025-12-18 19:56:25,QuantumMaze,QUANTUM,7,40,145,False
2025-12-18 19:56:25,QuantumMaze,QUANTUM,8,130,33,False
2025-12-18 19:56:26,QuantumMaze,QUANTUM,9,910,200,False
2025-12-18 19:56:26,QuantumMaze,QUANTUM,10,520,72,False
2025-12-18 19:56:26,QuantumMaze,QUANTUM,11,310,43,False
2025-12-18 19:56:26,QuantumMaze,QUANTUM,12,230,36,False
2025-12-18 19:56:27,QuantumMaze,QUANTUM,13,550,79,False
2025-12-18 19:56:27,QuantumMaze,QUANTUM,14,60,21,False
2025-12-18 19:56:28,QuantumMaze,QUANTUM,15,900,200,False
2025-12-18 19:56:28,QuantumMaze,QUANTUM,16,80,19,False
2025-12-18 19:56:28,QuantumMaze,QUANTUM,17,170,39,False
2025-12-18 19:56:28,QuantumMaze,QUANTUM,18,50,10,False
2025-12-18 19:56:28,QuantumMaze,QUANTUM,19,100,35,False
2025-12-18 19:56:28,QuantumMaze,QUANTUM,20,70,14,False
2025-12-18 19:56:29,QuantumMaze,PHYSICS,1,1310,200,False
2025-12-18 19:56:30,QuantumMaze,PHYSICS,2,540,81,False
2025-12-18 19:56:30,QuantumMaze,PHYSICS,3,150,21,False
2025-12-18 19:56:30,QuantumMaze,PHYSICS,4,130,51,False
2025-12-18 19:56:31,QuantumMaze,PHYSICS,5,1480,200,False
2025-12-18 19:56:33,QuantumMaze,PHYSICS,6,720,200,False
2025-12-18 19:56:34,QuantumMaze,PHYSICS,7,1320,200,False
2025-12-18 19:56:34,QuantumMaze,PHYSICS,8,170,23,False
2025-12-18 19:56:34,QuantumMaze,PHYSICS,9,100,17,False
2025-12-18 19:56:34,QuantumMaze,PHYSICS,10,50,10,False
2025-12-18 19:56:35,QuantumMaze,PHYSICS,11,860,200,False
2025-12-18 19:56:36,QuantumMaze,PHYSICS,12,70,12,False
2025-12-18 19:56:37,QuantumMaze,PHYSICS,13,1170,200,False
2025-12-18 19:56:38,QuantumMaze,PHYSICS,14,800,200,False
2025-12-18 19:56:38,QuantumMaze,PHYSICS,15,90,16,False
2025-12-18 19:56:38,QuantumMaze,PHYSICS,16,40,16,False
2025-12-18 19:56:39,QuantumMaze,PHYSICS,17,210,63,False
2025-12-18 19:56:39,QuantumMaze,PHYSICS,18,150,20,False
2025-12-18 19:56:39,QuantumMaze,PHYSICS,19,90,13,False
2025-12-18 19:56:39,QuantumMaze,PHYSICS,20,70,12,False
2025-12-18 19:56:40,QuantumMaze,RELATIVITY,1,680,200,False
2025-12-18 19:56:40,QuantumMaze,RELATIVITY,2,180,38,False
2025-12-18 19:56:40,QuantumMaze,RELATIVITY,3,110,15,False
2025-12-18 19:56:40,QuantumMaze,RELATIVITY,4,60,12,False
2025-12-18 19:56:40,QuantumMaze,RELATIVITY,5,230,68,False
2025-12-18 19:56:41,QuantumMaze,RELATIVITY,6,170,53,False
2025-12-18 19:56:41,QuantumMaze,RELATIVITY,7,60,14,False
2025-12-18 19:56:41,QuantumMaze,RELATIVITY,8,90,14,False
2025-12-18 19:56:41,QuantumMaze,RELATIVITY,9,70,9,False
2025-12-18 19:56:41,QuantumMaze,RELATIVITY,10,420,99,False
2025-12-18 19:56:41,QuantumMaze,RELATIVITY,11,70,9,False
2025-12-18 19:56:41,QuantumMaze,RELATIVITY,12,50,70,False
2025-12-18 19:56:41,QuantumMaze,RELATIVITY,13,660,57,False
2025-12-18 19:56:41,QuantumMaze,RELATIVITY,14,70,10,False
2025-12-18 19:56:42,QuantumMaze,RELATIVITY,15,130,23,False
2025-12-18 19:56:42,QuantumMaze,RELATIVITY,16,90,18,False
2025-12-18 19:56:42,QuantumMaze,RELATIVITY,17,90,13,False
2025-12-18 19:56:42,QuantumMaze,RELATIVITY,18,130,17,False
2025-12-18 19:56:42,QuantumMaze,RELATIVITY,19,660,60,False
2025-12-18 19:56:42,QuantumMaze,RELATIVITY,20,130,21,False
2025-12-18 19:56:42,QuantumMaze,INFORMATION,1,70,36,False
2025-12-18 19:56:42,QuantumMaze,INFORMATION,2,40,15,False
2025-12-18 19:56:42,QuantumMaze,INFORMATION,3,60,10,False
2025-12-18 19:56:43,QuantumMaze,INFORMATION,4,960,181,False
2025-12-18 19:56:43,QuantumMaze,INFORMATION,5,70,14,False
2025-12-18 19:56:43,QuantumMaze,INFORMATION,6,790,96,False
2025-12-18 19:56:43,QuantumMaze,INFORMATION,7,340,57,False
2025-12-18 19:56:43,QuantumMaze,INFORMATION,8,100,49,False
2025-12-18 19:56:44,QuantumMaze,INFORMATION,9,60,17,False
2025-12-18 19:56:44,QuantumMaze,INFORMATION,10,110,15,False
2025-12-18 19:56:44,QuantumMaze,INFORMATION,11,50,14,False
2025-12-18 19:56:44,QuantumMaze,INFORMATION,12,130,16,False
2025-12-18 19:56:44,QuantumMaze,INFORMATION,13,100,21,False
2025-12-18 19:56:44,QuantumMaze,INFORMATION,14,740,87,False
2025-12-18 19:56:44,QuantumMaze,INFORMATION,15,100,15,False
2025-12-18 19:56:44,QuantumMaze,INFORMATION,16,50,14,False
2025-12-18 19:56:44,QuantumMaze,INFORMATION,17,260,78,False
2025-12-18 19:56:44,QuantumMaze,INFORMATION,18,110,16,False
2025-12-18 19:56:45,QuantumMaze,INFORMATION,19,790,95,False
2025-12-18 19:56:45,QuantumMaze,INFORMATION,20,110,19,False
2025-12-18 19:56:45,PhysicsMaze,QUANTUM,1,130,35,False
2025-12-18 19:56:45,PhysicsMaze,QUANTUM,2,100,20,False
2025-12-18 19:56:46,PhysicsMaze,QUANTUM,3,60,200,False
2025-12-18 19:56:46,PhysicsMaze,QUANTUM,4,340,55,False
2025-12-18 19:56:46,PhysicsMaze,QUANTUM,5,120,60,False
2025-12-18 19:56:46,PhysicsMaze,QUANTUM,6,270,200,False
2025-12-18 19:56:47,PhysicsMaze,QUANTUM,7,340,95,False
2025-12-18 19:56:48,PhysicsMaze,QUANTUM,8,230,200,False
2025-12-18 19:56:48,PhysicsMaze,QUANTUM,9,160,30,False
2025-12-18 19:56:48,PhysicsMaze,QUANTUM,10,50,75,False
2025-12-18 19:56:49,PhysicsMaze,QUANTUM,11,240,200,False
2025-12-18 19:56:50,PhysicsMaze,QUANTUM,12,60,50,False
2025-12-18 19:56:50,PhysicsMaze,QUANTUM,13,50,40,False
2025-12-18 19:56:50,PhysicsMaze,QUANTUM,14,110,40,False
2025-12-18 19:56:50,PhysicsMaze,QUANTUM,15,120,35,False
2025-12-18 19:56:50,PhysicsMaze,QUANTUM,16,360,50,False
2025-12-18 19:56:51,PhysicsMaze,QUANTUM,17,240,200,False
2025-12-18 19:56:51,PhysicsMaze,QUANTUM,18,200,35,False
2025-12-18 19:56:51,PhysicsMaze,QUANTUM,19,230,45,False
2025-12-18 19:56:51,PhysicsMaze,QUANTUM,20,70,50,False
2025-12-18 19:56:51,PhysicsMaze,PHYSICS,1,130,20,False
2025-12-18 19:56:52,PhysicsMaze,PHYSICS,2,180,40,False
2025-12-18 19:56:53,PhysicsMaze,PHYSICS,3,300,200,False
2025-12-18 19:56:53,PhysicsMaze,PHYSICS,4,160,45,False
2025-12-18 19:56:53,PhysicsMaze,PHYSICS,5,150,45,False
2025-12-18 19:56:55,PhysicsMaze,PHYSICS,6,230,200,False
2025-12-18 19:56:55,PhysicsMaze,PHYSICS,7,170,35,False
2025-12-18 19:56:55,PhysicsMaze,PHYSICS,8,100,35,False
2025-12-18 19:56:55,PhysicsMaze,PHYSICS,9,280,35,False
2025-12-18 19:56:56,PhysicsMaze,PHYSICS,10,180,40,False
2025-12-18 19:56:56,PhysicsMaze,PHYSICS,11,70,105,False
2025-12-18 19:56:56,PhysicsMaze,PHYSICS,12,110,30,False
2025-12-18 19:56:57,PhysicsMaze,PHYSICS,13,90,25,False
2025-12-18 19:56:57,PhysicsMaze,PHYSICS,14,190,25,False
2025-12-18 19:56:57,PhysicsMaze,PHYSICS,15,90,55,False
2025-12-18 19:56:57,PhysicsMaze,PHYSICS,16,90,25,False
2025-12-18 19:56:58,PhysicsMaze,PHYSICS,17,80,30,False
2025-12-18 19:56:59,PhysicsMaze,PHYSICS,18,260,200,False
2025-12-18 19:56:59,PhysicsMaze,PHYSICS,19,290,45,False
2025-12-18 19:56:59,PhysicsMaze,PHYSICS,20,110,30,False
2025-12-18 19:56:59,PhysicsMaze,RELATIVITY,1,160,35,False
2025-12-18 19:57:00,PhysicsMaze,RELATIVITY,2,290,200,False
2025-12-18 19:57:01,PhysicsMaze,RELATIVITY,3,280,200,False
2025-12-18 19:57:01,PhysicsMaze,RELATIVITY,4,170,40,False
2025-12-18 19:57:01,PhysicsMaze,RELATIVITY,5,110,35,False
2025-12-18 19:57:02,PhysicsMaze,RELATIVITY,6,240,200,False
2025-12-18 19:57:02,PhysicsMaze,RELATIVITY,7,50,45,False
2025-12-18 19:57:04,PhysicsMaze,RELATIVITY,8,330,200,False
2025-12-18 19:57:04,PhysicsMaze,RELATIVITY,9,270,70,False
2025-12-18 19:57:04,PhysicsMaze,RELATIVITY,10,770,110,False
2025-12-18 19:57:04,PhysicsMaze,RELATIVITY,11,170,30,False
2025-12-18 19:57:05,PhysicsMaze,RELATIVITY,12,350,200,False
2025-12-18 19:57:05,PhysicsMaze,RELATIVITY,13,100,35,False
2025-12-18 19:57:06,PhysicsMaze,RELATIVITY,14,100,40,False
2025-12-18 19:57:07,PhysicsMaze,RELATIVITY,15,190,200,False
2025-12-18 19:57:07,PhysicsMaze,RELATIVITY,16,170,40,False
2025-12-18 19:57:08,PhysicsMaze,RELATIVITY,17,60,200,False
2025-12-18 19:57:08,PhysicsMaze,RELATIVITY,18,190,55,False
2025-12-18 19:57:08,PhysicsMaze,RELATIVITY,19,250,50,False
2025-12-18 19:57:08,PhysicsMaze,RELATIVITY,20,130,65,False
2025-12-18 19:57:09,PhysicsMaze,INFORMATION,1,200,105,False
2025-12-18 19:57:10,PhysicsMaze,INFORMATION,2,50,200,False
2025-12-18 19:57:10,PhysicsMaze,INFORMATION,3,230,30,False
2025-12-18 19:57:10,PhysicsMaze,INFORMATION,4,120,35,False
2025-12-18 19:57:11,PhysicsMaze,INFORMATION,5,110,200,False
2025-12-18 19:57:11,PhysicsMaze,INFORMATION,6,220,30,False
2025-12-18 19:57:12,PhysicsMaze,INFORMATION,7,280,200,False
2025-12-18 19:57:13,PhysicsMaze,INFORMATION,8,190,200,False
2025-12-18 19:57:13,PhysicsMaze,INFORMATION,9,290,50,False
2025-12-18 19:57:13,PhysicsMaze,INFORMATION,10,480,65,False
2025-12-18 19:57:13,PhysicsMaze,INFORMATION,11,150,30,False
2025-12-18 19:57:14,PhysicsMaze,INFORMATION,12,320,200,False
2025-12-18 19:57:14,PhysicsMaze,INFORMATION,13,60,45,False
2025-12-18 19:57:15,PhysicsMaze,INFORMATION,14,60,200,False
2025-12-18 19:57:15,PhysicsMaze,INFORMATION,15,50,45,False
2025-12-18 19:57:15,PhysicsMaze,INFORMATION,16,250,40,False
2025-12-18 19:57:16,PhysicsMaze,INFORMATION,17,110,35,False
2025-12-18 19:57:16,PhysicsMaze,INFORMATION,18,370,75,False
2025-12-18 19:57:16,PhysicsMaze,INFORMATION,19,260,40,False
2025-12-18 19:57:16,PhysicsMaze,INFORMATION,20,90,40,False
2025-12-18 19:57:16,RelativityMaze,QUANTUM,1,230,37,False
2025-12-18 19:57:16,RelativityMaze,QUANTUM,2,190,33,False
2025-12-18 19:57:16,RelativityMaze,QUANTUM,3,130,15,False
2025-12-18 19:57:16,RelativityMaze,QUANTUM,4,140,18,False
2025-12-18 19:57:17,RelativityMaze,QUANTUM,5,290,39,False
2025-12-18 19:57:17,RelativityMaze,QUANTUM,6,120,16,False
2025-12-18 19:57:17,RelativityMaze,QUANTUM,7,220,32,False
2025-12-18 19:57:17,RelativityMaze,QUANTUM,8,130,28,False
2025-12-18 19:57:18,RelativityMaze,QUANTUM,9,1270,200,False
2025-12-18 19:57:18,RelativityMaze,QUANTUM,10,40,14,False
2025-12-18 19:57:18,RelativityMaze,QUANTUM,11,110,16,False
2025-12-18 19:57:18,RelativityMaze,QUANTUM,12,170,21,False
2025-12-18 19:57:18,RelativityMaze,QUANTUM,13,230,49,False
2025-12-18 19:57:18,RelativityMaze,QUANTUM,14,110,16,False
2025-12-18 19:57:18,RelativityMaze,QUANTUM,15,200,40,False
2025-12-18 19:57:18,RelativityMaze,QUANTUM,16,100,16,False
2025-12-18 19:57:19,RelativityMaze,QUANTUM,17,100,23,False
2025-12-18 19:57:19,RelativityMaze,QUANTUM,18,230,40,False
2025-12-18 19:57:19,RelativityMaze,QUANTUM,19,100,24,False
2025-12-18 19:57:19,RelativityMaze,QUANTUM,20,200,24,False
2025-12-18 19:57:19,RelativityMaze,PHYSICS,1,350,54,False
2025-12-18 19:57:19,RelativityMaze,PHYSICS,2,460,63,False
2025-12-18 19:57:21,RelativityMaze,PHYSICS,3,970,200,False
2025-12-18 19:57:21,RelativityMaze,PHYSICS,4,540,55,False
2025-12-18 19:57:22,RelativityMaze,PHYSICS,5,760,83,False
2025-12-18 19:57:22,RelativityMaze,PHYSICS,6,610,81,False
2025-12-18 19:57:22,RelativityMaze,PHYSICS,7,440,58,False
2025-12-18 19:57:23,RelativityMaze,PHYSICS,8,710,63,False
2025-12-18 19:57:23,RelativityMaze,PHYSICS,9,180,30,False
2025-12-18 19:57:23,RelativityMaze,PHYSICS,10,150,19,False
2025-12-18 19:57:23,RelativityMaze,PHYSICS,11,590,53,False
2025-12-18 19:57:24,RelativityMaze,PHYSICS,12,720,67,False
2025-12-18 19:57:24,RelativityMaze,PHYSICS,13,70,8,False
2025-12-18 19:57:24,RelativityMaze,PHYSICS,14,150,19,False
2025-12-18 19:57:25,RelativityMaze,PHYSICS,15,1240,179,False
2025-12-18 19:57:26,RelativityMaze,PHYSICS,16,1260,200,False
2025-12-18 19:57:27,RelativityMaze,PHYSICS,17,850,200,False
2025-12-18 19:57:28,RelativityMaze,PHYSICS,18,930,200,False
2025-12-18 19:57:28,RelativityMaze,PHYSICS,19,570,56,False
2025-12-18 19:57:30,RelativityMaze,PHYSICS,20,760,200,False
2025-12-18 19:57:30,RelativityMaze,RELATIVITY,1,180,25,False
2025-12-18 19:57:30,RelativityMaze,RELATIVITY,2,140,21,False
2025-12-18 19:57:30,RelativityMaze,RELATIVITY,3,740,96,False
2025-12-18 19:57:31,RelativityMaze,RELATIVITY,4,880,200,False
2025-12-18 19:57:31,RelativityMaze,RELATIVITY,5,190,35,False
2025-12-18 19:57:31,RelativityMaze,RELATIVITY,6,70,8,False
2025-12-18 19:57:31,RelativityMaze,RELATIVITY,7,290,33,False
2025-12-18 19:57:31,RelativityMaze,RELATIVITY,8,290,57,False
2025-12-18 19:57:32,RelativityMaze,RELATIVITY,9,110,23,False
2025-12-18 19:57:32,RelativityMaze,RELATIVITY,10,80,19,False
2025-12-18 19:57:32,RelativityMaze,RELATIVITY,11,660,80,False
2025-12-18 19:57:32,RelativityMaze,RELATIVITY,12,370,49,False
2025-12-18 19:57:32,RelativityMaze,RELATIVITY,13,380,52,False
2025-12-18 19:57:32,RelativityMaze,RELATIVITY,14,390,50,False
2025-12-18 19:57:32,RelativityMaze,RELATIVITY,15,170,38,False
2025-12-18 19:57:32,RelativityMaze,RELATIVITY,16,390,63,False
2025-12-18 19:57:33,RelativityMaze,RELATIVITY,17,300,82,False
2025-12-18 19:57:34,RelativityMaze,RELATIVITY,18,1210,200,False
2025-12-18 19:57:34,RelativityMaze,RELATIVITY,19,100,16,False
2025-12-18 19:57:34,RelativityMaze,RELATIVITY,20,240,55,False
2025-12-18 19:57:34,RelativityMaze,INFORMATION,1,90,17,False
2025-12-18 19:57:34,RelativityMaze,INFORMATION,2,130,14,False
2025-12-18 19:57:34,RelativityMaze,INFORMATION,3,240,48,False
2025-12-18 19:57:35,RelativityMaze,INFORMATION,4,570,105,False
2025-12-18 19:57:35,RelativityMaze,INFORMATION,5,150,26,False
2025-12-18 19:57:35,RelativityMaze,INFORMATION,6,150,22,False
2025-12-18 19:57:36,RelativityMaze,INFORMATION,7,920,135,False
2025-12-18 19:57:36,RelativityMaze,INFORMATION,8,80,15,False
2025-12-18 19:57:36,RelativityMaze,INFORMATION,9,130,27,False
2025-12-18 19:57:36,RelativityMaze,INFORMATION,10,720,76,False
2025-12-18 19:57:37,RelativityMaze,INFORMATION,11,480,71,False
2025-12-18 19:57:37,RelativityMaze,INFORMATION,12,540,47,False
2025-12-18 19:57:37,RelativityMaze,INFORMATION,13,520,57,False
2025-12-18 19:57:37,RelativityMaze,INFORMATION,14,370,61,False
2025-12-18 19:57:38,RelativityMaze,INFORMATION,15,670,128,False
2025-12-18 19:57:38,RelativityMaze,INFORMATION,16,150,23,False
2025-12-18 19:57:38,RelativityMaze,INFORMATION,17,100,17,False
2025-12-18 19:57:38,RelativityMaze,INFORMATION,18,110,22,False
2025-12-18 19:57:38,RelativityMaze,INFORMATION,19,310,50,False
2025-12-18 19:57:38,RelativityMaze,INFORMATION,20,210,34,False
2025-12-18 19:57:39,InformationMaze,QUANTUM,1,-380,60,False
2025-12-18 19:57:40,InformationMaze,QUANTUM,2,-2350,154,False
2025-12-18 19:57:40,InformationMaze,QUANTUM,3,-260,47,False
2025-12-18 19:57:40,InformationMaze,QUANTUM,4,-910,77,False
2025-12-18 19:57:40,InformationMaze,QUANTUM,5,-330,46,False
2025-12-18 19:57:41,InformationMaze,QUANTUM,6,-200,57,False
2025-12-18 19:57:41,InformationMaze,QUANTUM,7,-1960,200,False
2025-12-18 19:57:41,InformationMaze,QUANTUM,8,-570,37,False
2025-12-18 19:57:42,InformationMaze,QUANTUM,9,-490,43,False
2025-12-18 19:57:42,InformationMaze,QUANTUM,10,-200,57,False
2025-12-18 19:57:42,InformationMaze,QUANTUM,11,-2140,200,False
2025-12-18 19:57:43,InformationMaze,QUANTUM,12,-210,61,False
2025-12-18 19:57:43,InformationMaze,QUANTUM,13,-410,68,False
2025-12-18 19:57:44,InformationMaze,QUANTUM,14,-720,200,False
2025-12-18 19:57:45,InformationMaze,QUANTUM,15,-2630,200,False
2025-12-18 19:57:45,InformationMaze,QUANTUM,16,-1580,73,False
2025-12-18 19:57:45,InformationMaze,QUANTUM,17,-820,35,False
2025-12-18 19:57:46,InformationMaze,QUANTUM,18,-400,85,False
2025-12-18 19:57:46,InformationMaze,QUANTUM,19,-650,71,False
2025-12-18 19:57:47,InformationMaze,QUANTUM,20,-1130,200,False
2025-12-18 19:57:49,InformationMaze,PHYSICS,1,-2030,200,False
2025-12-18 19:57:50,InformationMaze,PHYSICS,2,-2570,200,False
2025-12-18 19:57:51,InformationMaze,PHYSICS,3,-1940,200,False
2025-12-18 19:57:51,InformationMaze,PHYSICS,4,-3500,200,False
2025-12-18 19:57:52,InformationMaze,PHYSICS,5,-1940,74,False
2025-12-18 19:57:53,InformationMaze,PHYSICS,6,-1160,200,False
2025-12-18 19:57:53,InformationMaze,PHYSICS,7,-1670,113,False
2025-12-18 19:57:54,InformationMaze,PHYSICS,8,-1210,81,False
2025-12-18 19:57:55,InformationMaze,PHYSICS,9,-1080,200,False
2025-12-18 19:57:56,InformationMaze,PHYSICS,10,-620,200,False
2025-12-18 19:57:57,InformationMaze,PHYSICS,11,-1970,200,False
2025-12-18 19:57:58,InformationMaze,PHYSICS,12,-1230,69,False
2025-12-18 19:57:58,InformationMaze,PHYSICS,13,-240,33,False
2025-12-18 19:57:59,InformationMaze,PHYSICS,14,-1490,200,False
2025-12-18 19:58:00,InformationMaze,PHYSICS,15,-220,113,False
2025-12-18 19:58:02,InformationMaze,PHYSICS,16,-1500,200,False
2025-12-18 19:58:02,InformationMaze,PHYSICS,17,-260,32,False
2025-12-18 19:58:03,InformationMaze,PHYSICS,18,-1840,200,False
2025-12-18 19:58:03,InformationMaze,PHYSICS,19,-1930,101,False
2025-12-18 19:58:04,InformationMaze,PHYSICS,20,-1250,200,False
2025-12-18 19:58:05,InformationMaze,RELATIVITY,1,-1170,69,False
2025-12-18 19:58:05,InformationMaze,RELATIVITY,2,-320,32,False
2025-12-18 19:58:05,InformationMaze,RELATIVITY,3,-370,36,False
2025-12-18 19:58:05,InformationMaze,RELATIVITY,4,-770,37,False
2025-12-18 19:58:05,InformationMaze,RELATIVITY,5,-190,38,False
2025-12-18 19:58:06,InformationMaze,RELATIVITY,6,-1910,200,False
2025-12-18 19:58:06,InformationMaze,RELATIVITY,7,-1620,200,False
2025-12-18 19:58:06,InformationMaze,RELATIVITY,8,-230,31,False
2025-12-18 19:58:07,InformationMaze,RELATIVITY,9,-1500,200,False
2025-12-18 19:58:08,InformationMaze,RELATIVITY,10,-270,31,False
2025-12-18 19:58:08,InformationMaze,RELATIVITY,11,-1050,71,False
2025-12-18 19:58:08,InformationMaze,RELATIVITY,12,-1210,200,False
2025-12-18 19:58:08,InformationMaze,RELATIVITY,13,-1190,72,False
2025-12-18 19:58:10,InformationMaze,RELATIVITY,14,-660,200,False
2025-12-18 19:58:10,InformationMaze,RELATIVITY,15,-1160,68,False
2025-12-18 19:58:11,InformationMaze,RELATIVITY,16,-2050,200,False
2025-12-18 19:58:11,InformationMaze,RELATIVITY,17,-1220,65,False
2025-12-18 19:58:11,InformationMaze,RELATIVITY,18,-1950,86,False
2025-12-18 19:58:12,InformationMaze,RELATIVITY,19,-1870,200,False
2025-12-18 19:58:13,InformationMaze,RELATIVITY,20,-1420,88,False
2025-12-18 19:58:13,InformationMaze,INFORMATION,1,-360,68,False
2025-12-18 19:58:14,InformationMaze,INFORMATION,2,-1750,200,False
2025-12-18 19:58:14,InformationMaze,INFORMATION,3,-970,59,False
2025-12-18 19:58:15,InformationMaze,INFORMATION,4,-740,200,False
2025-12-18 19:58:15,InformationMaze,INFORMATION,5,-850,58,False
2025-12-18 19:58:15,InformationMaze,INFORMATION,6,-200,57,False
2025-12-18 19:58:16,InformationMaze,INFORMATION,7,-1580,102,False
2025-12-18 19:58:16,InformationMaze,INFORMATION,8,-1680,200,False
2025-12-18 19:58:16,InformationMaze,INFORMATION,9,-310,34,False
2025-12-18 19:58:17,InformationMaze,INFORMATION,10,-1140,97,False
2025-12-18 19:58:18,InformationMaze,INFORMATION,11,-1450,200,False
2025-12-18 19:58:19,InformationMaze,INFORMATION,12,-1020,200,False
2025-12-18 19:58:19,InformationMaze,INFORMATION,13,-900,200,False
2025-12-18 19:58:20,InformationMaze,INFORMATION,14,-620,126,False
2025-12-18 19:58:20,InformationMaze,INFORMATION,15,-1770,80,False
2025-12-18 19:58:21,InformationMaze,INFORMATION,16,-880,135,False
2025-12-18 19:58:22,InformationMaze,INFORMATION,17,-3540,200,False
2025-12-18 19:58:22,InformationMaze,INFORMATION,18,-230,33,False
2025-12-18 19:58:22,InformationMaze,INFORMATION,19,-770,69,False
2025-12-18 19:58:22,InformationMaze,INFORMATION,20,-110,34,False
2025-12-18 19:59:16,Standard,QUANTUM,1,250,43,True
2025-12-18 19:59:16,Standard,QUANTUM,2,250,43,True
2025-12-18 19:59:16,Standard,QUANTUM,3,250,43,True
2025-12-18 19:59:16,Standard,QUANTUM,4,250,43,True
2025-12-18 19:59:16,Standard,QUANTUM,5,250,43,True
2025-12-18 19:59:17,Standard,QUANTUM,6,250,43,True
2025-12-18 19:59:17,Standard,QUANTUM,7,250,43,True
2025-12-18 19:59:17,Standard,QUANTUM,8,250,43,True
2025-12-18 19:59:17,Standard,QUANTUM,9,250,43,True
2025-12-18 19:59:17,Standard,QUANTUM,10,250,43,True
2025-12-18 19:59:17,Standard,PHYSICS,1,250,43,True
2025-12-18 19:59:18,Standard,PHYSICS,2,250,43,True
2025-12-18 19:59:18,Standard,PHYSICS,3,250,43,True
2025-12-18 19:59:18,Standard,PHYSICS,4,250,43,True
2025-12-18 19:59:19,Standard,PHYSICS,5,250,43,True
2025-12-18 19:59:19,Standard,PHYSICS,6,250,43,True
2025-12-18 19:59:19,Standard,PHYSICS,7,250,43,True
2025-12-18 19:59:20,Standard,PHYSICS,8,250,43,True
2025-12-18 19:59:20,Standard,PHYSICS,9,250,43,True
2025-12-18 19:59:20,Standard,PHYSICS,10,250,43,True
2025-12-18 19:59:20,Standard,RELATIVITY,1,250,43,True
2025-12-18 19:59:20,Standard,RELATIVITY,2,250,43,True
2025-12-18 19:59:20,Standard,RELATIVITY,3,250,43,True
2025-12-18 19:59:21,Standard,RELATIVITY,4,250,43,True
2025-12-18 19:59:21,Standard,RELATIVITY,5,250,43,True
2025-12-18 19:59:21,Standard,RELATIVITY,6,250,43,True
2025-12-18 19:59:21,Standard,RELATIVITY,7,250,43,True
2025-12-18 19:59:21,Standard,RELATIVITY,8,250,43,True
2025-12-18 19:59:21,Standard,RELATIVITY,9,250,43,True
2025-12-18 19:59:21,Standard,RELATIVITY,10,250,43,True
2025-12-18 19:59:21,Standard,INFORMATION,1,250,43,True
2025-12-18 19:59:21,Standard,INFORMATION,2,250,43,True
2025-12-18 19:59:21,Standard,INFORMATION,3,250,43,True
2025-12-18 19:59:22,Standard,INFORMATION,4,250,43,True
2025-12-18 19:59:22,Standard,INFORMATION,5,250,43,True
2025-12-18 19:59:22,Standard,INFORMATION,6,250,43,True
2025-12-18 19:59:22,Standard,INFORMATION,7,250,43,True
2025-12-18 19:59:22,Standard,INFORMATION,8,250,43,True
2025-12-18 19:59:22,Standard,INFORMATION,9,250,43,True
2025-12-18 19:59:22,Standard,INFORMATION,10,250,43,True
2025-12-18 19:59:22,QuantumMaze,QUANTUM,1,430,47,True
2025-12-18 19:59:22,QuantumMaze,QUANTUM,2,430,47,True
2025-12-18 19:59:22,QuantumMaze,QUANTUM,3,430,47,True
2025-12-18 19:59:22,QuantumMaze,QUANTUM,4,430,47,True
2025-12-18 19:59:23,QuantumMaze,QUANTUM,5,430,47,True
2025-12-18 19:59:23,QuantumMaze,QUANTUM,6,430,47,True
2025-12-18 19:59:23,QuantumMaze,QUANTUM,7,430,47,True
2025-12-18 19:59:23,QuantumMaze,QUANTUM,8,430,47,True
2025-12-18 19:59:23,QuantumMaze,QUANTUM,9,430,47,True
2025-12-18 19:59:23,QuantumMaze,QUANTUM,10,430,47,True
2025-12-18 19:59:23,QuantumMaze,PHYSICS,1,80,8,True
2025-12-18 19:59:23,QuantumMaze,PHYSICS,2,80,8,True
2025-12-18 19:59:23,QuantumMaze,PHYSICS,3,80,8,True
2025-12-18 19:59:23,QuantumMaze,PHYSICS,4,80,8,True
2025-12-18 19:59:23,QuantumMaze,PHYSICS,5,80,8,True
2025-12-18 19:59:23,QuantumMaze,PHYSICS,6,80,8,True
2025-12-18 19:59:24,QuantumMaze,PHYSICS,7,80,8,True
2025-12-18 19:59:24,QuantumMaze,PHYSICS,8,80,8,True
2025-12-18 19:59:24,QuantumMaze,PHYSICS,9,80,8,True
2025-12-18 19:59:24,QuantumMaze,PHYSICS,10,80,8,True
2025-12-18 19:59:24,QuantumMaze,RELATIVITY,1,810,196,True
2025-12-18 19:59:25,QuantumMaze,RELATIVITY,2,810,196,True
2025-12-18 19:59:26,QuantumMaze,RELATIVITY,3,810,196,True
2025-12-18 19:59:26,QuantumMaze,RELATIVITY,4,810,196,True
2025-12-18 19:59:27,QuantumMaze,RELATIVITY,5,810,196,True
2025-12-18 19:59:28,QuantumMaze,RELATIVITY,6,810,196,True
2025-12-18 19:59:28,QuantumMaze,RELATIVITY,7,810,196,True
2025-12-18 19:59:29,QuantumMaze,RELATIVITY,8,810,196,True
2025-12-18 19:59:29,QuantumMaze,RELATIVITY,9,810,196,True
2025-12-18 19:59:30,QuantumMaze,RELATIVITY,10,810,196,True
2025-12-18 19:59:30,QuantumMaze,INFORMATION,1,430,47,True
2025-12-18 19:59:30,QuantumMaze,INFORMATION,2,430,47,True
2025-12-18 19:59:30,QuantumMaze,INFORMATION,3,430,47,True
2025-12-18 19:59:31,QuantumMaze,INFORMATION,4,430,47,True
2025-12-18 19:59:31,QuantumMaze,INFORMATION,5,430,47,True
2025-12-18 19:59:31,QuantumMaze,INFORMATION,6,430,47,True
2025-12-18 19:59:31,QuantumMaze,INFORMATION,7,430,47,True
2025-12-18 19:59:31,QuantumMaze,INFORMATION,8,430,47,True
2025-12-18 19:59:31,QuantumMaze,INFORMATION,9,430,47,True
2025-12-18 19:59:31,QuantumMaze,INFORMATION,10,430,47,True
2025-12-18 19:59:32,PhysicsMaze,QUANTUM,1,70,200,True
2025-12-18 19:59:33,PhysicsMaze,QUANTUM,2,70,200,True
2025-12-18 19:59:34,PhysicsMaze,QUANTUM,3,70,200,True
2025-12-18 19:59:36,PhysicsMaze,QUANTUM,4,70,200,True
2025-12-18 19:59:37,PhysicsMaze,QUANTUM,5,70,200,True
2025-12-18 19:59:38,PhysicsMaze,QUANTUM,6,70,200,True
2025-12-18 19:59:39,PhysicsMaze,QUANTUM,7,70,200,True
2025-12-18 19:59:40,PhysicsMaze,QUANTUM,8,70,200,True
2025-12-18 19:59:41,PhysicsMaze,QUANTUM,9,70,200,True
2025-12-18 19:59:42,PhysicsMaze,QUANTUM,10,70,200,True
2025-12-18 19:59:43,PhysicsMaze,PHYSICS,1,100,50,True
2025-12-18 19:59:43,PhysicsMaze,PHYSICS,2,100,50,True
2025-12-18 19:59:43,PhysicsMaze,PHYSICS,3,100,50,True
2025-12-18 19:59:44,PhysicsMaze,PHYSICS,4,100,50,True
2025-12-18 19:59:44,PhysicsMaze,PHYSICS,5,100,50,True
2025-12-18 19:59:44,PhysicsMaze,PHYSICS,6,100,50,True
2025-12-18 19:59:45,PhysicsMaze,PHYSICS,7,100,50,True
2025-12-18 19:59:45,PhysicsMaze,PHYSICS,8,100,50,True
2025-12-18 19:59:46,PhysicsMaze,PHYSICS,9,100,50,True
2025-12-18 19:59:46,PhysicsMaze,PHYSICS,10,100,50,True
2025-12-18 19:59:47,PhysicsMaze,RELATIVITY,1,330,200,True
2025-12-18 19:59:48,PhysicsMaze,RELATIVITY,2,330,200,True
2025-12-18 19:59:50,PhysicsMaze,RELATIVITY,3,330,200,True
2025-12-18 19:59:51,PhysicsMaze,RELATIVITY,4,330,200,True
2025-12-18 19:59:52,PhysicsMaze,RELATIVITY,5,330,200,True
2025-12-18 19:59:53,PhysicsMaze,RELATIVITY,6,330,200,True
2025-12-18 19:59:55,PhysicsMaze,RELATIVITY,7,330,200,True
2025-12-18 19:59:56,PhysicsMaze,RELATIVITY,8,330,200,True
2025-12-18 19:59:57,PhysicsMaze,RELATIVITY,9,330,200,True
2025-12-18 19:59:59,PhysicsMaze,RELATIVITY,10,330,200,True
2025-12-18 20:00:00,PhysicsMaze,INFORMATION,1,70,200,True
2025-12-18 20:00:01,PhysicsMaze,INFORMATION,2,70,200,True
2025-12-18 20:00:02,PhysicsMaze,INFORMATION,3,70,200,True
2025-12-18 20:00:03,PhysicsMaze,INFORMATION,4,70,200,True
2025-12-18 20:00:04,PhysicsMaze,INFORMATION,5,70,200,True
2025-12-18 20:00:05,PhysicsMaze,INFORMATION,6,70,200,True
2025-12-18 20:00:06,PhysicsMaze,INFORMATION,7,70,200,True
2025-12-18 20:00:08,PhysicsMaze,INFORMATION,8,70,200,True
2025-12-18 20:00:09,PhysicsMaze,INFORMATION,9,70,200,True
2025-12-18 20:00:10,PhysicsMaze,INFORMATION,10,70,200,True
2025-12-18 20:00:10,RelativityMaze,QUANTUM,1,50,6,True
2025-12-18 20:00:10,RelativityMaze,QUANTUM,2,50,6,True
2025-12-18 20:00:10,RelativityMaze,QUANTUM,3,50,6,True
2025-12-18 20:00:10,RelativityMaze,QUANTUM,4,50,6,True
2025-12-18 20:00:10,RelativityMaze,QUANTUM,5,50,6,True
2025-12-18 20:00:10,RelativityMaze,QUANTUM,6,50,6,True
2025-12-18 20:00:10,RelativityMaze,QUANTUM,7,50,6,True
2025-12-18 20:00:10,RelativityMaze,QUANTUM,8,50,6,True
2025-12-18 20:00:10,RelativityMaze,QUANTUM,9,50,6,True
2025-12-18 20:00:10,RelativityMaze,QUANTUM,10,50,6,True
2025-12-18 20:00:10,RelativityMaze,PHYSICS,1,50,6,True
2025-12-18 20:00:10,RelativityMaze,PHYSICS,2,50,6,True
2025-12-18 20:00:10,RelativityMaze,PHYSICS,3,50,6,True
2025-12-18 20:00:10,RelativityMaze,PHYSICS,4,50,6,True
2025-12-18 20:00:10,RelativityMaze,PHYSICS,5,50,6,True
2025-12-18 20:00:10,RelativityMaze,PHYSICS,6,50,6,True
2025-12-18 20:00:10,RelativityMaze,PHYSICS,7,50,6,True
2025-12-18 20:00:11,RelativityMaze,PHYSICS,8,50,6,True
2025-12-18 20:00:11,RelativityMaze,PHYSICS,9,50,6,True
2025-12-18 20:00:11,RelativityMaze,PHYSICS,10,50,6,True
2025-12-18 20:00:11,RelativityMaze,RELATIVITY,1,50,6,True
2025-12-18 20:00:11,RelativityMaze,RELATIVITY,2,50,6,True
2025-12-18 20:00:11,RelativityMaze,RELATIVITY,3,50,6,True
2025-12-18 20:00:11,RelativityMaze,RELATIVITY,4,50,6,True
2025-12-18 20:00:11,RelativityMaze,RELATIVITY,5,50,6,True
2025-12-18 20:00:11,RelativityMaze,RELATIVITY,6,50,6,True
2025-12-18 20:00:11,RelativityMaze,RELATIVITY,7,50,6,True
2025-12-18 20:00:11,RelativityMaze,RELATIVITY,8,50,6,True
2025-12-18 20:00:11,RelativityMaze,RELATIVITY,9,50,6,True
2025-12-18 20:00:11,RelativityMaze,RELATIVITY,10,50,6,True
2025-12-18 20:00:11,RelativityMaze,INFORMATION,1,50,6,True
2025-12-18 20:00:11,RelativityMaze,INFORMATION,2,50,6,True
2025-12-18 20:00:11,RelativityMaze,INFORMATION,3,50,6,True
2025-12-18 20:00:11,RelativityMaze,INFORMATION,4,50,6,True
2025-12-18 20:00:11,RelativityMaze,INFORMATION,5,50,6,True
2025-12-18 20:00:11,RelativityMaze,INFORMATION,6,50,6,True
2025-12-18 20:00:11,RelativityMaze,INFORMATION,7,50,6,True
2025-12-18 20:00:11,RelativityMaze,INFORMATION,8,50,6,True
2025-12-18 20:00:11,RelativityMaze,INFORMATION,9,50,6,True
2025-12-18 20:00:11,RelativityMaze,INFORMATION,10,50,6,True
2025-12-18 20:00:11,InformationMaze,QUANTUM,1,-230,29,True
2025-12-18 20:00:11,InformationMaze,QUANTUM,2,-230,29,True
2025-12-18 20:00:11,InformationMaze,QUANTUM,3,-230,29,True
2025-12-18 20:00:11,InformationMaze,QUANTUM,4,-230,29,True
2025-12-18 20:00:12,InformationMaze,QUANTUM,5,-230,29,True
2025-12-18 20:00:12,InformationMaze,QUANTUM,6,-230,29,True
2025-12-18 20:00:12,InformationMaze,QUANTUM,7,-230,29,True
2025-12-18 20:00:12,InformationMaze,QUANTUM,8,-230,29,True
2025-12-18 20:00:12,InformationMaze,QUANTUM,9,-230,29,True
2025-12-18 20:00:12,InformationMaze,QUANTUM,10,-230,29,True
2025-12-18 20:00:13,InformationMaze,PHYSICS,1,-1410,200,True
2025-12-18 20:00:15,InformationMaze,PHYSICS,2,-1410,200,True
2025-12-18 20:00:16,InformationMaze,PHYSICS,3,-1410,200,True
2025-12-18 20:00:17,InformationMaze,PHYSICS,4,-1410,200,True
2025-12-18 20:00:18,InformationMaze,PHYSICS,5,-1410,200,True
2025-12-18 20:00:19,InformationMaze,PHYSICS,6,-1410,200,True
2025-12-18 20:00:21,InformationMaze,PHYSICS,7,-1410,200,True
2025-12-18 20:00:22,InformationMaze,PHYSICS,8,-1410,200,True
2025-12-18 20:00:23,InformationMaze,PHYSICS,9,-1410,200,True
2025-12-18 20:00:24,InformationMaze,PHYSICS,10,-1410,200,True
2025-12-18 20:00:25,InformationMaze,RELATIVITY,1,-1000,200,True
2025-12-18 20:00:25,InformationMaze,RELATIVITY,2,-1000,200,True
2025-12-18 20:00:26,InformationMaze,RELATIVITY,3,-1000,200,True
2025-12-18 20:00:26,InformationMaze,RELATIVITY,4,-1000,200,True
2025-12-18 20:00:27,InformationMaze,RELATIVITY,5,-1000,200,True
2025-12-18 20:00:28,InformationMaze,RELATIVITY,6,-1000,200,True
2025-12-18 20:00:28,InformationMaze,RELATIVITY,7,-1000,200,True
2025-12-18 20:00:29,InformationMaze,RELATIVITY,8,-1000,200,True
2025-12-18 20:00:29,InformationMaze,RELATIVITY,9,-1000,200,True
2025-12-18 20:00:30,InformationMaze,RELATIVITY,10,-1000,200,True
2025-12-18 20:00:30,InformationMaze,INFORMATION,1,-1000,200,True
2025-12-18 20:00:31,InformationMaze,INFORMATION,2,-1000,200,True
2025-12-18 20:00:32,InformationMaze,INFORMATION,3,-1000,200,True
2025-12-18 20:00:32,InformationMaze,INFORMATION,4,-1000,200,True
2025-12-18 20:00:33,InformationMaze,INFORMATION,5,-1000,200,True
2025-12-18 20:00:33,InformationMaze,INFORMATION,6,-1000,200,True
2025-12-18 20:00:34,InformationMaze,INFORMATION,7,-1000,200,True
2025-12-18 20:00:34,InformationMaze,INFORMATION,8,-1000,200,True
2025-12-18 20:00:35,InformationMaze,INFORMATION,9,-1000,200,True
2025-12-18 20:00:36,InformationMaze,INFORMATION,10,-1000,200,True
2025-12-18 20:04:02,Standard,QUANTUM,1,250,43,True
2025-12-18 20:04:02,Standard,QUANTUM,2,250,43,True
2025-12-18 20:04:02,Standard,QUANTUM,3,250,43,True
2025-12-18 20:04:03,Standard,QUANTUM,4,250,43,True
2025-12-18 20:04:03,Standard,QUANTUM,5,250,43,True
2025-12-18 20:04:03,Standard,QUANTUM,6,250,43,True
2025-12-18 20:04:03,Standard,QUANTUM,7,250,43,True
2025-12-18 20:04:03,Standard,QUANTUM,8,250,43,True
2025-12-18 20:04:03,Standard,QUANTUM,9,250,43,True
2025-12-18 20:04:03,Standard,QUANTUM,10,250,43,True
2025-12-18 20:04:03,Standard,PHYSICS,1,250,43,True
2025-12-18 20:04:04,Standard,PHYSICS,2,250,43,True
2025-12-18 20:04:04,Standard,PHYSICS,3,250,43,True
2025-12-18 20:04:04,Standard,PHYSICS,4,250,43,True
2025-12-18 20:04:05,Standard,PHYSICS,5,250,43,True
2025-12-18 20:04:05,Standard,PHYSICS,6,250,43,True
2025-12-18 20:04:05,Standard,PHYSICS,7,250,43,True
2025-12-18 20:04:05,Standard,PHYSICS,8,250,43,True
2025-12-18 20:04:06,Standard,PHYSICS,9,250,43,True
2025-12-18 20:04:06,Standard,PHYSICS,10,250,43,True
2025-12-18 20:04:06,Standard,RELATIVITY,1,250,43,True
2025-12-18 20:04:06,Standard,RELATIVITY,2,250,43,True
2025-12-18 20:04:06,Standard,RELATIVITY,3,250,43,True
2025-12-18 20:04:06,Standard,RELATIVITY,4,250,43,True
2025-12-18 20:04:07,Standard,RELATIVITY,5,250,43,True
2025-12-18 20:04:07,Standard,RELATIVITY,6,250,43,True
2025-12-18 20:04:07,Standard,RELATIVITY,7,250,43,True
2025-12-18 20:04:07,Standard,RELATIVITY,8,250,43,True
2025-12-18 20:04:07,Standard,RELATIVITY,9,250,43,True
2025-12-18 20:04:07,Standard,RELATIVITY,10,250,43,True
2025-12-18 20:04:07,Standard,INFORMATION,1,250,43,True
2025-12-18 20:04:07,Standard,INFORMATION,2,250,43,True
2025-12-18 20:04:07,Standard,INFORMATION,3,250,43,True
2025-12-18 20:04:07,Standard,INFORMATION,4,250,43,True
2025-12-18 20:04:07,Standard,INFORMATION,5,250,43,True
2025-12-18 20:04:08,Standard,INFORMATION,6,250,43,True
2025-12-18 20:04:08,Standard,INFORMATION,7,250,43,True
2025-12-18 20:04:08,Standard,INFORMATION,8,250,43,True
2025-12-18 20:04:08,Standard,INFORMATION,9,250,43,True
2025-12-18 20:04:08,Standard,INFORMATION,10,250,43,True
2025-12-18 20:04:08,QuantumMaze,QUANTUM,1,430,47,True
2025-12-18 20:04:08,QuantumMaze,QUANTUM,2,430,47,True
2025-12-18 20:04:08,QuantumMaze,QUANTUM,3,430,47,True
2025-12-18 20:04:08,QuantumMaze,QUANTUM,4,430,47,True
2025-12-18 20:04:08,QuantumMaze,QUANTUM,5,430,47,True
2025-12-18 20:04:09,QuantumMaze,QUANTUM,6,430,47,True
2025-12-18 20:04:09,QuantumMaze,QUANTUM,7,430,47,True
2025-12-18 20:04:09,QuantumMaze,QUANTUM,8,430,47,True
2025-12-18 20:04:09,QuantumMaze,QUANTUM,9,430,47,True
2025-12-18 20:04:09,QuantumMaze,QUANTUM,10,430,47,True
2025-12-18 20:04:09,QuantumMaze,PHYSICS,1,80,8,True
2025-12-18 20:04:09,QuantumMaze,PHYSICS,2,80,8,True
2025-12-18 20:04:09,QuantumMaze,PHYSICS,3,80,8,True
2025-12-18 20:04:09,QuantumMaze,PHYSICS,4,80,8,True
2025-12-18 20:04:09,QuantumMaze,PHYSICS,5,80,8,True
2025-12-18 20:04:09,QuantumMaze,PHYSICS,6,80,8,True
2025-12-18 20:04:09,QuantumMaze,PHYSICS,7,80,8,True
2025-12-18 20:04:09,QuantumMaze,PHYSICS,8,80,8,True
2025-12-18 20:04:09,QuantumMaze,PHYSICS,9,80,8,True
2025-12-18 20:04:10,QuantumMaze,PHYSICS,10,80,8,True
2025-12-18 20:04:10,QuantumMaze,RELATIVITY,1,810,196,True
2025-12-18 20:04:11,QuantumMaze,RELATIVITY,2,810,196,True
2025-12-18 20:04:11,QuantumMaze,RELATIVITY,3,810,196,True
2025-12-18 20:04:12,QuantumMaze,RELATIVITY,4,810,196,True
2025-12-18 20:04:13,QuantumMaze,RELATIVITY,5,810,196,True
2025-12-18 20:04:13,QuantumMaze,RELATIVITY,6,810,196,True
2025-12-18 20:04:14,QuantumMaze,RELATIVITY,7,810,196,True
2025-12-18 20:04:15,QuantumMaze,RELATIVITY,8,810,196,True
2025-12-18 20:04:15,QuantumMaze,RELATIVITY,9,810,196,True
2025-12-18 20:04:16,QuantumMaze,RELATIVITY,10,810,196,True
2025-12-18 20:04:16,QuantumMaze,INFORMATION,1,430,47,True
2025-12-18 20:04:16,QuantumMaze,INFORMATION,2,430,47,True
2025-12-18 20:04:16,QuantumMaze,INFORMATION,3,430,47,True
2025-12-18 20:04:16,QuantumMaze,INFORMATION,4,430,47,True
2025-12-18 20:04:16,QuantumMaze,INFORMATION,5,430,47,True
2025-12-18 20:04:16,QuantumMaze,INFORMATION,6,430,47,True
2025-12-18 20:04:17,QuantumMaze,INFORMATION,7,430,47,True
2025-12-18 20:04:17,QuantumMaze,INFORMATION,8,430,47,True
2025-12-18 20:04:17,QuantumMaze,INFORMATION,9,430,47,True
2025-12-18 20:04:17,QuantumMaze,INFORMATION,10,430,47,True
2025-12-18 20:04:18,PhysicsMaze,QUANTUM,1,70,200,True
2025-12-18 20:04:19,PhysicsMaze,QUANTUM,2,70,200,True
2025-12-18 20:04:20,PhysicsMaze,QUANTUM,3,70,200,True
2025-12-18 20:04:21,PhysicsMaze,QUANTUM,4,70,200,True
2025-12-18 20:04:22,PhysicsMaze,QUANTUM,5,70,200,True
2025-12-18 20:04:23,PhysicsMaze,QUANTUM,6,70,200,True
2025-12-18 20:04:24,PhysicsMaze,QUANTUM,7,70,200,True
2025-12-18 20:04:25,PhysicsMaze,QUANTUM,8,70,200,True
2025-12-18 20:04:27,PhysicsMaze,QUANTUM,9,70,200,True
2025-12-18 20:04:28,PhysicsMaze,QUANTUM,10,70,200,True
2025-12-18 20:04:28,PhysicsMaze,PHYSICS,1,100,50,True
2025-12-18 20:04:28,PhysicsMaze,PHYSICS,2,100,50,True
2025-12-18 20:04:29,PhysicsMaze,PHYSICS,3,100,50,True
2025-12-18 20:04:29,PhysicsMaze,PHYSICS,4,100,50,True
2025-12-18 20:04:29,PhysicsMaze,PHYSICS,5,100,50,True
2025-12-18 20:04:30,PhysicsMaze,PHYSICS,6,100,50,True
2025-12-18 20:04:30,PhysicsMaze,PHYSICS,7,100,50,True
2025-12-18 20:04:31,PhysicsMaze,PHYSICS,8,100,50,True
2025-12-18 20:04:31,PhysicsMaze,PHYSICS,9,100,50,True
2025-12-18 20:04:31,PhysicsMaze,PHYSICS,10,100,50,True
2025-12-18 20:04:33,PhysicsMaze,RELATIVITY,1,330,200,True
2025-12-18 20:04:34,PhysicsMaze,RELATIVITY,2,330,200,True
2025-12-18 20:04:35,PhysicsMaze,RELATIVITY,3,330,200,True
2025-12-18 20:04:37,PhysicsMaze,RELATIVITY,4,330,200,True
2025-12-18 20:04:38,PhysicsMaze,RELATIVITY,5,330,200,True
2025-12-18 20:04:39,PhysicsMaze,RELATIVITY,6,330,200,True
2025-12-18 20:04:41,PhysicsMaze,RELATIVITY,7,330,200,True
2025-12-18 20:04:42,PhysicsMaze,RELATIVITY,8,330,200,True
2025-12-18 20:04:43,PhysicsMaze,RELATIVITY,9,330,200,True
2025-12-18 20:04:44,PhysicsMaze,RELATIVITY,10,330,200,True
2025-12-18 20:04:45,PhysicsMaze,INFORMATION,1,70,200,True
2025-12-18 20:04:47,PhysicsMaze,INFORMATION,2,70,200,True
2025-12-18 20:04:48,PhysicsMaze,INFORMATION,3,70,200,True
2025-12-18 20:04:49,PhysicsMaze,INFORMATION,4,70,200,True
2025-12-18 20:04:50,PhysicsMaze,INFORMATION,5,70,200,True
2025-12-18 20:04:51,PhysicsMaze,INFORMATION,6,70,200,True
2025-12-18 20:04:52,PhysicsMaze,INFORMATION,7,70,200,True
2025-12-18 20:04:54,PhysicsMaze,INFORMATION,8,70,200,True
2025-12-18 20:04:55,PhysicsMaze,INFORMATION,9,70,200,True
2025-12-18 20:04:56,PhysicsMaze,INFORMATION,10,70,200,True
2025-12-18 20:04:56,RelativityMaze,QUANTUM,1,50,6,True
2025-12-18 20:04:56,RelativityMaze,QUANTUM,2,50,6,True
2025-12-18 20:04:56,RelativityMaze,QUANTUM,3,50,6,True
2025-12-18 20:04:56,RelativityMaze,QUANTUM,4,50,6,True
2025-12-18 20:04:56,RelativityMaze,QUANTUM,5,50,6,True
2025-12-18 20:04:56,RelativityMaze,QUANTUM,6,50,6,True
2025-12-18 20:04:56,RelativityMaze,QUANTUM,7,50,6,True
2025-12-18 20:04:56,RelativityMaze,QUANTUM,8,50,6,True
2025-12-18 20:04:56,RelativityMaze,QUANTUM,9,50,6,True
2025-12-18 20:04:56,RelativityMaze,QUANTUM,10,50,6,True
2025-12-18 20:04:56,RelativityMaze,PHYSICS,1,50,6,True
2025-12-18 20:04:56,RelativityMaze,PHYSICS,2,50,6,True
2025-12-18 20:04:56,RelativityMaze,PHYSICS,3,50,6,True
2025-12-18 20:04:56,RelativityMaze,PHYSICS,4,50,6,True
2025-12-18 20:04:56,RelativityMaze,PHYSICS,5,50,6,True
2025-12-18 20:04:56,RelativityMaze,PHYSICS,6,50,6,True
2025-12-18 20:04:56,RelativityMaze,PHYSICS,7,50,6,True
2025-12-18 20:04:56,RelativityMaze,PHYSICS,8,50,6,True
2025-12-18 20:04:56,RelativityMaze,PHYSICS,9,50,6,True
2025-12-18 20:04:57,RelativityMaze,PHYSICS,10,50,6,True
2025-12-18 20:04:57,RelativityMaze,RELATIVITY,1,50,6,True
2025-12-18 20:04:57,RelativityMaze,RELATIVITY,2,50,6,True
2025-12-18 20:04:57,RelativityMaze,RELATIVITY,3,50,6,True
2025-12-18 20:04:57,RelativityMaze,RELATIVITY,4,50,6,True
2025-12-18 20:04:57,RelativityMaze,RELATIVITY,5,50,6,True
2025-12-18 20:04:57,RelativityMaze,RELATIVITY,6,50,6,True
2025-12-18 20:04:57,RelativityMaze,RELATIVITY,7,50,6,True
2025-12-18 20:04:57,RelativityMaze,RELATIVITY,8,50,6,True
2025-12-18 20:04:57,RelativityMaze,RELATIVITY,9,50,6,True
2025-12-18 20:04:57,RelativityMaze,RELATIVITY,10,50,6,True
2025-12-18 20:04:57,RelativityMaze,INFORMATION,1,50,6,True
2025-12-18 20:04:57,RelativityMaze,INFORMATION,2,50,6,True
2025-12-18 20:04:57,RelativityMaze,INFORMATION,3,50,6,True
2025-12-18 20:04:57,RelativityMaze,INFORMATION,4,50,6,True
2025-12-18 20:04:57,RelativityMaze,INFORMATION,5,50,6,True
2025-12-18 20:04:57,RelativityMaze,INFORMATION,6,50,6,True
2025-12-18 20:04:57,RelativityMaze,INFORMATION,7,50,6,True
2025-12-18 20:04:57,RelativityMaze,INFORMATION,8,50,6,True
2025-12-18 20:04:57,RelativityMaze,INFORMATION,9,50,6,True
2025-12-18 20:04:57,RelativityMaze,INFORMATION,10,50,6,True
2025-12-18 20:04:57,InformationMaze,QUANTUM,1,-230,29,True
2025-12-18 20:04:57,InformationMaze,QUANTUM,2,-230,29,True
2025-12-18 20:04:57,InformationMaze,QUANTUM,3,-230,29,True
2025-12-18 20:04:57,InformationMaze,QUANTUM,4,-230,29,True
2025-12-18 20:04:58,InformationMaze,QUANTUM,5,-230,29,True
2025-12-18 20:04:58,InformationMaze,QUANTUM,6,-230,29,True
2025-12-18 20:04:58,InformationMaze,QUANTUM,7,-230,29,True
2025-12-18 20:04:58,InformationMaze,QUANTUM,8,-230,29,True
2025-12-18 20:04:58,InformationMaze,QUANTUM,9,-230,29,True
2025-12-18 20:04:58,InformationMaze,QUANTUM,10,-230,29,True
2025-12-18 20:04:59,InformationMaze,PHYSICS,1,-1410,200,True
2025-12-18 20:05:00,InformationMaze,PHYSICS,2,-1410,200,True
2025-12-18 20:05:01,InformationMaze,PHYSICS,3,-1410,200,True
2025-12-18 20:05:03,InformationMaze,PHYSICS,4,-1410,200,True
2025-12-18 20:05:04,InformationMaze,PHYSICS,5,-1410,200,True
2025-12-18 20:05:05,InformationMaze,PHYSICS,6,-1410,200,True
2025-12-18 20:05:06,InformationMaze,PHYSICS,7,-1410,200,True
2025-12-18 20:05:07,InformationMaze,PHYSICS,8,-1410,200,True
2025-12-18 20:05:08,InformationMaze,PHYSICS,9,-1410,200,True
2025-12-18 20:05:09,InformationMaze,PHYSICS,10,-1410,200,True
2025-12-18 20:05:10,InformationMaze,RELATIVITY,1,-1000,200,True
2025-12-18 20:05:11,InformationMaze,RELATIVITY,2,-1000,200,True
2025-12-18 20:05:11,InformationMaze,RELATIVITY,3,-1000,200,True
2025-12-18 20:05:12,InformationMaze,RELATIVITY,4,-1000,200,True
2025-12-18 20:05:12,InformationMaze,RELATIVITY,5,-1000,200,True
2025-12-18 20:05:13,InformationMaze,RELATIVITY,6,-1000,200,True
2025-12-18 20:05:13,InformationMaze,RELATIVITY,7,-1000,200,True
2025-12-18 20:05:14,InformationMaze,RELATIVITY,8,-1000,200,True
2025-12-18 20:05:14,InformationMaze,RELATIVITY,9,-1000,200,True
2025-12-18 20:05:15,InformationMaze,RELATIVITY,10,-1000,200,True
2025-12-18 20:05:15,InformationMaze,INFORMATION,1,-1000,200,True
2025-12-18 20:05:16,InformationMaze,INFORMATION,2,-1000,200,True
2025-12-18 20:05:17,InformationMaze,INFORMATION,3,-1000,200,True
2025-12-18 20:05:17,InformationMaze,INFORMATION,4,-1000,200,True
2025-12-18 20:05:18,InformationMaze,INFORMATION,5,-1000,200,True
2025-12-18 20:05:18,InformationMaze,INFORMATION,6,-1000,200,True
2025-12-18 20:05:19,InformationMaze,INFORMATION,7,-1000,200,True
2025-12-18 20:05:19,InformationMaze,INFORMATION,8,-1000,200,True
2025-12-18 20:05:20,InformationMaze,INFORMATION,9,-1000,200,True
2025-12-18 20:05:20,InformationMaze,INFORMATION,10,-1000,200,True
2025-12-18 22:18:15,Standard,QUANTUM,1,250,43,True
2025-12-18 22:18:15,Standard,QUANTUM,2,220,41,True
2025-12-18 22:18:15,Standard,QUANTUM,3,390,47,True
2025-12-18 22:18:15,Standard,QUANTUM,4,100,16,True
2025-12-18 22:18:15,Standard,QUANTUM,5,220,41,True
2025-12-18 22:18:15,Standard,QUANTUM,6,40,16,True
2025-12-18 22:18:15,Standard,QUANTUM,7,130,15,True
2025-12-18 22:18:16,Standard,QUANTUM,8,130,15,True
2025-12-18 22:18:16,Standard,QUANTUM,9,190,32,True
2025-12-18 22:18:16,Standard,QUANTUM,10,60,13,True
2025-12-18 22:18:16,Standard,PHYSICS,1,60,16,True
2025-12-18 22:18:17,Standard,PHYSICS,2,270,44,True
2025-12-18 22:18:17,Standard,PHYSICS,3,250,36,True
2025-12-18 22:18:18,Standard,PHYSICS,4,260,46,True
2025-12-18 22:18:18,Standard,PHYSICS,5,120,14,True
2025-12-18 22:18:19,Standard,PHYSICS,6,270,73,True
2025-12-18 22:18:20,Standard,PHYSICS,7,140,21,True
2025-12-18 22:18:20,Standard,PHYSICS,8,60,15,True
2025-12-18 22:18:20,Standard,PHYSICS,9,40,17,True
2025-12-18 22:18:20,Standard,PHYSICS,10,40,17,True
2025-12-18 22:18:21,Standard,RELATIVITY,1,40,17,True
2025-12-18 22:18:21,Standard,RELATIVITY,2,40,17,True
2025-12-18 22:18:21,Standard,RELATIVITY,3,40,17,True
2025-12-18 22:18:21,Standard,RELATIVITY,4,40,17,True
2025-12-18 22:18:22,Standard,RELATIVITY,5,40,17,True
2025-12-18 22:18:22,Standard,RELATIVITY,6,40,17,True
2025-12-18 22:18:22,Standard,RELATIVITY,7,40,17,True
2025-12-18 22:18:22,Standard,RELATIVITY,8,40,17,True
2025-12-18 22:18:23,Standard,RELATIVITY,9,40,17,True
2025-12-18 22:18:23,Standard,RELATIVITY,10,40,17,True
2025-12-18 22:18:23,Standard,INFORMATION,1,40,17,True
2025-12-18 22:18:23,Standard,INFORMATION,2,40,17,True
2025-12-18 22:18:24,Standard,INFORMATION,3,40,17,True
2025-12-18 22:18:24,Standard,INFORMATION,4,40,18,True
2025-12-18 22:18:24,Standard,INFORMATION,5,40,17,True
2025-12-18 22:18:24,Standard,INFORMATION,6,40,17,True
2025-12-18 22:18:25,Standard,INFORMATION,7,40,17,True
2025-12-18 22:18:25,Standard,INFORMATION,8,40,17,True
2025-12-18 22:18:25,Standard,INFORMATION,9,40,17,True
2025-12-18 22:18:25,Standard,INFORMATION,10,40,17,True
2025-12-18 22:18:26,QuantumMaze,QUANTUM,1,40,17,True
2025-12-18 22:18:26,QuantumMaze,QUANTUM,2,40,17,True
2025-12-18 22:18:26,QuantumMaze,QUANTUM,3,40,17,True
2025-12-18 22:18:27,QuantumMaze,QUANTUM,4,450,52,True
2025-12-18 22:18:27,QuantumMaze,QUANTUM,5,40,17,True
2025-12-18 22:18:28,QuantumMaze,QUANTUM,6,40,19,True
2025-12-18 22:18:28,QuantumMaze,QUANTUM,7,40,17,True
2025-12-18 22:18:28,QuantumMaze,QUANTUM,8,40,17,True
2025-12-18 22:18:28,QuantumMaze,QUANTUM,9,40,17,True
2025-12-18 22:18:29,QuantumMaze,QUANTUM,10,40,17,True
2025-12-18 22:18:29,QuantumMaze,PHYSICS,1,40,17,True
2025-12-18 22:18:29,QuantumMaze,PHYSICS,2,40,19,True
2025-12-18 22:18:29,QuantumMaze,PHYSICS,3,40,17,True
2025-12-18 22:18:30,QuantumMaze,PHYSICS,4,40,17,True
2025-12-18 22:18:30,QuantumMaze,PHYSICS,5,40,17,True
2025-12-18 22:18:30,QuantumMaze,PHYSICS,6,40,17,True
2025-12-18 22:18:31,QuantumMaze,PHYSICS,7,40,17,True
2025-12-18 22:18:32,QuantumMaze,PHYSICS,8,390,69,True
2025-12-18 22:18:32,QuantumMaze,PHYSICS,9,40,17,True
2025-12-18 22:18:32,QuantumMaze,PHYSICS,10,40,17,True
2025-12-18 22:18:32,QuantumMaze,RELATIVITY,1,40,17,True
2025-12-18 22:18:33,QuantumMaze,RELATIVITY,2,40,17,True
2025-12-18 22:18:33,QuantumMaze,RELATIVITY,3,40,17,True
2025-12-18 22:18:33,QuantumMaze,RELATIVITY,4,40,17,True
2025-12-18 22:18:34,QuantumMaze,RELATIVITY,5,40,17,True
2025-12-18 22:18:34,QuantumMaze,RELATIVITY,6,40,17,True
2025-12-18 22:18:34,QuantumMaze,RELATIVITY,7,40,17,True
2025-12-18 22:18:34,QuantumMaze,RELATIVITY,8,40,17,True
2025-12-18 22:18:35,QuantumMaze,RELATIVITY,9,40,17,True
2025-12-18 22:18:35,QuantumMaze,RELATIVITY,10,40,17,True
2025-12-18 22:18:35,QuantumMaze,INFORMATION,1,40,17,True
2025-12-18 22:18:35,QuantumMaze,INFORMATION,2,40,17,True
2025-12-18 22:18:36,QuantumMaze,INFORMATION,3,40,17,True
2025-12-18 22:18:36,QuantumMaze,INFORMATION,4,440,64,True
2025-12-18 22:18:37,QuantumMaze,INFORMATION,5,40,17,True
2025-12-18 22:18:37,QuantumMaze,INFORMATION,6,40,17,True
2025-12-18 22:18:37,QuantumMaze,INFORMATION,7,40,17,True
2025-12-18 22:18:37,QuantumMaze,INFORMATION,8,40,17,True
2025-12-18 22:18:38,QuantumMaze,INFORMATION,9,40,21,True
2025-12-18 22:18:38,QuantumMaze,INFORMATION,10,40,17,True
2025-12-18 22:18:40,PhysicsMaze,QUANTUM,1,320,185,True
2025-12-18 22:18:41,PhysicsMaze,QUANTUM,2,260,50,True
2025-12-18 22:18:41,PhysicsMaze,QUANTUM,3,150,20,True
2025-12-18 22:18:42,PhysicsMaze,QUANTUM,4,220,35,True
2025-12-18 22:18:43,PhysicsMaze,QUANTUM,5,250,40,True
2025-12-18 22:18:43,PhysicsMaze,QUANTUM,6,220,35,True
2025-12-18 22:18:44,PhysicsMaze,QUANTUM,7,220,35,True
2025-12-18 22:18:44,PhysicsMaze,QUANTUM,8,220,40,True
2025-12-18 22:18:45,PhysicsMaze,QUANTUM,9,280,45,True
2025-12-18 22:18:46,PhysicsMaze,QUANTUM,10,220,40,True
2025-12-18 22:18:47,PhysicsMaze,PHYSICS,1,250,40,True
2025-12-18 22:18:47,PhysicsMaze,PHYSICS,2,250,40,True
2025-12-18 22:18:48,PhysicsMaze,PHYSICS,3,250,40,True
2025-12-18 22:18:49,PhysicsMaze,PHYSICS,4,250,45,True
2025-12-18 22:18:49,PhysicsMaze,PHYSICS,5,310,55,True
2025-12-18 22:18:50,PhysicsMaze,PHYSICS,6,280,35,True
2025-12-18 22:18:51,PhysicsMaze,PHYSICS,7,270,50,True
2025-12-18 22:18:52,PhysicsMaze,PHYSICS,8,270,50,True
2025-12-18 22:18:53,PhysicsMaze,PHYSICS,9,290,50,True
2025-12-18 22:18:53,PhysicsMaze,PHYSICS,10,120,50,True
2025-12-18 22:18:54,PhysicsMaze,RELATIVITY,1,120,50,True
2025-12-18 22:18:55,PhysicsMaze,RELATIVITY,2,150,40,True
2025-12-18 22:18:56,PhysicsMaze,RELATIVITY,3,220,40,True
2025-12-18 22:18:56,PhysicsMaze,RELATIVITY,4,220,40,True
2025-12-18 22:18:57,PhysicsMaze,RELATIVITY,5,220,40,True
2025-12-18 22:18:58,PhysicsMaze,RELATIVITY,6,220,40,True
2025-12-18 22:18:58,PhysicsMaze,RELATIVITY,7,220,30,True
2025-12-18 22:18:59,PhysicsMaze,RELATIVITY,8,220,40,True
2025-12-18 22:19:00,PhysicsMaze,RELATIVITY,9,220,40,True
2025-12-18 22:19:00,PhysicsMaze,RELATIVITY,10,220,40,True
2025-12-18 22:19:01,PhysicsMaze,INFORMATION,1,120,50,True
2025-12-18 22:19:02,PhysicsMaze,INFORMATION,2,220,40,True
2025-12-18 22:19:02,PhysicsMaze,INFORMATION,3,220,40,True
2025-12-18 22:19:03,PhysicsMaze,INFORMATION,4,120,50,True
2025-12-18 22:19:04,PhysicsMaze,INFORMATION,5,220,40,True
2025-12-18 22:19:05,PhysicsMaze,INFORMATION,6,220,40,True
2025-12-18 22:19:06,PhysicsMaze,INFORMATION,7,120,50,True
2025-12-18 22:19:06,PhysicsMaze,INFORMATION,8,220,40,True
2025-12-18 22:19:07,PhysicsMaze,INFORMATION,9,220,40,True
2025-12-18 22:19:08,PhysicsMaze,INFORMATION,10,220,40,True
2025-12-18 22:19:10,RelativityMaze,QUANTUM,1,140,163,True
2025-12-18 22:19:11,RelativityMaze,QUANTUM,2,120,15,True
2025-12-18 22:19:12,RelativityMaze,QUANTUM,3,640,88,True
2025-12-18 22:19:12,RelativityMaze,QUANTUM,4,150,23,True
2025-12-18 22:19:14,RelativityMaze,QUANTUM,5,960,88,True
2025-12-18 22:19:15,RelativityMaze,QUANTUM,6,570,62,True
2025-12-18 22:19:16,RelativityMaze,QUANTUM,7,170,55,True
2025-12-18 22:19:17,RelativityMaze,QUANTUM,8,890,110,True
2025-12-18 22:19:19,RelativityMaze,QUANTUM,9,750,92,True
2025-12-18 22:19:21,RelativityMaze,QUANTUM,10,700,88,True
2025-12-18 22:19:22,RelativityMaze,PHYSICS,1,710,86,True
2025-12-18 22:19:23,RelativityMaze,PHYSICS,2,350,68,True
2025-12-18 22:19:25,RelativityMaze,PHYSICS,3,650,75,True
2025-12-18 22:19:26,RelativityMaze,PHYSICS,4,670,79,True
2025-12-18 22:19:27,RelativityMaze,PHYSICS,5,810,72,True
2025-12-18 22:19:29,RelativityMaze,PHYSICS,6,620,70,True
2025-12-18 22:19:30,RelativityMaze,PHYSICS,7,600,62,True
2025-12-18 22:19:31,RelativityMaze,PHYSICS,8,680,81,True
2025-12-18 22:19:33,RelativityMaze,PHYSICS,9,570,74,True
2025-12-18 22:19:35,RelativityMaze,PHYSICS,10,600,171,True
2025-12-18 22:19:38,RelativityMaze,RELATIVITY,1,600,134,True
2025-12-18 22:19:39,RelativityMaze,RELATIVITY,2,460,86,True
2025-12-18 22:19:40,RelativityMaze,RELATIVITY,3,600,62,True
2025-12-18 22:19:42,RelativityMaze,RELATIVITY,4,720,110,True
2025-12-18 22:19:43,RelativityMaze,RELATIVITY,5,600,62,True
2025-12-18 22:19:45,RelativityMaze,RELATIVITY,6,800,70,True
2025-12-18 22:19:46,RelativityMaze,RELATIVITY,7,740,65,True
2025-12-18 22:19:47,RelativityMaze,RELATIVITY,8,750,71,True
2025-12-18 22:19:47,RelativityMaze,RELATIVITY,9,150,18,True
2025-12-18 22:19:50,RelativityMaze,RELATIVITY,10,750,200,True
2025-12-18 22:19:51,RelativityMaze,INFORMATION,1,150,18,True
2025-12-18 22:19:53,RelativityMaze,INFORMATION,2,870,121,True
2025-12-18 22:19:53,RelativityMaze,INFORMATION,3,150,18,True
2025-12-18 22:19:55,RelativityMaze,INFORMATION,4,790,117,True
2025-12-18 22:19:56,RelativityMaze,INFORMATION,5,730,62,True
2025-12-18 22:19:58,RelativityMaze,INFORMATION,6,620,97,True
2025-12-18 22:19:58,RelativityMaze,INFORMATION,7,150,18,True
2025-12-18 22:20:00,RelativityMaze,INFORMATION,8,700,91,True
2025-12-18 22:20:00,RelativityMaze,INFORMATION,9,150,18,True
2025-12-18 22:20:01,RelativityMaze,INFORMATION,10,660,65,True
2025-12-18 22:20:04,InformationMaze,QUANTUM,1,-1790,156,True
2025-12-18 22:20:06,InformationMaze,QUANTUM,2,-2160,81,True
2025-12-18 22:20:08,InformationMaze,QUANTUM,3,-3460,197,True
2025-12-18 22:20:11,InformationMaze,QUANTUM,4,-2140,116,True
2025-12-18 22:20:14,InformationMaze,QUANTUM,5,-1800,200,True
2025-12-18 22:20:16,InformationMaze,QUANTUM,6,-1320,155,True
2025-12-18 22:20:19,InformationMaze,QUANTUM,7,-1370,134,True
2025-12-18 22:20:21,InformationMaze,QUANTUM,8,-1850,137,True
2025-12-18 22:20:24,InformationMaze,QUANTUM,9,-2190,200,True
2025-12-18 22:20:26,InformationMaze,QUANTUM,10,-2510,129,True
2025-12-18 22:20:29,InformationMaze,PHYSICS,1,-2650,200,True
2025-12-18 22:20:32,InformationMaze,PHYSICS,2,-1670,186,True
2025-12-18 22:20:35,InformationMaze,PHYSICS,3,-1380,200,True
2025-12-18 22:20:38,InformationMaze,PHYSICS,4,-2920,177,True
2025-12-18 22:20:41,InformationMaze,PHYSICS,5,-1440,200,True
2025-12-18 22:20:44,InformationMaze,PHYSICS,6,-2980,200,True
2025-12-18 22:20:47,InformationMaze,PHYSICS,7,-2770,200,True
2025-12-18 22:20:49,InformationMaze,PHYSICS,8,-2340,134,True
2025-12-18 22:20:52,InformationMaze,PHYSICS,9,-2240,151,True
2025-12-18 22:20:53,InformationMaze,PHYSICS,10,-1320,73,True
2025-12-18 22:20:56,InformationMaze,RELATIVITY,1,-920,200,True
2025-12-18 22:20:59,InformationMaze,RELATIVITY,2,-2270,200,True
2025-12-18 22:21:02,InformationMaze,RELATIVITY,3,-1620,200,True
2025-12-18 22:21:05,InformationMaze,RELATIVITY,4,-2850,156,True
2025-12-18 22:21:06,InformationMaze,RELATIVITY,5,-1520,79,True
2025-12-18 22:21:09,InformationMaze,RELATIVITY,6,-1760,154,True
2025-12-18 22:21:10,InformationMaze,RELATIVITY,7,-1720,77,True
2025-12-18 22:21:13,InformationMaze,RELATIVITY,8,-2380,140,True
2025-12-18 22:21:15,InformationMaze,RELATIVITY,9,-870,147,True
2025-12-18 22:21:18,InformationMaze,RELATIVITY,10,-2130,200,True
2025-12-18 22:21:21,InformationMaze,INFORMATION,1,-3470,162,True
2025-12-18 22:21:24,InformationMaze,INFORMATION,2,-3010,200,True
2025-12-18 22:21:27,InformationMaze,INFORMATION,3,-1610,166,True
2025-12-18 22:21:30,InformationMaze,INFORMATION,4,-2520,200,True
2025-12-18 22:21:33,InformationMaze,INFORMATION,5,-2610,200,True
2025-12-18 22:21:36,InformationMaze,INFORMATION,6,-2110,200,True
2025-12-18 22:21:39,InformationMaze,INFORMATION,7,-2560,200,True
2025-12-18 22:21:42,InformationMaze,INFORMATION,8,-1410,143,True
2025-12-18 22:21:44,InformationMaze,INFORMATION,9,-2860,127,True
2025-12-18 22:21:45,InformationMaze,INFORMATION,10,-820,68,True
2025-12-18 22:23:07,Standard,QUANTUM,1,330,69,True
2025-12-18 22:23:08,Standard,QUANTUM,2,330,69,True
2025-12-18 22:23:09,Standard,QUANTUM,3,330,69,True
2025-12-18 22:23:09,Standard,QUANTUM,4,130,21,True
2025-12-18 22:23:10,Standard,QUANTUM,5,330,69,True
2025-12-18 22:23:12,Standard,QUANTUM,6,330,69,True
2025-12-18 22:23:13,Standard,QUANTUM,7,330,69,True
2025-12-18 22:23:14,Standard,QUANTUM,8,330,69,True
2025-12-18 22:23:15,Standard,QUANTUM,9,330,69,True
2025-12-18 22:23:16,Standard,QUANTUM,10,330,69,True
2025-12-18 22:23:17,Standard,QUANTUM,11,200,32,True
2025-12-18 22:23:18,Standard,QUANTUM,12,330,69,True
2025-12-18 22:23:19,Standard,QUANTUM,13,330,69,True
2025-12-18 22:23:20,Standard,QUANTUM,14,330,69,True
2025-12-18 22:23:21,Standard,QUANTUM,15,330,69,True
2025-12-18 22:23:23,Standard,QUANTUM,16,330,69,True
2025-12-18 22:23:23,Standard,QUANTUM,17,200,32,True
2025-12-18 22:23:24,Standard,QUANTUM,18,330,69,True
2025-12-18 22:23:26,Standard,QUANTUM,19,330,69,True
2025-12-18 22:23:27,Standard,QUANTUM,20,330,69,True
2025-12-18 22:23:28,Standard,PHYSICS,1,330,69,True
2025-12-18 22:23:29,Standard,PHYSICS,2,330,69,True
2025-12-18 22:23:30,Standard,PHYSICS,3,330,69,True
2025-12-18 22:23:32,Standard,PHYSICS,4,330,69,True
2025-12-18 22:23:33,Standard,PHYSICS,5,330,69,True
2025-12-18 22:23:34,Standard,PHYSICS,6,330,69,True
2025-12-18 22:23:35,Standard,PHYSICS,7,330,69,True
2025-12-18 22:23:36,Standard,PHYSICS,8,330,69,True
2025-12-18 22:23:38,Standard,PHYSICS,9,330,69,True
2025-12-18 22:23:39,Standard,PHYSICS,10,330,69,True
2025-12-18 22:23:40,Standard,PHYSICS,11,330,69,True
2025-12-18 22:23:41,Standard,PHYSICS,12,330,69,True
2025-12-18 22:23:42,Standard,PHYSICS,13,330,69,True
2025-12-18 22:23:44,Standard,PHYSICS,14,330,69,True
2025-12-18 22:23:45,Standard,PHYSICS,15,330,69,True
2025-12-18 22:23:46,Standard,PHYSICS,16,330,69,True
2025-12-18 22:23:47,Standard,PHYSICS,17,330,69,True
2025-12-18 22:23:48,Standard,PHYSICS,18,330,69,True
2025-12-18 22:23:50,Standard,PHYSICS,19,330,69,True
2025-12-18 22:23:51,Standard,PHYSICS,20,330,69,True
2025-12-18 22:23:52,Standard,RELATIVITY,1,330,69,True
2025-12-18 22:23:53,Standard,RELATIVITY,2,330,69,True
2025-12-18 22:23:54,Standard,RELATIVITY,3,330,69,True
2025-12-18 22:23:56,Standard,RELATIVITY,4,330,69,True
2025-12-18 22:23:57,Standard,RELATIVITY,5,330,69,True
2025-12-18 22:23:58,Standard,RELATIVITY,6,330,69,True
2025-12-18 22:23:59,Standard,RELATIVITY,7,330,69,True
2025-12-18 22:24:00,Standard,RELATIVITY,8,330,69,True
2025-12-18 22:24:02,Standard,RELATIVITY,9,330,69,True
2025-12-18 22:24:03,Standard,RELATIVITY,10,330,69,True
2025-12-18 22:24:04,Standard,RELATIVITY,11,330,69,True
2025-12-18 22:24:05,Standard,RELATIVITY,12,330,69,True
2025-12-18 22:24:06,Standard,RELATIVITY,13,330,69,True
2025-12-18 22:24:08,Standard,RELATIVITY,14,330,69,True
2025-12-18 22:24:09,Standard,RELATIVITY,15,330,69,True
2025-12-18 22:24:10,Standard,RELATIVITY,16,330,69,True
2025-12-18 22:24:11,Standard,RELATIVITY,17,330,69,True
2025-12-18 22:24:12,Standard,RELATIVITY,18,330,69,True
2025-12-18 22:24:14,Standard,RELATIVITY,19,330,69,True
2025-12-18 22:24:15,Standard,RELATIVITY,20,330,69,True
2025-12-18 22:24:16,Standard,INFORMATION,1,330,69,True
2025-12-18 22:24:17,Standard,INFORMATION,2,330,69,True
2025-12-18 22:24:19,Standard,INFORMATION,3,330,69,True
2025-12-18 22:24:20,Standard,INFORMATION,4,330,69,True
2025-12-18 22:24:21,Standard,INFORMATION,5,330,69,True
2025-12-18 22:24:22,Standard,INFORMATION,6,330,69,True
2025-12-18 22:24:24,Standard,INFORMATION,7,330,69,True
2025-12-18 22:24:25,Standard,INFORMATION,8,330,69,True
2025-12-18 22:24:26,Standard,INFORMATION,9,330,69,True
2025-12-18 22:24:27,Standard,INFORMATION,10,330,69,True
2025-12-18 22:24:28,Standard,INFORMATION,11,330,69,True
2025-12-18 22:24:30,Standard,INFORMATION,12,330,69,True
2025-12-18 22:24:31,Standard,INFORMATION,13,330,69,True
2025-12-18 22:24:32,Standard,INFORMATION,14,330,69,True
2025-12-18 22:24:33,Standard,INFORMATION,15,330,69,True
2025-12-18 22:24:35,Standard,INFORMATION,16,330,69,True
2025-12-18 22:24:36,Standard,INFORMATION,17,330,69,True
2025-12-18 22:24:37,Standard,INFORMATION,18,330,69,True
2025-12-18 22:24:38,Standard,INFORMATION,19,330,69,True
2025-12-18 22:24:39,Standard,INFORMATION,20,330,69,True
2025-12-18 22:24:40,QuantumMaze,QUANTUM,1,80,20,True
2025-12-18 22:24:40,QuantumMaze,QUANTUM,2,80,20,True
2025-12-18 22:24:41,QuantumMaze,QUANTUM,3,80,20,True
2025-12-18 22:24:41,QuantumMaze,QUANTUM,4,80,20,True
2025-12-18 22:24:42,QuantumMaze,QUANTUM,5,210,39,True
2025-12-18 22:24:42,QuantumMaze,QUANTUM,6,70,35,True
2025-12-18 22:24:45,QuantumMaze,QUANTUM,7,1120,200,True
2025-12-18 22:24:46,QuantumMaze,QUANTUM,8,70,35,True
2025-12-18 22:24:49,QuantumMaze,QUANTUM,9,910,200,True
2025-12-18 22:24:49,QuantumMaze,QUANTUM,10,70,35,True
2025-12-18 22:24:52,QuantumMaze,QUANTUM,11,910,200,True
2025-12-18 22:24:53,QuantumMaze,QUANTUM,12,70,35,True
2025-12-18 22:24:56,QuantumMaze,QUANTUM,13,1380,200,True
2025-12-18 22:24:56,QuantumMaze,QUANTUM,14,70,35,True
2025-12-18 22:25:00,QuantumMaze,QUANTUM,15,1380,200,True
2025-12-18 22:25:00,QuantumMaze,QUANTUM,16,70,35,True
2025-12-18 22:25:03,QuantumMaze,QUANTUM,17,1380,200,True
2025-12-18 22:25:04,QuantumMaze,QUANTUM,18,250,40,True
2025-12-18 22:25:07,QuantumMaze,QUANTUM,19,970,200,True
2025-12-18 22:25:10,QuantumMaze,QUANTUM,20,970,200,True
2025-12-18 22:25:13,QuantumMaze,PHYSICS,1,970,200,True
2025-12-18 22:25:14,QuantumMaze,PHYSICS,2,70,35,True
2025-12-18 22:25:14,QuantumMaze,PHYSICS,3,70,35,True
2025-12-18 22:25:15,QuantumMaze,PHYSICS,4,70,35,True
2025-12-18 22:25:16,QuantumMaze,PHYSICS,5,70,35,True
2025-12-18 22:25:19,QuantumMaze,PHYSICS,6,970,200,True
2025-12-18 22:25:19,QuantumMaze,PHYSICS,7,70,35,True
2025-12-18 22:25:20,QuantumMaze,PHYSICS,8,70,35,True
2025-12-18 22:25:20,QuantumMaze,PHYSICS,9,70,35,True
2025-12-18 22:25:21,QuantumMaze,PHYSICS,10,70,35,True
2025-12-18 22:25:24,QuantumMaze,PHYSICS,11,1490,200,True
2025-12-18 22:25:25,QuantumMaze,PHYSICS,12,70,35,True
2025-12-18 22:25:25,QuantumMaze,PHYSICS,13,70,35,True
2025-12-18 22:25:26,QuantumMaze,PHYSICS,14,70,35,True
2025-12-18 22:25:27,QuantumMaze,PHYSICS,15,70,35,True
2025-12-18 22:25:30,QuantumMaze,PHYSICS,16,950,200,True
2025-12-18 22:25:30,QuantumMaze,PHYSICS,17,70,35,True
2025-12-18 22:25:31,QuantumMaze,PHYSICS,18,70,35,True
2025-12-18 22:25:31,QuantumMaze,PHYSICS,19,70,35,True
2025-12-18 22:25:32,QuantumMaze,PHYSICS,20,70,35,True
2025-12-18 22:25:35,QuantumMaze,RELATIVITY,1,900,200,True
2025-12-18 22:25:36,QuantumMaze,RELATIVITY,2,70,35,True
2025-12-18 22:25:39,QuantumMaze,RELATIVITY,3,900,200,True
2025-12-18 22:25:40,QuantumMaze,RELATIVITY,4,70,35,True
2025-12-18 22:25:43,QuantumMaze,RELATIVITY,5,900,200,True
2025-12-18 22:25:44,QuantumMaze,RELATIVITY,6,80,35,True
2025-12-18 22:25:47,QuantumMaze,RELATIVITY,7,1490,200,True
2025-12-18 22:25:48,QuantumMaze,RELATIVITY,8,250,40,True
2025-12-18 22:25:48,QuantumMaze,RELATIVITY,9,70,35,True
2025-12-18 22:25:49,QuantumMaze,RELATIVITY,10,70,35,True
2025-12-18 22:25:52,QuantumMaze,RELATIVITY,11,1490,200,True
2025-12-18 22:25:53,QuantumMaze,RELATIVITY,12,250,40,True
2025-12-18 22:25:53,QuantumMaze,RELATIVITY,13,70,35,True
2025-12-18 22:25:54,QuantumMaze,RELATIVITY,14,70,35,True
2025-12-18 22:25:54,QuantumMaze,RELATIVITY,15,70,35,True
2025-12-18 22:25:58,QuantumMaze,RELATIVITY,16,1490,200,True
2025-12-18 22:25:58,QuantumMaze,RELATIVITY,17,250,40,True
2025-12-18 22:25:59,QuantumMaze,RELATIVITY,18,70,35,True
2025-12-18 22:26:00,QuantumMaze,RELATIVITY,19,70,35,True
2025-12-18 22:26:00,QuantumMaze,RELATIVITY,20,70,35,True
2025-12-18 22:26:03,QuantumMaze,INFORMATION,1,950,200,True
2025-12-18 22:26:04,QuantumMaze,INFORMATION,2,250,40,True
2025-12-18 22:26:05,QuantumMaze,INFORMATION,3,70,35,True
2025-12-18 22:26:05,QuantumMaze,INFORMATION,4,70,35,True
2025-12-18 22:26:06,QuantumMaze,INFORMATION,5,70,35,True
2025-12-18 22:26:09,QuantumMaze,INFORMATION,6,950,200,True
2025-12-18 22:26:10,QuantumMaze,INFORMATION,7,250,40,True
2025-12-18 22:26:10,QuantumMaze,INFORMATION,8,70,35,True
2025-12-18 22:26:11,QuantumMaze,INFORMATION,9,70,35,True
2025-12-18 22:26:12,QuantumMaze,INFORMATION,10,70,35,True
2025-12-18 22:26:15,QuantumMaze,INFORMATION,11,950,200,True
2025-12-18 22:26:16,QuantumMaze,INFORMATION,12,250,40,True
2025-12-18 22:26:16,QuantumMaze,INFORMATION,13,70,35,True
2025-12-18 22:26:17,QuantumMaze,INFORMATION,14,70,35,True
2025-12-18 22:26:17,QuantumMaze,INFORMATION,15,70,35,True
2025-12-18 22:26:21,QuantumMaze,INFORMATION,16,950,200,True
2025-12-18 22:26:21,QuantumMaze,INFORMATION,17,250,40,True
2025-12-18 22:26:22,QuantumMaze,INFORMATION,18,70,35,True
2025-12-18 22:26:22,QuantumMaze,INFORMATION,19,70,35,True
2025-12-18 22:26:23,QuantumMaze,INFORMATION,20,70,35,True
2025-12-18 22:26:26,PhysicsMaze,QUANTUM,1,100,200,True
2025-12-18 22:26:27,PhysicsMaze,QUANTUM,2,240,45,True
2025-12-18 22:26:28,PhysicsMaze,QUANTUM,3,220,40,True
2025-12-18 22:26:29,PhysicsMaze,QUANTUM,4,260,40,True
2025-12-18 22:26:32,PhysicsMaze,QUANTUM,5,100,200,True
2025-12-18 22:26:33,PhysicsMaze,QUANTUM,6,240,45,True
2025-12-18 22:26:33,PhysicsMaze,QUANTUM,7,240,35,True
2025-12-18 22:26:34,PhysicsMaze,QUANTUM,8,260,40,True
2025-12-18 22:26:35,PhysicsMaze,QUANTUM,9,220,40,True
2025-12-18 22:26:36,PhysicsMaze,QUANTUM,10,240,45,True
2025-12-18 22:26:36,PhysicsMaze,QUANTUM,11,220,40,True
2025-12-18 22:26:37,PhysicsMaze,QUANTUM,12,240,45,True
2025-12-18 22:26:38,PhysicsMaze,QUANTUM,13,270,55,True
2025-12-18 22:26:39,PhysicsMaze,QUANTUM,14,240,45,True
2025-12-18 22:26:43,PhysicsMaze,QUANTUM,15,100,200,True
2025-12-18 22:26:43,PhysicsMaze,QUANTUM,16,240,45,True
2025-12-18 22:26:44,PhysicsMaze,QUANTUM,17,220,40,True
2025-12-18 22:26:45,PhysicsMaze,QUANTUM,18,260,40,True
2025-12-18 22:26:46,PhysicsMaze,QUANTUM,19,240,45,True
2025-12-18 22:26:46,PhysicsMaze,QUANTUM,20,260,40,True
2025-12-18 22:26:50,PhysicsMaze,PHYSICS,1,90,200,True
2025-12-18 22:26:51,PhysicsMaze,PHYSICS,2,260,40,True
2025-12-18 22:26:51,PhysicsMaze,PHYSICS,3,260,40,True
2025-12-18 22:26:52,PhysicsMaze,PHYSICS,4,240,45,True
2025-12-18 22:26:53,PhysicsMaze,PHYSICS,5,270,55,True
2025-12-18 22:26:54,PhysicsMaze,PHYSICS,6,260,40,True
2025-12-18 22:26:57,PhysicsMaze,PHYSICS,7,90,200,True
2025-12-18 22:26:58,PhysicsMaze,PHYSICS,8,240,45,True
2025-12-18 22:27:01,PhysicsMaze,PHYSICS,9,90,200,True
2025-12-18 22:27:02,PhysicsMaze,PHYSICS,10,240,45,True
2025-12-18 22:27:06,PhysicsMaze,PHYSICS,11,90,200,True
2025-12-18 22:27:07,PhysicsMaze,PHYSICS,12,240,45,True
2025-12-18 22:27:10,PhysicsMaze,PHYSICS,13,100,200,True
2025-12-18 22:27:11,PhysicsMaze,PHYSICS,14,240,45,True
2025-12-18 22:27:12,PhysicsMaze,PHYSICS,15,240,45,True
2025-12-18 22:27:15,PhysicsMaze,PHYSICS,16,90,200,True
2025-12-18 22:27:16,PhysicsMaze,PHYSICS,17,260,40,True
2025-12-18 22:27:17,PhysicsMaze,PHYSICS,18,240,45,True
2025-12-18 22:27:18,PhysicsMaze,PHYSICS,19,260,40,True
2025-12-18 22:27:21,PhysicsMaze,PHYSICS,20,90,200,True
2025-12-18 22:27:22,PhysicsMaze,RELATIVITY,1,240,45,True
2025-12-18 22:27:23,PhysicsMaze,RELATIVITY,2,260,40,True
2025-12-18 22:27:24,PhysicsMaze,RELATIVITY,3,240,45,True
2025-12-18 22:27:27,PhysicsMaze,RELATIVITY,4,90,200,True
2025-12-18 22:27:28,PhysicsMaze,RELATIVITY,5,260,40,True
2025-12-18 22:27:29,PhysicsMaze,RELATIVITY,6,240,45,True
2025-12-18 22:27:29,PhysicsMaze,RELATIVITY,7,240,45,True
2025-12-18 22:27:30,PhysicsMaze,RELATIVITY,8,270,45,True
2025-12-18 22:27:31,PhysicsMaze,RELATIVITY,9,240,45,True
2025-12-18 22:27:32,PhysicsMaze,RELATIVITY,10,260,40,True
2025-12-18 22:27:33,PhysicsMaze,RELATIVITY,11,270,45,True
2025-12-18 22:27:34,PhysicsMaze,RELATIVITY,12,240,45,True
2025-12-18 22:27:34,PhysicsMaze,RELATIVITY,13,270,45,True
2025-12-18 22:27:35,PhysicsMaze,RELATIVITY,14,260,40,True
2025-12-18 22:27:36,PhysicsMaze,RELATIVITY,15,260,40,True
2025-12-18 22:27:37,PhysicsMaze,RELATIVITY,16,270,45,True
2025-12-18 22:27:37,PhysicsMaze,RELATIVITY,17,240,45,True
2025-12-18 22:27:38,PhysicsMaze,RELATIVITY,18,150,40,True
2025-12-18 22:27:39,PhysicsMaze,RELATIVITY,19,240,45,True
2025-12-18 22:27:40,PhysicsMaze,RELATIVITY,20,260,40,True
2025-12-18 22:27:40,PhysicsMaze,INFORMATION,1,260,40,True
2025-12-18 22:27:41,PhysicsMaze,INFORMATION,2,260,40,True
2025-12-18 22:27:42,PhysicsMaze,INFORMATION,3,240,45,True
2025-12-18 22:27:43,PhysicsMaze,INFORMATION,4,260,40,True
2025-12-18 22:27:44,PhysicsMaze,INFORMATION,5,260,40,True
2025-12-18 22:27:44,PhysicsMaze,INFORMATION,6,260,40,True
2025-12-18 22:27:45,PhysicsMaze,INFORMATION,7,260,45,True
2025-12-18 22:27:46,PhysicsMaze,INFORMATION,8,220,40,True
2025-12-18 22:27:47,PhysicsMaze,INFORMATION,9,150,40,True
2025-12-18 22:27:48,PhysicsMaze,INFORMATION,10,240,45,True
2025-12-18 22:27:48,PhysicsMaze,INFORMATION,11,240,45,True
2025-12-18 22:27:49,PhysicsMaze,INFORMATION,12,260,40,True
2025-12-18 22:27:50,PhysicsMaze,INFORMATION,13,240,45,True
2025-12-18 22:27:51,PhysicsMaze,INFORMATION,14,260,40,True
2025-12-18 22:27:52,PhysicsMaze,INFORMATION,15,260,40,True
2025-12-18 22:27:52,PhysicsMaze,INFORMATION,16,260,40,True
2025-12-18 22:27:53,PhysicsMaze,INFORMATION,17,260,45,True
2025-12-18 22:27:54,PhysicsMaze,INFORMATION,18,240,45,True
2025-12-18 22:27:55,PhysicsMaze,INFORMATION,19,240,45,True
2025-12-18 22:27:56,PhysicsMaze,INFORMATION,20,260,40,True
2025-12-18 22:27:57,RelativityMaze,QUANTUM,1,670,76,True
2025-12-18 22:27:59,RelativityMaze,QUANTUM,2,670,81,True
2025-12-18 22:28:02,RelativityMaze,QUANTUM,3,970,200,True
2025-12-18 22:28:04,RelativityMaze,QUANTUM,4,700,149,True
2025-12-18 22:28:06,RelativityMaze,QUANTUM,5,710,82,True
2025-12-18 22:28:08,RelativityMaze,QUANTUM,6,710,83,True
2025-12-18 22:28:11,RelativityMaze,QUANTUM,7,970,200,True
2025-12-18 22:28:13,RelativityMaze,QUANTUM,8,700,149,True
2025-12-18 22:28:15,RelativityMaze,QUANTUM,9,710,83,True
2025-12-18 22:28:17,RelativityMaze,QUANTUM,10,710,83,True
2025-12-18 22:28:19,RelativityMaze,QUANTUM,11,750,99,True
2025-12-18 22:28:20,RelativityMaze,QUANTUM,12,730,84,True
2025-12-18 22:28:22,RelativityMaze,QUANTUM,13,730,84,True
2025-12-18 22:28:23,RelativityMaze,QUANTUM,14,730,84,True
2025-12-18 22:28:26,RelativityMaze,QUANTUM,15,660,138,True
2025-12-18 22:28:28,RelativityMaze,QUANTUM,16,700,149,True
2025-12-18 22:28:30,RelativityMaze,QUANTUM,17,730,84,True
2025-12-18 22:28:32,RelativityMaze,QUANTUM,18,730,84,True
2025-12-18 22:28:33,RelativityMaze,QUANTUM,19,730,84,True
2025-12-18 22:28:35,RelativityMaze,QUANTUM,20,660,138,True
2025-12-18 22:28:38,RelativityMaze,PHYSICS,1,700,149,True
2025-12-18 22:28:40,RelativityMaze,PHYSICS,2,820,75,True
2025-12-18 22:28:43,RelativityMaze,PHYSICS,3,700,149,True
2025-12-18 22:28:44,RelativityMaze,PHYSICS,4,820,75,True
2025-12-18 22:28:47,RelativityMaze,PHYSICS,5,700,149,True
2025-12-18 22:28:49,RelativityMaze,PHYSICS,6,730,84,True
2025-12-18 22:28:51,RelativityMaze,PHYSICS,7,730,84,True
2025-12-18 22:28:52,RelativityMaze,PHYSICS,8,730,84,True
2025-12-18 22:28:54,RelativityMaze,PHYSICS,9,730,84,True
2025-12-18 22:28:55,RelativityMaze,PHYSICS,10,730,84,True
2025-12-18 22:28:57,RelativityMaze,PHYSICS,11,730,84,True
2025-12-18 22:28:59,RelativityMaze,PHYSICS,12,730,84,True
2025-12-18 22:29:00,RelativityMaze,PHYSICS,13,730,84,True
2025-12-18 22:29:02,RelativityMaze,PHYSICS,14,730,84,True
2025-12-18 22:29:04,RelativityMaze,PHYSICS,15,730,84,True
2025-12-18 22:29:05,RelativityMaze,PHYSICS,16,730,84,True
2025-12-18 22:29:07,RelativityMaze,PHYSICS,17,730,84,True
2025-12-18 22:29:09,RelativityMaze,PHYSICS,18,730,84,True
2025-12-18 22:29:10,RelativityMaze,PHYSICS,19,730,84,True
2025-12-18 22:29:12,RelativityMaze,PHYSICS,20,730,84,True
2025-12-18 22:29:13,RelativityMaze,RELATIVITY,1,730,84,True
2025-12-18 22:29:15,RelativityMaze,RELATIVITY,2,730,84,True
2025-12-18 22:29:17,RelativityMaze,RELATIVITY,3,670,76,True
2025-12-18 22:29:18,RelativityMaze,RELATIVITY,4,670,76,True
2025-12-18 22:29:20,RelativityMaze,RELATIVITY,5,730,84,True
2025-12-18 22:29:21,RelativityMaze,RELATIVITY,6,670,76,True
2025-12-18 22:29:23,RelativityMaze,RELATIVITY,7,670,76,True
2025-12-18 22:29:24,RelativityMaze,RELATIVITY,8,670,78,True
2025-12-18 22:29:26,RelativityMaze,RELATIVITY,9,670,76,True
2025-12-18 22:29:27,RelativityMaze,RELATIVITY,10,670,76,True
2025-12-18 22:29:29,RelativityMaze,RELATIVITY,11,670,76,True
2025-12-18 22:29:30,RelativityMaze,RELATIVITY,12,670,76,True
2025-12-18 22:29:32,RelativityMaze,RELATIVITY,13,670,78,True
2025-12-18 22:29:33,RelativityMaze,RELATIVITY,14,670,76,True
2025-12-18 22:29:35,RelativityMaze,RELATIVITY,15,670,76,True
2025-12-18 22:29:36,RelativityMaze,RELATIVITY,16,670,76,True
2025-12-18 22:29:38,RelativityMaze,RELATIVITY,17,670,76,True
2025-12-18 22:29:39,RelativityMaze,RELATIVITY,18,670,78,True
2025-12-18 22:29:41,RelativityMaze,RELATIVITY,19,670,76,True
2025-12-18 22:29:42,RelativityMaze,RELATIVITY,20,670,76,True
2025-12-18 22:29:44,RelativityMaze,INFORMATION,1,670,76,True
2025-12-18 22:29:45,RelativityMaze,INFORMATION,2,690,86,True
2025-12-18 22:29:47,RelativityMaze,INFORMATION,3,670,78,True
2025-12-18 22:29:48,RelativityMaze,INFORMATION,4,670,78,True
2025-12-18 22:29:50,RelativityMaze,INFORMATION,5,670,78,True
2025-12-18 22:29:52,RelativityMaze,INFORMATION,6,690,86,True
2025-12-18 22:29:53,RelativityMaze,INFORMATION,7,670,78,True
2025-12-18 22:29:55,RelativityMaze,INFORMATION,8,670,78,True
2025-12-18 22:29:56,RelativityMaze,INFORMATION,9,670,78,True
2025-12-18 22:29:58,RelativityMaze,INFORMATION,10,690,86,True
2025-12-18 22:29:59,RelativityMaze,INFORMATION,11,670,78,True
2025-12-18 22:30:01,RelativityMaze,INFORMATION,12,670,78,True
2025-12-18 22:30:02,RelativityMaze,INFORMATION,13,670,78,True
2025-12-18 22:30:04,RelativityMaze,INFORMATION,14,800,73,True
2025-12-18 22:30:05,RelativityMaze,INFORMATION,15,830,73,True
2025-12-18 22:30:08,RelativityMaze,INFORMATION,16,950,116,True
2025-12-18 22:30:09,RelativityMaze,INFORMATION,17,730,84,True
2025-12-18 22:30:11,RelativityMaze,INFORMATION,18,670,78,True
2025-12-18 22:30:13,RelativityMaze,INFORMATION,19,670,78,True
2025-12-18 22:30:14,RelativityMaze,INFORMATION,20,730,84,True
2025-12-18 22:30:15,InformationMaze,QUANTUM,1,-860,58,True
2025-12-18 22:30:16,InformationMaze,QUANTUM,2,-290,38,True
2025-12-18 22:30:17,InformationMaze,QUANTUM,3,-470,36,True
2025-12-18 22:30:18,InformationMaze,QUANTUM,4,-970,74,True
2025-12-18 22:30:21,InformationMaze,QUANTUM,5,-1950,200,True
2025-12-18 22:30:25,InformationMaze,QUANTUM,6,-1950,200,True
2025-12-18 22:30:28,InformationMaze,QUANTUM,7,-1950,200,True
2025-12-18 22:30:29,InformationMaze,QUANTUM,8,-490,41,True
2025-12-18 22:30:32,InformationMaze,QUANTUM,9,-950,200,True
2025-12-18 22:30:36,InformationMaze,QUANTUM,10,-970,200,True
2025-12-18 22:30:39,InformationMaze,QUANTUM,11,-1950,200,True
2025-12-18 22:30:42,InformationMaze,QUANTUM,12,-1950,200,True
2025-12-18 22:30:45,InformationMaze,QUANTUM,13,-1950,200,True
2025-12-18 22:30:46,InformationMaze,QUANTUM,14,-490,41,True
2025-12-18 22:30:50,InformationMaze,QUANTUM,15,-970,200,True
2025-12-18 22:30:53,InformationMaze,QUANTUM,16,-900,200,True
2025-12-18 22:30:53,InformationMaze,QUANTUM,17,-370,30,True
2025-12-18 22:30:57,InformationMaze,QUANTUM,18,-690,200,True
2025-12-18 22:31:00,InformationMaze,QUANTUM,19,-690,200,True
2025-12-18 22:31:03,InformationMaze,QUANTUM,20,-770,200,True
2025-12-18 22:31:07,InformationMaze,PHYSICS,1,-690,200,True
2025-12-18 22:31:10,InformationMaze,PHYSICS,2,-690,200,True
2025-12-18 22:31:13,InformationMaze,PHYSICS,3,-770,200,True
2025-12-18 22:31:17,InformationMaze,PHYSICS,4,-2210,168,True
2025-12-18 22:31:20,InformationMaze,PHYSICS,5,-1950,200,True
2025-12-18 22:31:23,InformationMaze,PHYSICS,6,-1950,200,True
2025-12-18 22:31:26,InformationMaze,PHYSICS,7,-1950,200,True
2025-12-18 22:31:30,InformationMaze,PHYSICS,8,-1950,200,True
2025-12-18 22:31:33,InformationMaze,PHYSICS,9,-1950,200,True
2025-12-18 22:31:36,InformationMaze,PHYSICS,10,-1950,200,True
2025-12-18 22:31:40,InformationMaze,PHYSICS,11,-1950,200,True
2025-12-18 22:31:43,InformationMaze,PHYSICS,12,-1950,200,True
2025-12-18 22:31:46,InformationMaze,PHYSICS,13,-1950,200,True
2025-12-18 22:31:49,InformationMaze,PHYSICS,14,-1950,200,True
2025-12-18 22:31:53,InformationMaze,PHYSICS,15,-1950,200,True
2025-12-18 22:31:56,InformationMaze,PHYSICS,16,-1950,200,True
2025-12-18 22:31:59,InformationMaze,PHYSICS,17,-1950,200,True
2025-12-18 22:32:02,InformationMaze,PHYSICS,18,-1950,200,True
2025-12-18 22:32:06,InformationMaze,PHYSICS,19,-1950,200,True
2025-12-18 22:32:09,InformationMaze,PHYSICS,20,-1950,200,True
2025-12-18 22:32:13,InformationMaze,RELATIVITY,1,-1950,200,True
2025-12-18 22:32:16,InformationMaze,RELATIVITY,2,-1950,200,True
2025-12-18 22:32:19,InformationMaze,RELATIVITY,3,-1950,200,True
2025-12-18 22:32:22,InformationMaze,RELATIVITY,4,-1950,200,True
2025-12-18 22:32:26,InformationMaze,RELATIVITY,5,-1950,200,True
2025-12-18 22:32:29,InformationMaze,RELATIVITY,6,-1950,200,True
2025-12-18 22:32:32,InformationMaze,RELATIVITY,7,-1950,200,True
2025-12-18 22:32:36,InformationMaze,RELATIVITY,8,-1950,200,True
2025-12-18 22:32:39,InformationMaze,RELATIVITY,9,-1950,200,True
2025-12-18 22:32:42,InformationMaze,RELATIVITY,10,-1950,200,True
2025-12-18 22:32:46,InformationMaze,RELATIVITY,11,-1950,200,True
2025-12-18 22:32:49,InformationMaze,RELATIVITY,12,-1950,200,True
2025-12-18 22:32:53,InformationMaze,RELATIVITY,13,-1950,200,True
2025-12-18 22:32:56,InformationMaze,RELATIVITY,14,-1950,200,True
2025-12-18 22:32:59,InformationMaze,RELATIVITY,15,-1950,200,True
2025-12-18 22:33:03,InformationMaze,RELATIVITY,16,-1950,200,True
2025-12-18 22:33:06,InformationMaze,RELATIVITY,17,-1950,200,True
2025-12-18 22:33:09,InformationMaze,RELATIVITY,18,-1950,200,True
2025-12-18 22:33:13,InformationMaze,RELATIVITY,19,-890,200,True
2025-12-18 22:33:16,InformationMaze,RELATIVITY,20,-900,200,True
2025-12-18 22:33:20,InformationMaze,INFORMATION,1,-900,200,True
2025-12-18 22:33:20,InformationMaze,INFORMATION,2,-490,41,True
2025-12-18 22:33:24,InformationMaze,INFORMATION,3,-900,200,True
2025-12-18 22:33:27,InformationMaze,INFORMATION,4,-900,200,True
2025-12-18 22:33:31,InformationMaze,INFORMATION,5,-970,200,True
2025-12-18 22:33:34,InformationMaze,INFORMATION,6,-990,200,True
2025-12-18 22:33:37,InformationMaze,INFORMATION,7,-3380,200,True
2025-12-18 22:33:40,InformationMaze,INFORMATION,8,-780,200,True
2025-12-18 22:33:42,InformationMaze,INFORMATION,9,-890,110,True
2025-12-18 22:33:43,InformationMaze,INFORMATION,10,-490,41,True
2025-12-18 22:33:47,InformationMaze,INFORMATION,11,-900,200,True
2025-12-18 22:33:50,InformationMaze,INFORMATION,12,-3380,200,True
2025-12-18 22:33:53,InformationMaze,INFORMATION,13,-780,200,True
2025-12-18 22:33:55,InformationMaze,INFORMATION,14,-890,110,True
2025-12-18 22:33:56,InformationMaze,INFORMATION,15,-490,41,True
2025-12-18 22:33:59,InformationMaze,INFORMATION,16,-900,200,True
2025-12-18 22:34:03,InformationMaze,INFORMATION,17,-990,200,True
2025-12-18 22:34:04,InformationMaze,INFORMATION,18,-490,41,True
2025-12-18 22:34:06,InformationMaze,INFORMATION,19,-900,110,True
2025-12-18 22:34:08,InformationMaze,INFORMATION,20,-900,110,True
2025-12-18 22:58:30,Standard,QUANTUM,1,150,38,True
2025-12-18 22:58:30,Standard,QUANTUM,2,150,38,True
2025-12-18 22:58:31,Standard,QUANTUM,3,150,38,True
2025-12-18 22:58:32,Standard,PHYSICS,1,150,38,True
2025-12-18 22:58:32,Standard,PHYSICS,2,150,38,True
2025-12-18 22:58:33,Standard,PHYSICS,3,80,15,True
2025-12-18 22:58:33,Standard,RELATIVITY,1,100,24,True
2025-12-18 22:58:34,Standard,RELATIVITY,2,150,38,True
2025-12-18 22:58:34,Standard,RELATIVITY,3,150,38,True
2025-12-18 22:58:35,Standard,INFORMATION,1,150,38,True
2025-12-18 22:58:35,Standard,INFORMATION,2,100,18,True
2025-12-18 22:58:36,Standard,INFORMATION,3,150,38,True
2025-12-18 22:58:39,QuantumMaze,QUANTUM,1,1190,200,True
2025-12-18 22:58:40,QuantumMaze,QUANTUM,2,130,21,True
2025-12-18 22:58:43,QuantumMaze,QUANTUM,3,1080,200,True
2025-12-18 22:58:45,QuantumMaze,PHYSICS,1,430,88,True
2025-12-18 22:58:46,QuantumMaze,PHYSICS,2,690,76,True
2025-12-18 22:58:47,QuantumMaze,PHYSICS,3,690,76,True
2025-12-18 22:58:49,QuantumMaze,RELATIVITY,1,690,76,True
2025-12-18 22:58:52,QuantumMaze,RELATIVITY,2,900,200,True
2025-12-18 22:58:56,QuantumMaze,RELATIVITY,3,1270,200,True
2025-12-18 22:58:57,QuantumMaze,INFORMATION,1,870,97,True
2025-12-18 22:58:59,QuantumMaze,INFORMATION,2,430,88,True
2025-12-18 22:59:01,QuantumMaze,INFORMATION,3,690,90,True
2025-12-18 22:59:05,PhysicsMaze,QUANTUM,1,80,200,True
2025-12-18 22:59:05,PhysicsMaze,QUANTUM,2,230,40,True
2025-12-18 22:59:06,PhysicsMaze,QUANTUM,3,240,45,True
2025-12-18 22:59:10,PhysicsMaze,PHYSICS,1,80,200,True
2025-12-18 22:59:14,PhysicsMaze,PHYSICS,2,80,200,True
2025-12-18 22:59:18,PhysicsMaze,PHYSICS,3,80,200,True
2025-12-18 22:59:19,PhysicsMaze,RELATIVITY,1,320,60,True
2025-12-18 22:59:23,PhysicsMaze,RELATIVITY,2,80,200,True
